date,product_id,warehouse_id,opening_stock,receipts,demand,closing_stock,stockout_units
2025-01-01,PROD001,WH001,202,0,12,190,0
2025-01-01,PROD002,WH001,448,0,6,442,0
2025-01-01,PROD003,WH002,370,0,7,363,0
2025-01-01,PROD004,WH002,206,0,23,183,0
2025-01-01,PROD005,WH003,171,0,15,156,0
2025-01-01,PROD006,WH003,288,0,13,275,0
2025-01-01,PROD007,WH003,120,0,16,104,0
2025-01-01,PROD008,WH003,202,0,279,0,77
2025-01-01,PROD009,WH004,221,0,41,180,0
2025-01-01,PROD010,WH001,314,0,32,282,0
2025-01-01,PROD011,WH001,430,0,79,351,0
2025-01-01,PROD012,WH001,187,0,20,167,0
2025-01-01,PROD013,WH004,472,0,95,377,0
2025-01-01,PROD014,WH004,199,530,104,625,0
2025-01-01,PROD015,WH004,459,0,34,425,0
2025-01-01,PROD016,WH004,251,0,20,231,0
2025-01-01,PROD017,WH003,230,0,40,190,0
2025-01-01,PROD018,WH003,249,0,383,0,134
2025-01-01,PROD019,WH001,408,0,6,402,0
2025-01-01,PROD020,WH001,357,0,9,348,0
2025-01-02,PROD001,WH001,190,0,9,181,0
2025-01-02,PROD002,WH001,442,0,6,436,0
2025-01-02,PROD003,WH002,363,0,14,349,0
2025-01-02,PROD004,WH002,183,0,16,167,0
2025-01-02,PROD005,WH003,156,0,12,144,0
2025-01-02,PROD006,WH003,275,0,12,263,0
2025-01-02,PROD007,WH003,104,0,15,89,0
2025-01-02,PROD008,WH003,0,221,32,189,0
2025-01-02,PROD009,WH004,180,0,28,152,0
2025-01-02,PROD010,WH001,282,0,49,233,0
2025-01-02,PROD011,WH001,351,0,98,253,0
2025-01-02,PROD012,WH001,167,0,30,137,0
2025-01-02,PROD013,WH004,377,0,62,315,0
2025-01-02,PROD014,WH004,625,0,75,550,0
2025-01-02,PROD015,WH004,425,0,35,390,0
2025-01-02,PROD016,WH004,231,0,27,204,0
2025-01-02,PROD017,WH003,190,0,31,159,0
2025-01-02,PROD018,WH003,0,222,30,192,0
2025-01-02,PROD019,WH001,402,0,7,395,0
2025-01-02,PROD020,WH001,348,0,10,338,0
2025-01-03,PROD001,WH001,181,0,9,172,0
2025-01-03,PROD002,WH001,436,0,4,432,0
2025-01-03,PROD003,WH002,349,0,21,328,0
2025-01-03,PROD004,WH002,167,0,21,146,0
2025-01-03,PROD005,WH003,144,0,9,135,0
2025-01-03,PROD006,WH003,263,0,13,250,0
2025-01-03,PROD007,WH003,89,0,21,68,0
2025-01-03,PROD008,WH003,189,0,25,164,0
2025-01-03,PROD009,WH004,152,0,31,121,0
2025-01-03,PROD010,WH001,233,0,49,184,0
2025-01-03,PROD011,WH001,253,0,82,171,0
2025-01-03,PROD012,WH001,137,0,19,118,0
2025-01-03,PROD013,WH004,315,0,110,205,0
2025-01-03,PROD014,WH004,550,0,30,520,0
2025-01-03,PROD015,WH004,390,0,44,346,0
2025-01-03,PROD016,WH004,204,0,21,183,0
2025-01-03,PROD017,WH003,159,0,40,119,0
2025-01-03,PROD018,WH003,192,0,39,153,0
2025-01-03,PROD019,WH001,395,0,8,387,0
2025-01-03,PROD020,WH001,338,0,12,326,0
2025-01-04,PROD001,WH001,172,0,9,163,0
2025-01-04,PROD002,WH001,432,0,7,425,0
2025-01-04,PROD003,WH002,328,0,11,317,0
2025-01-04,PROD004,WH002,146,0,14,132,0
2025-01-04,PROD005,WH003,135,0,24,111,0
2025-01-04,PROD006,WH003,250,0,9,241,0
2025-01-04,PROD007,WH003,68,0,19,49,0
2025-01-04,PROD008,WH003,164,0,15,149,0
2025-01-04,PROD009,WH004,121,0,34,87,0
2025-01-04,PROD010,WH001,184,0,49,135,0
2025-01-04,PROD011,WH001,171,524,84,611,0
2025-01-04,PROD012,WH001,118,0,27,91,0
2025-01-04,PROD013,WH004,205,941,99,1047,0
2025-01-04,PROD014,WH004,520,0,83,437,0
2025-01-04,PROD015,WH004,346,0,45,301,0
2025-01-04,PROD016,WH004,183,0,27,156,0
2025-01-04,PROD017,WH003,119,278,38,359,0
2025-01-04,PROD018,WH003,153,0,19,134,0
2025-01-04,PROD019,WH001,387,0,9,378,0
2025-01-04,PROD020,WH001,326,0,8,318,0
2025-01-05,PROD001,WH001,163,0,8,155,0
2025-01-05,PROD002,WH001,425,0,8,417,0
2025-01-05,PROD003,WH002,317,0,10,307,0
2025-01-05,PROD004,WH002,132,0,22,110,0
2025-01-05,PROD005,WH003,111,0,25,86,0
2025-01-05,PROD006,WH003,241,0,8,233,0
2025-01-05,PROD007,WH003,49,117,24,142,0
2025-01-05,PROD008,WH003,149,0,34,115,0
2025-01-05,PROD009,WH004,87,246,45,288,0
2025-01-05,PROD010,WH001,135,0,43,92,0
2025-01-05,PROD011,WH001,611,0,68,543,0
2025-01-05,PROD012,WH001,91,0,21,70,0
2025-01-05,PROD013,WH004,1047,0,96,951,0
2025-01-05,PROD014,WH004,437,0,64,373,0
2025-01-05,PROD015,WH004,301,0,27,274,0
2025-01-05,PROD016,WH004,156,0,18,138,0
2025-01-05,PROD017,WH003,359,0,32,327,0
2025-01-05,PROD018,WH003,134,0,51,83,0
2025-01-05,PROD019,WH001,378,0,7,371,0
2025-01-05,PROD020,WH001,318,0,9,309,0
2025-01-06,PROD001,WH001,155,0,9,146,0
2025-01-06,PROD002,WH001,417,0,6,411,0
2025-01-06,PROD003,WH002,307,0,15,292,0
2025-01-06,PROD004,WH002,110,0,23,87,0
2025-01-06,PROD005,WH003,86,0,32,54,0
2025-01-06,PROD006,WH003,233,0,11,222,0
2025-01-06,PROD007,WH003,142,0,20,122,0
2025-01-06,PROD008,WH003,115,0,38,77,0
2025-01-06,PROD009,WH004,288,0,45,243,0
2025-01-06,PROD010,WH001,92,372,30,434,0
2025-01-06,PROD011,WH001,543,0,50,493,0
2025-01-06,PROD012,WH001,70,168,33,205,0
2025-01-06,PROD013,WH004,951,0,97,854,0
2025-01-06,PROD014,WH004,373,0,69,304,0
2025-01-06,PROD015,WH004,274,0,42,232,0
2025-01-06,PROD016,WH004,138,0,22,116,0
2025-01-06,PROD017,WH003,327,0,24,303,0
2025-01-06,PROD018,WH003,83,241,38,286,0
2025-01-06,PROD019,WH001,371,0,3,368,0
2025-01-06,PROD020,WH001,309,0,11,298,0
2025-01-07,PROD001,WH001,146,0,7,139,0
2025-01-07,PROD002,WH001,411,0,7,404,0
2025-01-07,PROD003,WH002,292,0,19,273,0
2025-01-07,PROD004,WH002,87,0,30,57,0
2025-01-07,PROD005,WH003,54,246,27,273,0
2025-01-07,PROD006,WH003,222,0,14,208,0
2025-01-07,PROD007,WH003,122,0,16,106,0
2025-01-07,PROD008,WH003,77,171,38,210,0
2025-01-07,PROD009,WH004,243,0,38,205,0
2025-01-07,PROD010,WH001,434,0,28,406,0
2025-01-07,PROD011,WH001,493,0,39,454,0
2025-01-07,PROD012,WH001,205,0,31,174,0
2025-01-07,PROD013,WH004,854,0,80,774,0
2025-01-07,PROD014,WH004,304,0,56,248,0
2025-01-07,PROD015,WH004,232,0,36,196,0
2025-01-07,PROD016,WH004,116,0,23,93,0
2025-01-07,PROD017,WH003,303,0,34,269,0
2025-01-07,PROD018,WH003,286,0,13,273,0
2025-01-07,PROD019,WH001,368,0,8,360,0
2025-01-07,PROD020,WH001,298,0,13,285,0
2025-01-08,PROD001,WH001,139,0,9,130,0
2025-01-08,PROD002,WH001,404,0,4,400,0
2025-01-08,PROD003,WH002,273,0,20,253,0
2025-01-08,PROD004,WH002,57,139,16,180,0
2025-01-08,PROD005,WH003,273,0,18,255,0
2025-01-08,PROD006,WH003,208,0,8,200,0
2025-01-08,PROD007,WH003,106,0,12,94,0
2025-01-08,PROD008,WH003,210,0,24,186,0
2025-01-08,PROD009,WH004,205,0,21,184,0
2025-01-08,PROD010,WH001,406,0,52,354,0
2025-01-08,PROD011,WH001,454,0,83,371,0
2025-01-08,PROD012,WH001,174,0,25,149,0
2025-01-08,PROD013,WH004,774,0,134,640,0
2025-01-08,PROD014,WH004,248,0,71,177,0
2025-01-08,PROD015,WH004,196,0,38,158,0
2025-01-08,PROD016,WH004,93,0,27,66,0
2025-01-08,PROD017,WH003,269,0,43,226,0
2025-01-08,PROD018,WH003,273,0,51,222,0
2025-01-08,PROD019,WH001,360,0,6,354,0
2025-01-08,PROD020,WH001,285,0,16,269,0
2025-01-09,PROD001,WH001,130,0,8,122,0
2025-01-09,PROD002,WH001,400,0,5,395,0
2025-01-09,PROD003,WH002,253,0,1,252,0
2025-01-09,PROD004,WH002,180,0,18,162,0
2025-01-09,PROD005,WH003,255,0,21,234,0
2025-01-09,PROD006,WH003,200,0,16,184,0
2025-01-09,PROD007,WH003,94,0,19,75,0
2025-01-09,PROD008,WH003,186,0,36,150,0
2025-01-09,PROD009,WH004,184,0,37,147,0
2025-01-09,PROD010,WH001,354,0,39,315,0
2025-01-09,PROD011,WH001,371,0,103,268,0
2025-01-09,PROD012,WH001,149,0,26,123,0
2025-01-09,PROD013,WH004,640,0,61,579,0
2025-01-09,PROD014,WH004,177,614,104,687,0
2025-01-09,PROD015,WH004,158,0,16,142,0
2025-01-09,PROD016,WH004,66,0,27,39,0
2025-01-09,PROD017,WH003,226,0,40,186,0
2025-01-09,PROD018,WH003,222,0,44,178,0
2025-01-09,PROD019,WH001,354,0,7,347,0
2025-01-09,PROD020,WH001,269,0,8,261,0
2025-01-10,PROD001,WH001,122,0,5,117,0
2025-01-10,PROD002,WH001,395,0,4,391,0
2025-01-10,PROD003,WH002,252,0,19,233,0
2025-01-10,PROD004,WH002,162,0,14,148,0
2025-01-10,PROD005,WH003,234,0,25,209,0
2025-01-10,PROD006,WH003,184,0,10,174,0
2025-01-10,PROD007,WH003,75,0,16,59,0
2025-01-10,PROD008,WH003,150,0,30,120,0
2025-01-10,PROD009,WH004,147,0,31,116,0
2025-01-10,PROD010,WH001,315,0,55,260,0
2025-01-10,PROD011,WH001,268,0,90,178,0
2025-01-10,PROD012,WH001,123,0,26,97,0
2025-01-10,PROD013,WH004,579,0,45,534,0
2025-01-10,PROD014,WH004,687,0,72,615,0
2025-01-10,PROD015,WH004,142,0,45,97,0
2025-01-10,PROD016,WH004,39,189,26,202,0
2025-01-10,PROD017,WH003,186,0,39,147,0
2025-01-10,PROD018,WH003,178,0,30,148,0
2025-01-10,PROD019,WH001,347,0,7,340,0
2025-01-10,PROD020,WH001,261,0,5,256,0
2025-01-11,PROD001,WH001,117,0,13,104,0
2025-01-11,PROD002,WH001,391,0,6,385,0
2025-01-11,PROD003,WH002,233,0,17,216,0
2025-01-11,PROD004,WH002,148,0,24,124,0
2025-01-11,PROD005,WH003,209,0,29,180,0
2025-01-11,PROD006,WH003,174,0,7,167,0
2025-01-11,PROD007,WH003,59,0,21,38,0
2025-01-11,PROD008,WH003,120,0,30,90,0
2025-01-11,PROD009,WH004,116,0,52,64,0
2025-01-11,PROD010,WH001,260,0,67,193,0
2025-01-11,PROD011,WH001,178,387,111,454,0
2025-01-11,PROD012,WH001,97,0,21,76,0
2025-01-11,PROD013,WH004,534,0,87,447,0
2025-01-11,PROD014,WH004,615,0,82,533,0
2025-01-11,PROD015,WH004,97,0,33,64,0
2025-01-11,PROD016,WH004,202,0,23,179,0
2025-01-11,PROD017,WH003,147,0,47,100,0
2025-01-11,PROD018,WH003,148,0,37,111,0
2025-01-11,PROD019,WH001,340,0,9,331,0
2025-01-11,PROD020,WH001,256,0,12,244,0
2025-01-12,PROD001,WH001,104,0,5,99,0
2025-01-12,PROD002,WH001,385,0,3,382,0
2025-01-12,PROD003,WH002,216,0,7,209,0
2025-01-12,PROD004,WH002,124,0,16,108,0
2025-01-12,PROD005,WH003,180,0,35,145,0
2025-01-12,PROD006,WH003,167,0,9,158,0
2025-01-12,PROD007,WH003,38,154,15,177,0
2025-01-12,PROD008,WH003,90,0,32,58,0
2025-01-12,PROD009,WH004,64,280,15,329,0
2025-01-12,PROD010,WH001,193,0,52,141,0
2025-01-12,PROD011,WH001,454,0,141,313,0
2025-01-12,PROD012,WH001,76,0,22,54,0
2025-01-12,PROD013,WH004,447,0,129,318,0
2025-01-12,PROD014,WH004,533,0,87,446,0
2025-01-12,PROD015,WH004,64,170,36,198,0
2025-01-12,PROD016,WH004,179,0,12,167,0
2025-01-12,PROD017,WH003,100,358,31,427,0
2025-01-12,PROD018,WH003,111,0,36,75,0
2025-01-12,PROD019,WH001,331,0,6,325,0
2025-01-12,PROD020,WH001,244,0,11,233,0
2025-01-13,PROD001,WH001,99,0,7,92,0
2025-01-13,PROD002,WH001,382,0,5,377,0
2025-01-13,PROD003,WH002,209,0,11,198,0
2025-01-13,PROD004,WH002,108,0,16,92,0
2025-01-13,PROD005,WH003,145,0,27,118,0
2025-01-13,PROD006,WH003,158,0,13,145,0
2025-01-13,PROD007,WH003,177,0,10,167,0
2025-01-13,PROD008,WH003,58,286,13,331,0
2025-01-13,PROD009,WH004,329,0,36,293,0
2025-01-13,PROD010,WH001,141,0,48,93,0
2025-01-13,PROD011,WH001,313,0,58,255,0
2025-01-13,PROD012,WH001,54,194,20,228,0
2025-01-13,PROD013,WH004,318,0,66,252,0
2025-01-13,PROD014,WH004,446,0,82,364,0
2025-01-13,PROD015,WH004,198,0,25,173,0
2025-01-13,PROD016,WH004,167,0,25,142,0
2025-01-13,PROD017,WH003,427,0,23,404,0
2025-01-13,PROD018,WH003,75,259,41,293,0
2025-01-13,PROD019,WH001,325,0,7,318,0
2025-01-13,PROD020,WH001,233,0,12,221,0
2025-01-14,PROD001,WH001,92,0,8,84,0
2025-01-14,PROD002,WH001,377,0,7,370,0
2025-01-14,PROD003,WH002,198,0,19,179,0
2025-01-14,PROD004,WH002,92,0,9,83,0
2025-01-14,PROD005,WH003,118,0,30,88,0
2025-01-14,PROD006,WH003,145,0,5,140,0
2025-01-14,PROD007,WH003,167,0,18,149,0
2025-01-14,PROD008,WH003,331,0,30,301,0
2025-01-14,PROD009,WH004,293,0,20,273,0
2025-01-14,PROD010,WH001,93,415,34,474,0
2025-01-14,PROD011,WH001,255,0,75,180,0
2025-01-14,PROD012,WH001,228,0,30,198,0
2025-01-14,PROD013,WH004,252,915,132,1035,0
2025-01-14,PROD014,WH004,364,0,101,263,0
2025-01-14,PROD015,WH004,173,0,27,146,0
2025-01-14,PROD016,WH004,142,0,22,120,0
2025-01-14,PROD017,WH003,404,0,39,365,0
2025-01-14,PROD018,WH003,293,0,37,256,0
2025-01-14,PROD019,WH001,318,0,6,312,0
2025-01-14,PROD020,WH001,221,0,16,205,0
2025-01-15,PROD001,WH001,84,0,8,76,0
2025-01-15,PROD002,WH001,370,0,6,364,0
2025-01-15,PROD003,WH002,179,0,12,167,0
2025-01-15,PROD004,WH002,83,0,19,64,0
2025-01-15,PROD005,WH003,88,0,22,66,0
2025-01-15,PROD006,WH003,140,0,8,132,0
2025-01-15,PROD007,WH003,149,0,30,119,0
2025-01-15,PROD008,WH003,301,0,28,273,0
2025-01-15,PROD009,WH004,273,0,38,235,0
2025-01-15,PROD010,WH001,474,0,43,431,0
2025-01-15,PROD011,WH001,180,602,66,716,0
2025-01-15,PROD012,WH001,198,0,32,166,0
2025-01-15,PROD013,WH004,1035,0,56,979,0
2025-01-15,PROD014,WH004,263,0,77,186,0
2025-01-15,PROD015,WH004,146,0,26,120,0
2025-01-15,PROD016,WH004,120,0,31,89,0
2025-01-15,PROD017,WH003,365,0,30,335,0
2025-01-15,PROD018,WH003,256,0,82,174,0
2025-01-15,PROD019,WH001,312,0,9,303,0
2025-01-15,PROD020,WH001,205,0,10,195,0
2025-01-16,PROD001,WH001,76,0,9,67,0
2025-01-16,PROD002,WH001,364,0,7,357,0
2025-01-16,PROD003,WH002,167,0,16,151,0
2025-01-16,PROD004,WH002,64,0,23,41,0
2025-01-16,PROD005,WH003,66,140,17,189,0
2025-01-16,PROD006,WH003,132,0,16,116,0
2025-01-16,PROD007,WH003,119,0,24,95,0
2025-01-16,PROD008,WH003,273,0,27,246,0
2025-01-16,PROD009,WH004,235,0,46,189,0
2025-01-16,PROD010,WH001,431,0,59,372,0
2025-01-16,PROD011,WH001,716,0,25,691,0
2025-01-16,PROD012,WH001,166,0,33,133,0
2025-01-16,PROD013,WH004,979,0,130,849,0
2025-01-16,PROD014,WH004,186,567,96,657,0
2025-01-16,PROD015,WH004,120,0,26,94,0
2025-01-16,PROD016,WH004,89,0,21,68,0
2025-01-16,PROD017,WH003,335,0,65,270,0
2025-01-16,PROD018,WH003,174,0,29,145,0
2025-01-16,PROD019,WH001,303,0,16,287,0
2025-01-16,PROD020,WH001,195,0,12,183,0
2025-01-17,PROD001,WH001,67,0,9,58,0
2025-01-17,PROD002,WH001,357,0,12,345,0
2025-01-17,PROD003,WH002,151,0,11,140,0
2025-01-17,PROD004,WH002,41,158,18,181,0
2025-01-17,PROD005,WH003,189,0,26,163,0
2025-01-17,PROD006,WH003,116,0,12,104,0
2025-01-17,PROD007,WH003,95,0,23,72,0
2025-01-17,PROD008,WH003,246,0,27,219,0
2025-01-17,PROD009,WH004,189,0,31,158,0
2025-01-17,PROD010,WH001,372,0,43,329,0
2025-01-17,PROD011,WH001,691,0,71,620,0
2025-01-17,PROD012,WH001,133,0,15,118,0
2025-01-17,PROD013,WH004,849,0,104,745,0
2025-01-17,PROD014,WH004,657,0,79,578,0
2025-01-17,PROD015,WH004,94,0,29,65,0
2025-01-17,PROD016,WH004,68,0,25,43,0
2025-01-17,PROD017,WH003,270,0,45,225,0
2025-01-17,PROD018,WH003,145,0,254,0,109
2025-01-17,PROD019,WH001,287,0,8,279,0
2025-01-17,PROD020,WH001,183,0,10,173,0
2025-01-18,PROD001,WH001,58,0,9,49,0
2025-01-18,PROD002,WH001,345,0,6,339,0
2025-01-18,PROD003,WH002,140,0,15,125,0
2025-01-18,PROD004,WH002,181,0,28,153,0
2025-01-18,PROD005,WH003,163,0,17,146,0
2025-01-18,PROD006,WH003,104,0,8,96,0
2025-01-18,PROD007,WH003,72,0,33,39,0
2025-01-18,PROD008,WH003,219,0,29,190,0
2025-01-18,PROD009,WH004,158,0,27,131,0
2025-01-18,PROD010,WH001,329,0,54,275,0
2025-01-18,PROD011,WH001,620,0,97,523,0
2025-01-18,PROD012,WH001,118,0,19,99,0
2025-01-18,PROD013,WH004,745,0,98,647,0
2025-01-18,PROD014,WH004,578,0,73,505,0
2025-01-18,PROD015,WH004,65,292,25,332,0
2025-01-18,PROD016,WH004,43,170,22,191,0
2025-01-18,PROD017,WH003,225,0,34,191,0
2025-01-18,PROD018,WH003,0,186,51,135,0
2025-01-18,PROD019,WH001,279,0,370,0,91
2025-01-18,PROD020,WH001,173,0,10,163,0
2025-01-19,PROD001,WH001,49,0,10,39,0
2025-01-19,PROD002,WH001,339,0,6,333,0
2025-01-19,PROD003,WH002,125,0,16,109,0
2025-01-19,PROD004,WH002,153,0,21,132,0
2025-01-19,PROD005,WH003,146,0,18,128,0
2025-01-19,PROD006,WH003,96,0,7,89,0
2025-01-19,PROD007,WH003,39,138,20,157,0
2025-01-19,PROD008,WH003,190,0,42,148,0
2025-01-19,PROD009,WH004,131,0,240,0,109
2025-01-19,PROD010,WH001,275,0,31,244,0
2025-01-19,PROD011,WH001,523,0,98,425,0
2025-01-19,PROD012,WH001,99,0,34,65,0
2025-01-19,PROD013,WH004,647,0,66,581,0
2025-01-19,PROD014,WH004,505,0,103,402,0
2025-01-19,PROD015,WH004,332,0,44,288,0
2025-01-19,PROD016,WH004,191,0,18,173,0
2025-01-19,PROD017,WH003,191,0,42,149,0
2025-01-19,PROD018,WH003,135,0,39,96,0
2025-01-19,PROD019,WH001,0,53,7,46,0
2025-01-19,PROD020,WH001,163,0,10,153,0
2025-01-20,PROD001,WH001,39,0,10,29,0
2025-01-20,PROD002,WH001,333,0,6,327,0
2025-01-20,PROD003,WH002,109,0,27,82,0
2025-01-20,PROD004,WH002,132,0,22,110,0
2025-01-20,PROD005,WH003,128,0,26,102,0
2025-01-20,PROD006,WH003,89,0,12,77,0
2025-01-20,PROD007,WH003,157,0,18,139,0
2025-01-20,PROD008,WH003,148,0,33,115,0
2025-01-20,PROD009,WH004,0,259,53,206,0
2025-01-20,PROD010,WH001,244,0,58,186,0
2025-01-20,PROD011,WH001,425,0,81,344,0
2025-01-20,PROD012,WH001,65,166,34,197,0
2025-01-20,PROD013,WH004,581,0,114,467,0
2025-01-20,PROD014,WH004,402,0,87,315,0
2025-01-20,PROD015,WH004,288,0,20,268,0
2025-01-20,PROD016,WH004,173,0,25,148,0
2025-01-20,PROD017,WH003,149,0,35,114,0
2025-01-20,PROD018,WH003,96,343,22,417,0
2025-01-20,PROD019,WH001,46,0,8,38,0
2025-01-20,PROD020,WH001,153,0,15,138,0
2025-01-21,PROD001,WH001,29,0,19,10,0
2025-01-21,PROD002,WH001,327,0,6,321,0
2025-01-21,PROD003,WH002,82,0,17,65,0
2025-01-21,PROD004,WH002,110,0,25,85,0
2025-01-21,PROD005,WH003,102,0,32,70,0
2025-01-21,PROD006,WH003,77,0,9,68,0
2025-01-21,PROD007,WH003,139,0,11,128,0
2025-01-21,PROD008,WH003,115,0,40,75,0
2025-01-21,PROD009,WH004,206,0,33,173,0
2025-01-21,PROD010,WH001,186,0,35,151,0
2025-01-21,PROD011,WH001,344,0,46,298,0
2025-01-21,PROD012,WH001,197,0,46,151,0
2025-01-21,PROD013,WH004,467,0,59,408,0
2025-01-21,PROD014,WH004,315,0,110,205,0
2025-01-21,PROD015,WH004,268,0,25,243,0
2025-01-21,PROD016,WH004,148,0,10,138,0
2025-01-21,PROD017,WH003,114,271,27,358,0
2025-01-21,PROD018,WH003,417,0,21,396,0
2025-01-21,PROD019,WH001,38,0,10,28,0
2025-01-21,PROD020,WH001,138,0,16,122,0
2025-01-22,PROD001,WH001,10,65,7,68,0
2025-01-22,PROD002,WH001,321,0,5,316,0
2025-01-22,PROD003,WH002,65,0,15,50,0
2025-01-22,PROD004,WH002,85,0,15,70,0
2025-01-22,PROD005,WH003,70,190,25,235,0
2025-01-22,PROD006,WH003,68,0,11,57,0
2025-01-22,PROD007,WH003,128,0,18,110,0
2025-01-22,PROD008,WH003,75,173,30,218,0
2025-01-22,PROD009,WH004,173,0,34,139,0
2025-01-22,PROD010,WH001,151,0,44,107,0
2025-01-22,PROD011,WH001,298,0,73,225,0
2025-01-22,PROD012,WH001,151,0,23,128,0
2025-01-22,PROD013,WH004,408,0,120,288,0
2025-01-22,PROD014,WH004,205,527,116,616,0
2025-01-22,PROD015,WH004,243,0,28,215,0
2025-01-22,PROD016,WH004,138,0,17,121,0
2025-01-22,PROD017,WH003,358,0,49,309,0
2025-01-22,PROD018,WH003,396,0,33,363,0
2025-01-22,PROD019,WH001,28,0,9,19,0
2025-01-22,PROD020,WH001,122,0,7,115,0
2025-01-23,PROD001,WH001,68,0,9,59,0
2025-01-23,PROD002,WH001,316,0,527,0,211
2025-01-23,PROD003,WH002,50,0,16,34,0
2025-01-23,PROD004,WH002,70,0,14,56,0
2025-01-23,PROD005,WH003,235,0,25,210,0
2025-01-23,PROD006,WH003,57,0,7,50,0
2025-01-23,PROD007,WH003,110,0,21,89,0
2025-01-23,PROD008,WH003,218,0,37,181,0
2025-01-23,PROD009,WH004,139,0,24,115,0
2025-01-23,PROD010,WH001,107,262,62,307,0
2025-01-23,PROD011,WH001,225,0,105,120,0
2025-01-23,PROD012,WH001,128,0,26,102,0
2025-01-23,PROD013,WH004,288,911,82,1117,0
2025-01-23,PROD014,WH004,616,0,111,505,0
2025-01-23,PROD015,WH004,215,0,25,190,0
2025-01-23,PROD016,WH004,121,0,22,99,0
2025-01-23,PROD017,WH003,309,0,31,278,0
2025-01-23,PROD018,WH003,363,0,33,330,0
2025-01-23,PROD019,WH001,19,65,13,71,0
2025-01-23,PROD020,WH001,115,0,13,102,0
2025-01-24,PROD001,WH001,59,0,8,51,0
2025-01-24,PROD002,WH001,0,55,8,47,0
2025-01-24,PROD003,WH002,34,106,17,123,0
2025-01-24,PROD004,WH002,56,186,23,219,0
2025-01-24,PROD005,WH003,210,0,16,194,0
2025-01-24,PROD006,WH003,50,0,10,40,0
2025-01-24,PROD007,WH003,89,0,21,68,0
2025-01-24,PROD008,WH003,181,0,19,162,0
2025-01-24,PROD009,WH004,115,0,29,86,0
2025-01-24,PROD010,WH001,307,0,99,208,0
2025-01-24,PROD011,WH001,120,666,76,710,0
2025-01-24,PROD012,WH001,102,0,32,70,0
2025-01-24,PROD013,WH004,1117,0,59,1058,0
2025-01-24,PROD014,WH004,505,0,111,394,0
2025-01-24,PROD015,WH004,190,0,33,157,0
2025-01-24,PROD016,WH004,99,0,24,75,0
2025-01-24,PROD017,WH003,278,0,29,249,0
2025-01-24,PROD018,WH003,330,0,41,289,0
2025-01-24,PROD019,WH001,71,0,4,67,0
2025-01-24,PROD020,WH001,102,0,10,92,0
2025-01-25,PROD001,WH001,51,0,6,45,0
2025-01-25,PROD002,WH001,47,0,67,0,20
2025-01-25,PROD003,WH002,123,0,14,109,0
2025-01-25,PROD004,WH002,219,0,21,198,0
2025-01-25,PROD005,WH003,194,0,30,164,0
2025-01-25,PROD006,WH003,40,0,11,29,0
2025-01-25,PROD007,WH003,68,0,19,49,0
2025-01-25,PROD008,WH003,162,0,32,130,0
2025-01-25,PROD009,WH004,86,241,32,295,0
2025-01-25,PROD010,WH001,208,0,40,168,0
2025-01-25,PROD011,WH001,710,0,60,650,0
2025-01-25,PROD012,WH001,70,223,30,263,0
2025-01-25,PROD013,WH004,1058,0,50,1008,0
2025-01-25,PROD014,WH004,394,0,104,290,0
2025-01-25,PROD015,WH004,157,0,32,125,0
2025-01-25,PROD016,WH004,75,0,30,45,0
2025-01-25,PROD017,WH003,249,0,35,214,0
2025-01-25,PROD018,WH003,289,0,30,259,0
2025-01-25,PROD019,WH001,67,0,4,63,0
2025-01-25,PROD020,WH001,92,0,11,81,0
2025-01-26,PROD001,WH001,45,0,8,37,0
2025-01-26,PROD002,WH001,0,44,5,39,0
2025-01-26,PROD003,WH002,109,0,14,95,0
2025-01-26,PROD004,WH002,198,0,19,179,0
2025-01-26,PROD005,WH003,164,0,199,0,35
2025-01-26,PROD006,WH003,29,68,11,86,0
2025-01-26,PROD007,WH003,49,133,12,170,0
2025-01-26,PROD008,WH003,130,0,32,98,0
2025-01-26,PROD009,WH004,295,0,24,271,0
2025-01-26,PROD010,WH001,168,0,42,126,0
2025-01-26,PROD011,WH001,650,0,86,564,0
2025-01-26,PROD012,WH001,263,0,34,229,0
2025-01-26,PROD013,WH004,1008,0,112,896,0
2025-01-26,PROD014,WH004,290,0,59,231,0
2025-01-26,PROD015,WH004,125,0,20,105,0
2025-01-26,PROD016,WH004,45,138,26,157,0
2025-01-26,PROD017,WH003,214,0,34,180,0
2025-01-26,PROD018,WH003,259,0,31,228,0
2025-01-26,PROD019,WH001,63,0,8,55,0
2025-01-26,PROD020,WH001,81,0,8,73,0
2025-01-27,PROD001,WH001,37,0,5,32,0
2025-01-27,PROD002,WH001,39,0,4,35,0
2025-01-27,PROD003,WH002,95,0,17,78,0
2025-01-27,PROD004,WH002,179,0,13,166,0
2025-01-27,PROD005,WH003,0,226,26,200,0
2025-01-27,PROD006,WH003,86,0,8,78,0
2025-01-27,PROD007,WH003,170,0,21,149,0
2025-01-27,PROD008,WH003,98,0,24,74,0
2025-01-27,PROD009,WH004,271,0,38,233,0
2025-01-27,PROD010,WH001,126,447,42,531,0
2025-01-27,PROD011,WH001,564,0,83,481,0
2025-01-27,PROD012,WH001,229,0,48,181,0
2025-01-27,PROD013,WH004,896,0,80,816,0
2025-01-27,PROD014,WH004,231,713,34,910,0
2025-01-27,PROD015,WH004,105,0,39,66,0
2025-01-27,PROD016,WH004,157,0,8,149,0
2025-01-27,PROD017,WH003,180,0,49,131,0
2025-01-27,PROD018,WH003,228,0,35,193,0
2025-01-27,PROD019,WH001,55,0,7,48,0
2025-01-27,PROD020,WH001,73,0,11,62,0
2025-01-28,PROD001,WH001,32,0,7,25,0
2025-01-28,PROD002,WH001,35,0,4,31,0
2025-01-28,PROD003,WH002,78,0,15,63,0
2025-01-28,PROD004,WH002,166,0,21,145,0
2025-01-28,PROD005,WH003,200,0,30,170,0
2025-01-28,PROD006,WH003,78,0,4,74,0
2025-01-28,PROD007,WH003,149,0,25,124,0
2025-01-28,PROD008,WH003,74,197,45,226,0
2025-01-28,PROD009,WH004,233,0,37,196,0
2025-01-28,PROD010,WH001,531,0,26,505,0
2025-01-28,PROD011,WH001,481,0,47,434,0
2025-01-28,PROD012,WH001,181,0,26,155,0
2025-01-28,PROD013,WH004,816,0,143,673,0
2025-01-28,PROD014,WH004,910,0,86,824,0
2025-01-28,PROD015,WH004,66,212,21,257,0
2025-01-28,PROD016,WH004,149,0,19,130,0
2025-01-28,PROD017,WH003,131,0,41,90,0
2025-01-28,PROD018,WH003,193,0,27,166,0
2025-01-28,PROD019,WH001,48,0,9,39,0
2025-01-28,PROD020,WH001,62,0,14,48,0
2025-01-29,PROD001,WH001,25,0,5,20,0
2025-01-29,PROD002,WH001,31,0,7,24,0
2025-01-29,PROD003,WH002,63,0,17,46,0
2025-01-29,PROD004,WH002,145,0,8,137,0
2025-01-29,PROD005,WH003,170,0,29,141,0
2025-01-29,PROD006,WH003,74,0,12,62,0
2025-01-29,PROD007,WH003,124,0,16,108,0
2025-01-29,PROD008,WH003,226,0,22,204,0
2025-01-29,PROD009,WH004,196,0,31,165,0
2025-01-29,PROD010,WH001,505,0,40,465,0
2025-01-29,PROD011,WH001,434,0,60,374,0
2025-01-29,PROD012,WH001,155,0,26,129,0
2025-01-29,PROD013,WH004,673,0,210,463,0
2025-01-29,PROD014,WH004,824,0,111,713,0
2025-01-29,PROD015,WH004,257,0,38,219,0
2025-01-29,PROD016,WH004,130,0,24,106,0
2025-01-29,PROD017,WH003,90,247,30,307,0
2025-01-29,PROD018,WH003,166,0,32,134,0
2025-01-29,PROD019,WH001,39,0,9,30,0
2025-01-29,PROD020,WH001,48,0,14,34,0
2025-01-30,PROD001,WH001,20,69,9,80,0
2025-01-30,PROD002,WH001,24,0,4,20,0
2025-01-30,PROD003,WH002,46,0,16,30,0
2025-01-30,PROD004,WH002,137,0,20,117,0
2025-01-30,PROD005,WH003,141,0,27,114,0
2025-01-30,PROD006,WH003,62,0,10,52,0
2025-01-30,PROD007,WH003,108,0,14,94,0
2025-01-30,PROD008,WH003,204,0,13,191,0
2025-01-30,PROD009,WH004,165,0,30,135,0
2025-01-30,PROD010,WH001,465,0,579,0,114
2025-01-30,PROD011,WH001,374,0,61,313,0
2025-01-30,PROD012,WH001,129,0,183,0,54
2025-01-30,PROD013,WH004,463,0,76,387,0
2025-01-30,PROD014,WH004,713,0,60,653,0
2025-01-30,PROD015,WH004,219,0,26,193,0
2025-01-30,PROD016,WH004,106,0,34,72,0
2025-01-30,PROD017,WH003,307,0,20,287,0
2025-01-30,PROD018,WH003,134,0,41,93,0
2025-01-30,PROD019,WH001,30,0,8,22,0
2025-01-30,PROD020,WH001,34,109,17,126,0
2025-01-31,PROD001,WH001,80,0,7,73,0
2025-01-31,PROD002,WH001,20,0,9,11,0
2025-01-31,PROD003,WH002,30,147,10,167,0
2025-01-31,PROD004,WH002,117,0,21,96,0
2025-01-31,PROD005,WH003,114,0,19,95,0
2025-01-31,PROD006,WH003,52,0,9,43,0
2025-01-31,PROD007,WH003,94,0,22,72,0
2025-01-31,PROD008,WH003,191,0,12,179,0
2025-01-31,PROD009,WH004,135,0,32,103,0
2025-01-31,PROD010,WH001,0,246,57,189,0
2025-01-31,PROD011,WH001,313,0,98,215,0
2025-01-31,PROD012,WH001,0,169,23,146,0
2025-01-31,PROD013,WH004,387,0,99,288,0
2025-01-31,PROD014,WH004,653,0,109,544,0
2025-01-31,PROD015,WH004,193,0,32,161,0
2025-01-31,PROD016,WH004,72,0,15,57,0
2025-01-31,PROD017,WH003,287,0,43,244,0
2025-01-31,PROD018,WH003,93,224,48,269,0
2025-01-31,PROD019,WH001,22,55,6,71,0
2025-01-31,PROD020,WH001,126,0,15,111,0
2025-02-01,PROD001,WH001,73,0,10,63,0
2025-02-01,PROD002,WH001,11,35,4,42,0
2025-02-01,PROD003,WH002,167,0,4,163,0
2025-02-01,PROD004,WH002,96,0,25,71,0
2025-02-01,PROD005,WH003,95,0,60,35,0
2025-02-01,PROD006,WH003,43,0,10,33,0
2025-02-01,PROD007,WH003,72,0,22,50,0
2025-02-01,PROD008,WH003,179,0,25,154,0
2025-02-01,PROD009,WH004,103,231,25,309,0
2025-02-01,PROD010,WH001,189,0,44,145,0
2025-02-01,PROD011,WH001,215,0,76,139,0
2025-02-01,PROD012,WH001,146,0,20,126,0
2025-02-01,PROD013,WH004,288,648,107,829,0
2025-02-01,PROD014,WH004,544,0,78,466,0
2025-02-01,PROD015,WH004,161,0,20,141,0
2025-02-01,PROD016,WH004,57,152,25,184,0
2025-02-01,PROD017,WH003,244,0,34,210,0
2025-02-01,PROD018,WH003,269,0,49,220,0
2025-02-01,PROD019,WH001,71,0,11,60,0
2025-02-01,PROD020,WH001,111,0,7,104,0
2025-02-02,PROD001,WH001,63,0,10,53,0
2025-02-02,PROD002,WH001,42,0,4,38,0
2025-02-02,PROD003,WH002,163,0,14,149,0
2025-02-02,PROD004,WH002,71,0,17,54,0
2025-02-02,PROD005,WH003,35,237,21,251,0
2025-02-02,PROD006,WH003,33,0,13,20,0
2025-02-02,PROD007,WH003,50,90,19,121,0
2025-02-02,PROD008,WH003,154,0,35,119,0
2025-02-02,PROD009,WH004,309,0,29,280,0
2025-02-02,PROD010,WH001,145,0,30,115,0
2025-02-02,PROD011,WH001,139,688,103,724,0
2025-02-02,PROD012,WH001,126,0,23,103,0
2025-02-02,PROD013,WH004,829,0,113,716,0
2025-02-02,PROD014,WH004,466,0,97,369,0
2025-02-02,PROD015,WH004,141,0,34,107,0
2025-02-02,PROD016,WH004,184,0,31,153,0
2025-02-02,PROD017,WH003,210,0,57,153,0
2025-02-02,PROD018,WH003,220,0,33,187,0
2025-02-02,PROD019,WH001,60,0,9,51,0
2025-02-02,PROD020,WH001,104,0,16,88,0
2025-02-03,PROD001,WH001,53,0,9,44,0
2025-02-03,PROD002,WH001,38,0,9,29,0
2025-02-03,PROD003,WH002,149,0,16,133,0
2025-02-03,PROD004,WH002,54,148,26,176,0
2025-02-03,PROD005,WH003,251,0,21,230,0
2025-02-03,PROD006,WH003,20,51,10,61,0
2025-02-03,PROD007,WH003,121,0,12,109,0
2025-02-03,PROD008,WH003,119,0,29,90,0
2025-02-03,PROD009,WH004,280,0,47,233,0
2025-02-03,PROD010,WH001,115,277,41,351,0
2025-02-03,PROD011,WH001,724,0,66,658,0
2025-02-03,PROD012,WH001,103,0,14,89,0
2025-02-03,PROD013,WH004,716,0,120,596,0
2025-02-03,PROD014,WH004,369,0,84,285,0
2025-02-03,PROD015,WH004,107,0,25,82,0
2025-02-03,PROD016,WH004,153,0,31,122,0
2025-02-03,PROD017,WH003,153,0,42,111,0
2025-02-03,PROD018,WH003,187,0,37,150,0
2025-02-03,PROD019,WH001,51,0,6,45,0
2025-02-03,PROD020,WH001,88,0,11,77,0
2025-02-04,PROD001,WH001,44,0,10,34,0
2025-02-04,PROD002,WH001,29,0,6,23,0
2025-02-04,PROD003,WH002,133,0,17,116,0
2025-02-04,PROD004,WH002,176,0,19,157,0
2025-02-04,PROD005,WH003,230,0,17,213,0
2025-02-04,PROD006,WH003,61,0,12,49,0
2025-02-04,PROD007,WH003,109,0,31,78,0
2025-02-04,PROD008,WH003,90,0,33,57,0
2025-02-04,PROD009,WH004,233,0,31,202,0
2025-02-04,PROD010,WH001,351,0,51,300,0
2025-02-04,PROD011,WH001,658,0,89,569,0
2025-02-04,PROD012,WH001,89,0,38,51,0
2025-02-04,PROD013,WH004,596,0,144,452,0
2025-02-04,PROD014,WH004,285,0,58,227,0
2025-02-04,PROD015,WH004,82,261,27,316,0
2025-02-04,PROD016,WH004,122,0,18,104,0
2025-02-04,PROD017,WH003,111,289,45,355,0
2025-02-04,PROD018,WH003,150,0,43,107,0
2025-02-04,PROD019,WH001,45,0,6,39,0
2025-02-04,PROD020,WH001,77,0,13,64,0
2025-02-05,PROD001,WH001,34,0,7,27,0
2025-02-05,PROD002,WH001,23,0,7,16,0
2025-02-05,PROD003,WH002,116,0,12,104,0
2025-02-05,PROD004,WH002,157,0,13,144,0
2025-02-05,PROD005,WH003,213,0,23,190,0
2025-02-05,PROD006,WH003,49,0,9,40,0
2025-02-05,PROD007,WH003,78,0,16,62,0
2025-02-05,PROD008,WH003,57,227,30,254,0
2025-02-05,PROD009,WH004,202,0,38,164,0
2025-02-05,PROD010,WH001,300,0,59,241,0
2025-02-05,PROD011,WH001,569,0,96,473,0
2025-02-05,PROD012,WH001,51,153,37,167,0
2025-02-05,PROD013,WH004,452,0,72,380,0
2025-02-05,PROD014,WH004,227,565,81,711,0
2025-02-05,PROD015,WH004,316,0,23,293,0
2025-02-05,PROD016,WH004,104,0,17,87,0
2025-02-05,PROD017,WH003,355,0,35,320,0
2025-02-05,PROD018,WH003,107,0,14,93,0
2025-02-05,PROD019,WH001,39,0,7,32,0
2025-02-05,PROD020,WH001,64,0,12,52,0
2025-02-06,PROD001,WH001,27,0,13,14,0
2025-02-06,PROD002,WH001,16,40,3,53,0
2025-02-06,PROD003,WH002,104,0,11,93,0
2025-02-06,PROD004,WH002,144,0,22,122,0
2025-02-06,PROD005,WH003,190,0,17,173,0
2025-02-06,PROD006,WH003,40,0,10,30,0
2025-02-06,PROD007,WH003,62,0,20,42,0
2025-02-06,PROD008,WH003,254,0,25,229,0
2025-02-06,PROD009,WH004,164,0,50,114,0
2025-02-06,PROD010,WH001,241,0,41,200,0
2025-02-06,PROD011,WH001,473,0,74,399,0
2025-02-06,PROD012,WH001,167,0,18,149,0
2025-02-06,PROD013,WH004,380,0,108,272,0
2025-02-06,PROD014,WH004,711,0,112,599,0
2025-02-06,PROD015,WH004,293,0,23,270,0
2025-02-06,PROD016,WH004,87,0,20,67,0
2025-02-06,PROD017,WH003,320,0,66,254,0
2025-02-06,PROD018,WH003,93,238,43,288,0
2025-02-06,PROD019,WH001,32,0,7,25,0
2025-02-06,PROD020,WH001,52,0,14,38,0
2025-02-07,PROD001,WH001,14,40,8,46,0
2025-02-07,PROD002,WH001,53,0,5,48,0
2025-02-07,PROD003,WH002,93,0,15,78,0
2025-02-07,PROD004,WH002,122,0,15,107,0
2025-02-07,PROD005,WH003,173,0,38,135,0
2025-02-07,PROD006,WH003,30,0,11,19,0
2025-02-07,PROD007,WH003,42,108,24,126,0
2025-02-07,PROD008,WH003,229,0,282,0,53
2025-02-07,PROD009,WH004,114,0,222,0,108
2025-02-07,PROD010,WH001,200,0,28,172,0
2025-02-07,PROD011,WH001,399,0,76,323,0
2025-02-07,PROD012,WH001,149,0,29,120,0
2025-02-07,PROD013,WH004,272,788,111,949,0
2025-02-07,PROD014,WH004,599,0,63,536,0
2025-02-07,PROD015,WH004,270,0,32,238,0
2025-02-07,PROD016,WH004,67,0,23,44,0
2025-02-07,PROD017,WH003,254,0,44,210,0
2025-02-07,PROD018,WH003,288,0,28,260,0
2025-02-07,PROD019,WH001,25,0,6,19,0
2025-02-07,PROD020,WH001,38,0,10,28,0
2025-02-08,PROD001,WH001,46,0,7,39,0
2025-02-08,PROD002,WH001,48,0,6,42,0
2025-02-08,PROD003,WH002,78,0,17,61,0
2025-02-08,PROD004,WH002,107,0,15,92,0
2025-02-08,PROD005,WH003,135,0,27,108,0
2025-02-08,PROD006,WH003,19,64,15,68,0
2025-02-08,PROD007,WH003,126,0,14,112,0
2025-02-08,PROD008,WH003,0,258,41,217,0
2025-02-08,PROD009,WH004,0,312,27,285,0
2025-02-08,PROD010,WH001,172,0,42,130,0
2025-02-08,PROD011,WH001,323,0,53,270,0
2025-02-08,PROD012,WH001,120,0,40,80,0
2025-02-08,PROD013,WH004,949,0,95,854,0
2025-02-08,PROD014,WH004,536,0,82,454,0
2025-02-08,PROD015,WH004,238,0,29,209,0
2025-02-08,PROD016,WH004,44,111,23,132,0
2025-02-08,PROD017,WH003,210,0,47,163,0
2025-02-08,PROD018,WH003,260,0,35,225,0
2025-02-08,PROD019,WH001,19,45,7,57,0
2025-02-08,PROD020,WH001,28,76,12,92,0
2025-02-09,PROD001,WH001,39,0,7,32,0
2025-02-09,PROD002,WH001,42,0,4,38,0
2025-02-09,PROD003,WH002,61,0,28,33,0
2025-02-09,PROD004,WH002,92,0,23,69,0
2025-02-09,PROD005,WH003,108,0,35,73,0
2025-02-09,PROD006,WH003,68,0,8,60,0
2025-02-09,PROD007,WH003,112,0,30,82,0
2025-02-09,PROD008,WH003,217,0,35,182,0
2025-02-09,PROD009,WH004,285,0,36,249,0
2025-02-09,PROD010,WH001,130,234,41,323,0
2025-02-09,PROD011,WH001,270,0,79,191,0
2025-02-09,PROD012,WH001,80,0,28,52,0
2025-02-09,PROD013,WH004,854,0,156,698,0
2025-02-09,PROD014,WH004,454,0,81,373,0
2025-02-09,PROD015,WH004,209,0,36,173,0
2025-02-09,PROD016,WH004,132,0,15,117,0
2025-02-09,PROD017,WH003,163,0,23,140,0
2025-02-09,PROD018,WH003,225,0,32,193,0
2025-02-09,PROD019,WH001,57,0,7,50,0
2025-02-09,PROD020,WH001,92,0,9,83,0
2025-02-10,PROD001,WH001,32,0,10,22,0
2025-02-10,PROD002,WH001,38,0,4,34,0
2025-02-10,PROD003,WH002,33,125,17,141,0
2025-02-10,PROD004,WH002,69,0,29,40,0
2025-02-10,PROD005,WH003,73,237,19,291,0
2025-02-10,PROD006,WH003,60,0,8,52,0
2025-02-10,PROD007,WH003,82,0,14,68,0
2025-02-10,PROD008,WH003,182,0,29,153,0
2025-02-10,PROD009,WH004,249,0,53,196,0
2025-02-10,PROD010,WH001,323,0,49,274,0
2025-02-10,PROD011,WH001,191,646,83,754,0
2025-02-10,PROD012,WH001,52,247,34,265,0
2025-02-10,PROD013,WH004,698,0,128,570,0
2025-02-10,PROD014,WH004,373,0,90,283,0
2025-02-10,PROD015,WH004,173,0,31,142,0
2025-02-10,PROD016,WH004,117,0,18,99,0
2025-02-10,PROD017,WH003,140,0,38,102,0
2025-02-10,PROD018,WH003,193,0,30,163,0
2025-02-10,PROD019,WH001,50,0,8,42,0
2025-02-10,PROD020,WH001,83,0,13,70,0
2025-02-11,PROD001,WH001,22,59,12,69,0
2025-02-11,PROD002,WH001,34,0,3,31,0
2025-02-11,PROD003,WH002,141,0,15,126,0
2025-02-11,PROD004,WH002,40,163,20,183,0
2025-02-11,PROD005,WH003,291,0,28,263,0
2025-02-11,PROD006,WH003,52,0,9,43,0
2025-02-11,PROD007,WH003,68,0,126,0,58
2025-02-11,PROD008,WH003,153,0,25,128,0
2025-02-11,PROD009,WH004,196,0,27,169,0
2025-02-11,PROD010,WH001,274,0,62,212,0
2025-02-11,PROD011,WH001,754,0,57,697,0
2025-02-11,PROD012,WH001,265,0,31,234,0
2025-02-11,PROD013,WH004,570,0,114,456,0
2025-02-11,PROD014,WH004,283,0,88,195,0
2025-02-11,PROD015,WH004,142,0,60,82,0
2025-02-11,PROD016,WH004,99,0,21,78,0
2025-02-11,PROD017,WH003,102,280,33,349,0
2025-02-11,PROD018,WH003,163,0,61,102,0
2025-02-11,PROD019,WH001,42,0,7,35,0
2025-02-11,PROD020,WH001,70,0,13,57,0
2025-02-12,PROD001,WH001,69,0,4,65,0
2025-02-12,PROD002,WH001,31,0,5,26,0
2025-02-12,PROD003,WH002,126,0,19,107,0
2025-02-12,PROD004,WH002,183,0,18,165,0
2025-02-12,PROD005,WH003,263,0,28,235,0
2025-02-12,PROD006,WH003,43,0,11,32,0
2025-02-12,PROD007,WH003,0,140,16,124,0
2025-02-12,PROD008,WH003,128,0,19,109,0
2025-02-12,PROD009,WH004,169,0,33,136,0
2025-02-12,PROD010,WH001,212,0,32,180,0
2025-02-12,PROD011,WH001,697,0,45,652,0
2025-02-12,PROD012,WH001,234,0,26,208,0
2025-02-12,PROD013,WH004,456,0,65,391,0
2025-02-12,PROD014,WH004,195,438,107,526,0
2025-02-12,PROD015,WH004,82,227,25,284,0
2025-02-12,PROD016,WH004,78,0,39,39,0
2025-02-12,PROD017,WH003,349,0,38,311,0
2025-02-12,PROD018,WH003,102,185,40,247,0
2025-02-12,PROD019,WH001,35,0,54,0,19
2025-02-12,PROD020,WH001,57,0,13,44,0
2025-02-13,PROD001,WH001,65,0,6,59,0
2025-02-13,PROD002,WH001,26,0,4,22,0
2025-02-13,PROD003,WH002,107,0,18,89,0
2025-02-13,PROD004,WH002,165,0,21,144,0
2025-02-13,PROD005,WH003,235,0,16,219,0
2025-02-13,PROD006,WH003,32,0,8,24,0
2025-02-13,PROD007,WH003,124,0,36,88,0
2025-02-13,PROD008,WH003,109,0,26,83,0
2025-02-13,PROD009,WH004,136,0,32,104,0
2025-02-13,PROD010,WH001,180,0,70,110,0
2025-02-13,PROD011,WH001,652,0,95,557,0
2025-02-13,PROD012,WH001,208,0,26,182,0
2025-02-13,PROD013,WH004,391,0,91,300,0
2025-02-13,PROD014,WH004,526,0,72,454,0
2025-02-13,PROD015,WH004,284,0,39,245,0
2025-02-13,PROD016,WH004,39,121,24,136,0
2025-02-13,PROD017,WH003,311,0,47,264,0
2025-02-13,PROD018,WH003,247,0,44,203,0
2025-02-13,PROD019,WH001,0,40,3,37,0
2025-02-13,PROD020,WH001,44,0,12,32,0
2025-02-14,PROD001,WH001,59,0,10,49,0
2025-02-14,PROD002,WH001,22,0,6,16,0
2025-02-14,PROD003,WH002,89,0,23,66,0
2025-02-14,PROD004,WH002,144,0,29,115,0
2025-02-14,PROD005,WH003,219,0,26,193,0
2025-02-14,PROD006,WH003,24,90,10,104,0
2025-02-14,PROD007,WH003,88,0,17,71,0
2025-02-14,PROD008,WH003,83,244,26,301,0
2025-02-14,PROD009,WH004,104,243,46,301,0
2025-02-14,PROD010,WH001,110,435,40,505,0
2025-02-14,PROD011,WH001,557,0,74,483,0
2025-02-14,PROD012,WH001,182,0,30,152,0
2025-02-14,PROD013,WH004,300,0,87,213,0
2025-02-14,PROD014,WH004,454,0,84,370,0
2025-02-14,PROD015,WH004,245,0,25,220,0
2025-02-14,PROD016,WH004,136,0,21,115,0
2025-02-14,PROD017,WH003,264,0,411,0,147
2025-02-14,PROD018,WH003,203,0,33,170,0
2025-02-14,PROD019,WH001,37,0,8,29,0
2025-02-14,PROD020,WH001,32,72,12,92,0
2025-02-15,PROD001,WH001,49,0,8,41,0
2025-02-15,PROD002,WH001,16,46,4,58,0
2025-02-15,PROD003,WH002,66,0,16,50,0
2025-02-15,PROD004,WH002,115,0,14,101,0
2025-02-15,PROD005,WH003,193,0,22,171,0
2025-02-15,PROD006,WH003,104,0,14,90,0
2025-02-15,PROD007,WH003,71,0,22,49,0
2025-02-15,PROD008,WH003,301,0,14,287,0
2025-02-15,PROD009,WH004,301,0,53,248,0
2025-02-15,PROD010,WH001,505,0,51,454,0
2025-02-15,PROD011,WH001,483,0,44,439,0
2025-02-15,PROD012,WH001,152,0,33,119,0
2025-02-15,PROD013,WH004,213,862,117,958,0
2025-02-15,PROD014,WH004,370,0,81,289,0
2025-02-15,PROD015,WH004,220,0,29,191,0
2025-02-15,PROD016,WH004,115,0,30,85,0
2025-02-15,PROD017,WH003,0,302,43,259,0
2025-02-15,PROD018,WH003,170,0,37,133,0
2025-02-15,PROD019,WH001,29,0,11,18,0
2025-02-15,PROD020,WH001,92,0,13,79,0
2025-02-16,PROD001,WH001,41,0,10,31,0
2025-02-16,PROD002,WH001,58,0,5,53,0
2025-02-16,PROD003,WH002,50,0,9,41,0
2025-02-16,PROD004,WH002,101,0,18,83,0
2025-02-16,PROD005,WH003,171,0,23,148,0
2025-02-16,PROD006,WH003,90,0,12,78,0
2025-02-16,PROD007,WH003,49,116,10,155,0
2025-02-16,PROD008,WH003,287,0,30,257,0
2025-02-16,PROD009,WH004,248,0,29,219,0
2025-02-16,PROD010,WH001,454,0,57,397,0
2025-02-16,PROD011,WH001,439,0,62,377,0
2025-02-16,PROD012,WH001,119,0,33,86,0
2025-02-16,PROD013,WH004,958,0,71,887,0
2025-02-16,PROD014,WH004,289,0,82,207,0
2025-02-16,PROD015,WH004,191,0,20,171,0
2025-02-16,PROD016,WH004,85,0,22,63,0
2025-02-16,PROD017,WH003,259,0,395,0,136
2025-02-16,PROD018,WH003,133,0,27,106,0
2025-02-16,PROD019,WH001,18,69,10,77,0
2025-02-16,PROD020,WH001,79,0,12,67,0
2025-02-17,PROD001,WH001,31,0,7,24,0
2025-02-17,PROD002,WH001,53,0,7,46,0
2025-02-17,PROD003,WH002,41,135,15,161,0
2025-02-17,PROD004,WH002,83,0,20,63,0
2025-02-17,PROD005,WH003,148,0,19,129,0
2025-02-17,PROD006,WH003,78,0,8,70,0
2025-02-17,PROD007,WH003,155,0,19,136,0
2025-02-17,PROD008,WH003,257,0,13,244,0
2025-02-17,PROD009,WH004,219,0,33,186,0
2025-02-17,PROD010,WH001,397,0,44,353,0
2025-02-17,PROD011,WH001,377,0,66,311,0
2025-02-17,PROD012,WH001,86,0,9,77,0
2025-02-17,PROD013,WH004,887,0,83,804,0
2025-02-17,PROD014,WH004,207,692,99,800,0
2025-02-17,PROD015,WH004,171,0,32,139,0
2025-02-17,PROD016,WH004,63,0,15,48,0
2025-02-17,PROD017,WH003,0,267,34,233,0
2025-02-17,PROD018,WH003,106,0,29,77,0
2025-02-17,PROD019,WH001,77,0,10,67,0
2025-02-17,PROD020,WH001,67,0,10,57,0
2025-02-18,PROD001,WH001,24,0,6,18,0
2025-02-18,PROD002,WH001,46,0,6,40,0
2025-02-18,PROD003,WH002,161,0,14,147,0
2025-02-18,PROD004,WH002,63,0,29,34,0
2025-02-18,PROD005,WH003,129,0,26,103,0
2025-02-18,PROD006,WH003,70,0,8,62,0
2025-02-18,PROD007,WH003,136,0,22,114,0
2025-02-18,PROD008,WH003,244,0,32,212,0
2025-02-18,PROD009,WH004,186,0,40,146,0
2025-02-18,PROD010,WH001,353,0,49,304,0
2025-02-18,PROD011,WH001,311,0,65,246,0
2025-02-18,PROD012,WH001,77,0,27,50,0
2025-02-18,PROD013,WH004,804,0,1228,0,424
2025-02-18,PROD014,WH004,800,0,1139,0,339
2025-02-18,PROD015,WH004,139,0,19,120,0
2025-02-18,PROD016,WH004,48,198,19,227,0
2025-02-18,PROD017,WH003,233,0,42,191,0
2025-02-18,PROD018,WH003,77,253,52,278,0
2025-02-18,PROD019,WH001,67,0,9,58,0
2025-02-18,PROD020,WH001,57,0,16,41,0
2025-02-19,PROD001,WH001,18,73,9,82,0
2025-02-19,PROD002,WH001,40,0,5,35,0
2025-02-19,PROD003,WH002,147,0,15,132,0
2025-02-19,PROD004,WH002,34,135,17,152,0
2025-02-19,PROD005,WH003,103,0,29,74,0
2025-02-19,PROD006,WH003,62,0,7,55,0
2025-02-19,PROD007,WH003,114,0,15,99,0
2025-02-19,PROD008,WH003,212,0,24,188,0
2025-02-19,PROD009,WH004,146,0,48,98,0
2025-02-19,PROD010,WH001,304,0,47,257,0
2025-02-19,PROD011,WH001,246,0,48,198,0
2025-02-19,PROD012,WH001,50,215,27,238,0
2025-02-19,PROD013,WH004,0,721,151,570,0
2025-02-19,PROD014,WH004,0,572,108,464,0
2025-02-19,PROD015,WH004,120,0,46,74,0
2025-02-19,PROD016,WH004,227,0,22,205,0
2025-02-19,PROD017,WH003,191,0,22,169,0
2025-02-19,PROD018,WH003,278,0,32,246,0
2025-02-19,PROD019,WH001,58,0,7,51,0
2025-02-19,PROD020,WH001,41,0,15,26,0
2025-02-20,PROD001,WH001,82,0,7,75,0
2025-02-20,PROD002,WH001,35,0,5,30,0
2025-02-20,PROD003,WH002,132,0,16,116,0
2025-02-20,PROD004,WH002,152,0,25,127,0
2025-02-20,PROD005,WH003,74,208,35,247,0
2025-02-20,PROD006,WH003,55,0,10,45,0
2025-02-20,PROD007,WH003,99,0,29,70,0
2025-02-20,PROD008,WH003,188,0,21,167,0
2025-02-20,PROD009,WH004,98,189,48,239,0
2025-02-20,PROD010,WH001,257,0,496,0,239
2025-02-20,PROD011,WH001,198,529,1418,0,691
2025-02-20,PROD012,WH001,238,0,31,207,0
2025-02-20,PROD013,WH004,570,0,83,487,0
2025-02-20,PROD014,WH004,464,0,76,388,0
2025-02-20,PROD015,WH004,74,206,42,238,0
2025-02-20,PROD016,WH004,205,0,29,176,0
2025-02-20,PROD017,WH003,169,0,14,155,0
2025-02-20,PROD018,WH003,246,0,23,223,0
2025-02-20,PROD019,WH001,51,0,9,42,0
2025-02-20,PROD020,WH001,26,66,12,80,0
2025-02-21,PROD001,WH001,75,0,6,69,0
2025-02-21,PROD002,WH001,30,0,6,24,0
2025-02-21,PROD003,WH002,116,0,17,99,0
2025-02-21,PROD004,WH002,127,0,33,94,0
2025-02-21,PROD005,WH003,247,0,28,219,0
2025-02-21,PROD006,WH003,45,0,13,32,0
2025-02-21,PROD007,WH003,70,0,9,61,0
2025-02-21,PROD008,WH003,167,0,14,153,0
2025-02-21,PROD009,WH004,239,0,36,203,0
2025-02-21,PROD010,WH001,0,391,55,336,0
2025-02-21,PROD011,WH001,0,430,98,332,0
2025-02-21,PROD012,WH001,207,0,29,178,0
2025-02-21,PROD013,WH004,487,0,120,367,0
2025-02-21,PROD014,WH004,388,0,112,276,0
2025-02-21,PROD015,WH004,238,0,31,207,0
2025-02-21,PROD016,WH004,176,0,20,156,0
2025-02-21,PROD017,WH003,155,0,56,99,0
2025-02-21,PROD018,WH003,223,0,47,176,0
2025-02-21,PROD019,WH001,42,0,3,39,0
2025-02-21,PROD020,WH001,80,0,8,72,0
2025-02-22,PROD001,WH001,69,0,7,62,0
2025-02-22,PROD002,WH001,24,0,8,16,0
2025-02-22,PROD003,WH002,99,0,14,85,0
2025-02-22,PROD004,WH002,94,0,16,78,0
2025-02-22,PROD005,WH003,219,0,28,191,0
2025-02-22,PROD006,WH003,32,0,6,26,0
2025-02-22,PROD007,WH003,61,0,11,50,0
2025-02-22,PROD008,WH003,153,0,22,131,0
2025-02-22,PROD009,WH004,203,0,30,173,0
2025-02-22,PROD010,WH001,336,0,41,295,0
2025-02-22,PROD011,WH001,332,0,96,236,0
2025-02-22,PROD012,WH001,178,0,36,142,0
2025-02-22,PROD013,WH004,367,0,95,272,0
2025-02-22,PROD014,WH004,276,0,100,176,0
2025-02-22,PROD015,WH004,207,0,21,186,0
2025-02-22,PROD016,WH004,156,0,17,139,0
2025-02-22,PROD017,WH003,99,388,788,0,301
2025-02-22,PROD018,WH003,176,0,25,151,0
2025-02-22,PROD019,WH001,39,0,11,28,0
2025-02-22,PROD020,WH001,72,0,13,59,0
2025-02-23,PROD001,WH001,62,0,6,56,0
2025-02-23,PROD002,WH001,16,54,8,62,0
2025-02-23,PROD003,WH002,85,0,15,70,0
2025-02-23,PROD004,WH002,78,0,28,50,0
2025-02-23,PROD005,WH003,191,0,19,172,0
2025-02-23,PROD006,WH003,26,92,12,106,0
2025-02-23,PROD007,WH003,50,141,21,170,0
2025-02-23,PROD008,WH003,131,0,28,103,0
2025-02-23,PROD009,WH004,173,0,32,141,0
2025-02-23,PROD010,WH001,295,0,53,242,0
2025-02-23,PROD011,WH001,236,0,113,123,0
2025-02-23,PROD012,WH001,142,0,39,103,0
2025-02-23,PROD013,WH004,272,632,96,808,0
2025-02-23,PROD014,WH004,176,517,69,624,0
2025-02-23,PROD015,WH004,186,0,35,151,0
2025-02-23,PROD016,WH004,139,0,30,109,0
2025-02-23,PROD017,WH003,0,302,48,254,0
2025-02-23,PROD018,WH003,151,0,48,103,0
2025-02-23,PROD019,WH001,28,0,7,21,0
2025-02-23,PROD020,WH001,59,0,25,34,0
2025-02-24,PROD001,WH001,56,0,9,47,0
2025-02-24,PROD002,WH001,62,0,4,58,0
2025-02-24,PROD003,WH002,70,0,17,53,0
2025-02-24,PROD004,WH002,50,175,17,208,0
2025-02-24,PROD005,WH003,172,0,22,150,0
2025-02-24,PROD006,WH003,106,0,4,102,0
2025-02-24,PROD007,WH003,170,0,21,149,0
2025-02-24,PROD008,WH003,103,0,41,62,0
2025-02-24,PROD009,WH004,141,0,37,104,0
2025-02-24,PROD010,WH001,242,0,28,214,0
2025-02-24,PROD011,WH001,123,380,89,414,0
2025-02-24,PROD012,WH001,103,0,19,84,0
2025-02-24,PROD013,WH004,808,0,103,705,0
2025-02-24,PROD014,WH004,624,0,59,565,0
2025-02-24,PROD015,WH004,151,0,25,126,0
2025-02-24,PROD016,WH004,109,0,15,94,0
2025-02-24,PROD017,WH003,254,0,37,217,0
2025-02-24,PROD018,WH003,103,235,40,298,0
2025-02-24,PROD019,WH001,21,52,6,67,0
2025-02-24,PROD020,WH001,34,119,14,139,0
2025-02-25,PROD001,WH001,47,0,5,42,0
2025-02-25,PROD002,WH001,58,0,5,53,0
2025-02-25,PROD003,WH002,53,0,12,41,0
2025-02-25,PROD004,WH002,208,0,15,193,0
2025-02-25,PROD005,WH003,150,0,26,124,0
2025-02-25,PROD006,WH003,102,0,11,91,0
2025-02-25,PROD007,WH003,149,0,22,127,0
2025-02-25,PROD008,WH003,62,203,29,236,0
2025-02-25,PROD009,WH004,104,252,25,331,0
2025-02-25,PROD010,WH001,214,0,33,181,0
2025-02-25,PROD011,WH001,414,0,73,341,0
2025-02-25,PROD012,WH001,84,0,26,58,0
2025-02-25,PROD013,WH004,705,0,119,586,0
2025-02-25,PROD014,WH004,565,0,107,458,0
2025-02-25,PROD015,WH004,126,0,23,103,0
2025-02-25,PROD016,WH004,94,0,20,74,0
2025-02-25,PROD017,WH003,217,0,46,171,0
2025-02-25,PROD018,WH003,298,0,35,263,0
2025-02-25,PROD019,WH001,67,0,7,60,0
2025-02-25,PROD020,WH001,139,0,10,129,0
2025-02-26,PROD001,WH001,42,0,9,33,0
2025-02-26,PROD002,WH001,53,0,7,46,0
2025-02-26,PROD003,WH002,41,93,17,117,0
2025-02-26,PROD004,WH002,193,0,23,170,0
2025-02-26,PROD005,WH003,124,0,20,104,0
2025-02-26,PROD006,WH003,91,0,16,75,0
2025-02-26,PROD007,WH003,127,0,13,114,0
2025-02-26,PROD008,WH003,236,0,31,205,0
2025-02-26,PROD009,WH004,331,0,36,295,0
2025-02-26,PROD010,WH001,181,0,47,134,0
2025-02-26,PROD011,WH001,341,0,62,279,0
2025-02-26,PROD012,WH001,58,142,31,169,0
2025-02-26,PROD013,WH004,586,0,118,468,0
2025-02-26,PROD014,WH004,458,0,139,319,0
2025-02-26,PROD015,WH004,103,0,28,75,0
2025-02-26,PROD016,WH004,74,0,16,58,0
2025-02-26,PROD017,WH003,171,0,51,120,0
2025-02-26,PROD018,WH003,263,0,48,215,0
2025-02-26,PROD019,WH001,60,0,8,52,0
2025-02-26,PROD020,WH001,129,0,7,122,0
2025-02-27,PROD001,WH001,33,0,9,24,0
2025-02-27,PROD002,WH001,46,0,4,42,0
2025-02-27,PROD003,WH002,117,0,20,97,0
2025-02-27,PROD004,WH002,170,0,18,152,0
2025-02-27,PROD005,WH003,104,0,40,64,0
2025-02-27,PROD006,WH003,75,0,5,70,0
2025-02-27,PROD007,WH003,114,0,26,88,0
2025-02-27,PROD008,WH003,205,0,31,174,0
2025-02-27,PROD009,WH004,295,0,42,253,0
2025-02-27,PROD010,WH001,134,296,39,391,0
2025-02-27,PROD011,WH001,279,0,97,182,0
2025-02-27,PROD012,WH001,169,0,21,148,0
2025-02-27,PROD013,WH004,468,0,160,308,0
2025-02-27,PROD014,WH004,319,0,95,224,0
2025-02-27,PROD015,WH004,75,187,30,232,0
2025-02-27,PROD016,WH004,58,190,27,221,0
2025-02-27,PROD017,WH003,120,0,41,79,0
2025-02-27,PROD018,WH003,215,0,43,172,0
2025-02-27,PROD019,WH001,52,0,6,46,0
2025-02-27,PROD020,WH001,122,0,10,112,0
2025-02-28,PROD001,WH001,24,0,10,14,0
2025-02-28,PROD002,WH001,42,0,3,39,0
2025-02-28,PROD003,WH002,97,0,6,91,0
2025-02-28,PROD004,WH002,152,0,13,139,0
2025-02-28,PROD005,WH003,64,222,24,262,0
2025-02-28,PROD006,WH003,70,0,3,67,0
2025-02-28,PROD007,WH003,88,0,20,68,0
2025-02-28,PROD008,WH003,174,0,36,138,0
2025-02-28,PROD009,WH004,253,0,30,223,0
2025-02-28,PROD010,WH001,391,0,34,357,0
2025-02-28,PROD011,WH001,182,447,51,578,0
2025-02-28,PROD012,WH001,148,0,19,129,0
2025-02-28,PROD013,WH004,308,0,96,212,0
2025-02-28,PROD014,WH004,224,712,79,857,0
2025-02-28,PROD015,WH004,232,0,36,196,0
2025-02-28,PROD016,WH004,221,0,21,200,0
2025-02-28,PROD017,WH003,79,226,64,241,0
2025-02-28,PROD018,WH003,172,0,46,126,0
2025-02-28,PROD019,WH001,46,0,5,41,0
2025-02-28,PROD020,WH001,112,0,11,101,0
2025-03-01,PROD001,WH001,14,51,8,57,0
2025-03-01,PROD002,WH001,39,0,5,34,0
2025-03-01,PROD003,WH002,91,0,18,73,0
2025-03-01,PROD004,WH002,139,0,24,115,0
2025-03-01,PROD005,WH003,262,0,20,242,0
2025-03-01,PROD006,WH003,67,0,7,60,0
2025-03-01,PROD007,WH003,68,0,13,55,0
2025-03-01,PROD008,WH003,138,0,28,110,0
2025-03-01,PROD009,WH004,223,0,29,194,0
2025-03-01,PROD010,WH001,357,0,53,304,0
2025-03-01,PROD011,WH001,578,0,85,493,0
2025-03-01,PROD012,WH001,129,0,27,102,0
2025-03-01,PROD013,WH004,212,541,103,650,0
2025-03-01,PROD014,WH004,857,0,72,785,0
2025-03-01,PROD015,WH004,196,0,31,165,0
2025-03-01,PROD016,WH004,200,0,5,195,0
2025-03-01,PROD017,WH003,241,0,62,179,0
2025-03-01,PROD018,WH003,126,0,36,90,0
2025-03-01,PROD019,WH001,41,0,11,30,0
2025-03-01,PROD020,WH001,101,0,22,79,0
2025-03-02,PROD001,WH001,57,0,6,51,0
2025-03-02,PROD002,WH001,34,0,5,29,0
2025-03-02,PROD003,WH002,73,0,11,62,0
2025-03-02,PROD004,WH002,115,0,3,112,0
2025-03-02,PROD005,WH003,242,0,26,216,0
2025-03-02,PROD006,WH003,60,0,16,44,0
2025-03-02,PROD007,WH003,55,0,21,34,0
2025-03-02,PROD008,WH003,110,0,29,81,0
2025-03-02,PROD009,WH004,194,0,24,170,0
2025-03-02,PROD010,WH001,304,0,51,253,0
2025-03-02,PROD011,WH001,493,0,76,417,0
2025-03-02,PROD012,WH001,102,0,25,77,0
2025-03-02,PROD013,WH004,650,0,110,540,0
2025-03-02,PROD014,WH004,785,0,87,698,0
2025-03-02,PROD015,WH004,165,0,47,118,0
2025-03-02,PROD016,WH004,195,0,19,176,0
2025-03-02,PROD017,WH003,179,0,47,132,0
2025-03-02,PROD018,WH003,90,326,16,400,0
2025-03-02,PROD019,WH001,30,0,9,21,0
2025-03-02,PROD020,WH001,79,0,14,65,0
2025-03-03,PROD001,WH001,51,0,10,41,0
2025-03-03,PROD002,WH001,29,0,8,21,0
2025-03-03,PROD003,WH002,62,0,11,51,0
2025-03-03,PROD004,WH002,112,0,18,94,0
2025-03-03,PROD005,WH003,216,0,26,190,0
2025-03-03,PROD006,WH003,44,0,9,35,0
2025-03-03,PROD007,WH003,34,116,19,131,0
2025-03-03,PROD008,WH003,81,198,52,227,0
2025-03-03,PROD009,WH004,170,0,46,124,0
2025-03-03,PROD010,WH001,253,0,47,206,0
2025-03-03,PROD011,WH001,417,0,62,355,0
2025-03-03,PROD012,WH001,77,0,9,68,0
2025-03-03,PROD013,WH004,540,0,80,460,0
2025-03-03,PROD014,WH004,698,0,76,622,0
2025-03-03,PROD015,WH004,118,0,15,103,0
2025-03-03,PROD016,WH004,176,0,18,158,0
2025-03-03,PROD017,WH003,132,0,53,79,0
2025-03-03,PROD018,WH003,400,0,28,372,0
2025-03-03,PROD019,WH001,21,43,7,57,0
2025-03-03,PROD020,WH001,65,0,15,50,0
2025-03-04,PROD001,WH001,41,0,7,34,0
2025-03-04,PROD002,WH001,21,0,3,18,0
2025-03-04,PROD003,WH002,51,0,8,43,0
2025-03-04,PROD004,WH002,94,0,20,74,0
2025-03-04,PROD005,WH003,190,0,30,160,0
2025-03-04,PROD006,WH003,35,0,9,26,0
2025-03-04,PROD007,WH003,131,0,14,117,0
2025-03-04,PROD008,WH003,227,0,18,209,0
2025-03-04,PROD009,WH004,124,0,25,99,0
2025-03-04,PROD010,WH001,206,0,46,160,0
2025-03-04,PROD011,WH001,355,0,87,268,0
2025-03-04,PROD012,WH001,68,216,29,255,0
2025-03-04,PROD013,WH004,460,0,115,345,0
2025-03-04,PROD014,WH004,622,0,83,539,0
2025-03-04,PROD015,WH004,103,0,25,78,0
2025-03-04,PROD016,WH004,158,0,25,133,0
2025-03-04,PROD017,WH003,79,222,39,262,0
2025-03-04,PROD018,WH003,372,0,28,344,0
2025-03-04,PROD019,WH001,57,0,11,46,0
2025-03-04,PROD020,WH001,50,0,16,34,0
2025-03-05,PROD001,WH001,34,0,6,28,0
2025-03-05,PROD002,WH001,18,0,6,12,0
2025-03-05,PROD003,WH002,43,77,11,109,0
2025-03-05,PROD004,WH002,74,0,17,57,0
2025-03-05,PROD005,WH003,160,0,24,136,0
2025-03-05,PROD006,WH003,26,64,8,82,0
2025-03-05,PROD007,WH003,117,0,21,96,0
2025-03-05,PROD008,WH003,209,0,42,167,0
2025-03-05,PROD009,WH004,99,266,32,333,0
2025-03-05,PROD010,WH001,160,0,55,105,0
2025-03-05,PROD011,WH001,268,0,59,209,0
2025-03-05,PROD012,WH001,255,0,18,237,0
2025-03-05,PROD013,WH004,345,0,114,231,0
2025-03-05,PROD014,WH004,539,0,59,480,0
2025-03-05,PROD015,WH004,78,213,39,252,0
2025-03-05,PROD016,WH004,133,0,33,100,0
2025-03-05,PROD017,WH003,262,0,43,219,0
2025-03-05,PROD018,WH003,344,0,475,0,131
2025-03-05,PROD019,WH001,46,0,4,42,0
2025-03-05,PROD020,WH001,34,67,14,87,0
2025-03-06,PROD001,WH001,28,0,11,17,0
2025-03-06,PROD002,WH001,12,43,5,50,0
2025-03-06,PROD003,WH002,109,0,15,94,0
2025-03-06,PROD004,WH002,57,146,11,192,0
2025-03-06,PROD005,WH003,136,0,215,0,79
2025-03-06,PROD006,WH003,82,0,15,67,0
2025-03-06,PROD007,WH003,96,0,20,76,0
2025-03-06,PROD008,WH003,167,0,34,133,0
2025-03-06,PROD009,WH004,333,0,38,295,0
2025-03-06,PROD010,WH001,105,417,37,485,0
2025-03-06,PROD011,WH001,209,516,884,0,159
2025-03-06,PROD012,WH001,237,0,28,209,0
2025-03-06,PROD013,WH004,231,888,87,1032,0
2025-03-06,PROD014,WH004,480,0,73,407,0
2025-03-06,PROD015,WH004,252,0,15,237,0
2025-03-06,PROD016,WH004,100,0,17,83,0
2025-03-06,PROD017,WH003,219,0,47,172,0
2025-03-06,PROD018,WH003,0,302,44,258,0
2025-03-06,PROD019,WH001,42,0,9,33,0
2025-03-06,PROD020,WH001,87,0,8,79,0
2025-03-07,PROD001,WH001,17,40,11,46,0
2025-03-07,PROD002,WH001,50,0,6,44,0
2025-03-07,PROD003,WH002,94,0,16,78,0
2025-03-07,PROD004,WH002,192,0,20,172,0
2025-03-07,PROD005,WH003,0,139,17,122,0
2025-03-07,PROD006,WH003,67,0,11,56,0
2025-03-07,PROD007,WH003,76,0,24,52,0
2025-03-07,PROD008,WH003,133,0,39,94,0
2025-03-07,PROD009,WH004,295,0,34,261,0
2025-03-07,PROD010,WH001,485,0,657,0,172
2025-03-07,PROD011,WH001,0,480,59,421,0
2025-03-07,PROD012,WH001,209,0,30,179,0
2025-03-07,PROD013,WH004,1032,0,86,946,0
2025-03-07,PROD014,WH004,407,0,121,286,0
2025-03-07,PROD015,WH004,237,0,422,0,185
2025-03-07,PROD016,WH004,83,0,23,60,0
2025-03-07,PROD017,WH003,172,0,37,135,0
2025-03-07,PROD018,WH003,258,0,26,232,0
2025-03-07,PROD019,WH001,33,0,9,24,0
2025-03-07,PROD020,WH001,79,0,12,67,0
2025-03-08,PROD001,WH001,46,0,5,41,0
2025-03-08,PROD002,WH001,44,0,4,40,0
2025-03-08,PROD003,WH002,78,0,15,63,0
2025-03-08,PROD004,WH002,172,0,19,153,0
2025-03-08,PROD005,WH003,122,0,18,104,0
2025-03-08,PROD006,WH003,56,0,10,46,0
2025-03-08,PROD007,WH003,52,127,13,166,0
2025-03-08,PROD008,WH003,94,0,34,60,0
2025-03-08,PROD009,WH004,261,0,29,232,0
2025-03-08,PROD010,WH001,0,231,41,190,0
2025-03-08,PROD011,WH001,421,0,54,367,0
2025-03-08,PROD012,WH001,179,0,22,157,0
2025-03-08,PROD013,WH004,946,0,105,841,0
2025-03-08,PROD014,WH004,286,0,60,226,0
2025-03-08,PROD015,WH004,0,174,22,152,0
2025-03-08,PROD016,WH004,60,0,15,45,0
2025-03-08,PROD017,WH003,135,0,60,75,0
2025-03-08,PROD018,WH003,232,0,23,209,0
2025-03-08,PROD019,WH001,24,0,9,15,0
2025-03-08,PROD020,WH001,67,0,21,46,0
2025-03-09,PROD001,WH001,41,0,4,37,0
2025-03-09,PROD002,WH001,40,0,8,32,0
2025-03-09,PROD003,WH002,63,0,17,46,0
2025-03-09,PROD004,WH002,153,0,10,143,0
2025-03-09,PROD005,WH003,104,0,19,85,0
2025-03-09,PROD006,WH003,46,0,11,35,0
2025-03-09,PROD007,WH003,166,0,16,150,0
2025-03-09,PROD008,WH003,60,226,28,258,0
2025-03-09,PROD009,WH004,232,0,36,196,0
2025-03-09,PROD010,WH001,190,0,52,138,0
2025-03-09,PROD011,WH001,367,0,62,305,0
2025-03-09,PROD012,WH001,157,0,19,138,0
2025-03-09,PROD013,WH004,841,0,134,707,0
2025-03-09,PROD014,WH004,226,525,96,655,0
2025-03-09,PROD015,WH004,152,0,36,116,0
2025-03-09,PROD016,WH004,45,132,20,157,0
2025-03-09,PROD017,WH003,75,205,44,236,0
2025-03-09,PROD018,WH003,209,0,27,182,0
2025-03-09,PROD019,WH001,15,77,7,85,0
2025-03-09,PROD020,WH001,46,0,19,27,0
2025-03-10,PROD001,WH001,37,0,7,30,0
2025-03-10,PROD002,WH001,32,0,7,25,0
2025-03-10,PROD003,WH002,46,0,71,0,25
2025-03-10,PROD004,WH002,143,0,19,124,0
2025-03-10,PROD005,WH003,85,0,22,63,0
2025-03-10,PROD006,WH003,35,0,11,24,0
2025-03-10,PROD007,WH003,150,0,19,131,0
2025-03-10,PROD008,WH003,258,0,25,233,0
2025-03-10,PROD009,WH004,196,0,39,157,0
2025-03-10,PROD010,WH001,138,0,56,82,0
2025-03-10,PROD011,WH001,305,0,95,210,0
2025-03-10,PROD012,WH001,138,0,24,114,0
2025-03-10,PROD013,WH004,707,0,146,561,0
2025-03-10,PROD014,WH004,655,0,74,581,0
2025-03-10,PROD015,WH004,116,0,18,98,0
2025-03-10,PROD016,WH004,157,0,24,133,0
2025-03-10,PROD017,WH003,236,0,47,189,0
2025-03-10,PROD018,WH003,182,0,25,157,0
2025-03-10,PROD019,WH001,85,0,7,78,0
2025-03-10,PROD020,WH001,27,70,12,85,0
2025-03-11,PROD001,WH001,30,0,6,24,0
2025-03-11,PROD002,WH001,25,0,5,20,0
2025-03-11,PROD003,WH002,0,114,5,109,0
2025-03-11,PROD004,WH002,124,0,13,111,0
2025-03-11,PROD005,WH003,63,130,19,174,0
2025-03-11,PROD006,WH003,24,87,11,100,0
2025-03-11,PROD007,WH003,131,0,22,109,0
2025-03-11,PROD008,WH003,233,0,35,198,0
2025-03-11,PROD009,WH004,157,0,41,116,0
2025-03-11,PROD010,WH001,82,389,77,394,0
2025-03-11,PROD011,WH001,210,0,53,157,0
2025-03-11,PROD012,WH001,114,0,29,85,0
2025-03-11,PROD013,WH004,561,0,121,440,0
2025-03-11,PROD014,WH004,581,0,100,481,0
2025-03-11,PROD015,WH004,98,0,35,63,0
2025-03-11,PROD016,WH004,133,0,15,118,0
2025-03-11,PROD017,WH003,189,0,48,141,0
2025-03-11,PROD018,WH003,157,0,44,113,0
2025-03-11,PROD019,WH001,78,0,12,66,0
2025-03-11,PROD020,WH001,85,0,10,75,0
2025-03-12,PROD001,WH001,24,0,9,15,0
2025-03-12,PROD002,WH001,20,0,4,16,0
2025-03-12,PROD003,WH002,109,0,19,90,0
2025-03-12,PROD004,WH002,111,0,213,0,102
2025-03-12,PROD005,WH003,174,0,16,158,0
2025-03-12,PROD006,WH003,100,0,10,90,0
2025-03-12,PROD007,WH003,109,0,19,90,0
2025-03-12,PROD008,WH003,198,0,29,169,0
2025-03-12,PROD009,WH004,116,0,46,70,0
2025-03-12,PROD010,WH001,394,0,34,360,0
2025-03-12,PROD011,WH001,157,464,74,547,0
2025-03-12,PROD012,WH001,85,0,27,58,0
2025-03-12,PROD013,WH004,440,0,97,343,0
2025-03-12,PROD014,WH004,481,0,54,427,0
2025-03-12,PROD015,WH004,63,225,530,0,242
2025-03-12,PROD016,WH004,118,0,18,100,0
2025-03-12,PROD017,WH003,141,0,50,91,0
2025-03-12,PROD018,WH003,113,0,35,78,0
2025-03-12,PROD019,WH001,66,0,6,60,0
2025-03-12,PROD020,WH001,75,0,13,62,0
2025-03-13,PROD001,WH001,15,71,6,80,0
2025-03-13,PROD002,WH001,16,58,6,68,0
2025-03-13,PROD003,WH002,90,0,18,72,0
2025-03-13,PROD004,WH002,0,150,25,125,0
2025-03-13,PROD005,WH003,158,0,39,119,0
2025-03-13,PROD006,WH003,90,0,10,80,0
2025-03-13,PROD007,WH003,90,0,14,76,0
2025-03-13,PROD008,WH003,169,0,45,124,0
2025-03-13,PROD009,WH004,70,283,51,302,0
2025-03-13,PROD010,WH001,360,0,52,308,0
2025-03-13,PROD011,WH001,547,0,62,485,0
2025-03-13,PROD012,WH001,58,241,15,284,0
2025-03-13,PROD013,WH004,343,0,140,203,0
2025-03-13,PROD014,WH004,427,0,83,344,0
2025-03-13,PROD015,WH004,0,179,32,147,0
2025-03-13,PROD016,WH004,100,0,8,92,0
2025-03-13,PROD017,WH003,91,217,44,264,0
2025-03-13,PROD018,WH003,78,211,41,248,0
2025-03-13,PROD019,WH001,60,0,9,51,0
2025-03-13,PROD020,WH001,62,0,10,52,0
2025-03-14,PROD001,WH001,80,0,8,72,0
2025-03-14,PROD002,WH001,68,0,4,64,0
2025-03-14,PROD003,WH002,72,0,13,59,0
2025-03-14,PROD004,WH002,125,0,18,107,0
2025-03-14,PROD005,WH003,119,0,190,0,71
2025-03-14,PROD006,WH003,80,0,9,71,0
2025-03-14,PROD007,WH003,76,0,17,59,0
2025-03-14,PROD008,WH003,124,0,27,97,0
2025-03-14,PROD009,WH004,302,0,52,250,0
2025-03-14,PROD010,WH001,308,0,43,265,0
2025-03-14,PROD011,WH001,485,0,71,414,0
2025-03-14,PROD012,WH001,284,0,30,254,0
2025-03-14,PROD013,WH004,203,895,112,986,0
2025-03-14,PROD014,WH004,344,0,89,255,0
2025-03-14,PROD015,WH004,147,0,27,120,0
2025-03-14,PROD016,WH004,92,0,19,73,0
2025-03-14,PROD017,WH003,264,0,36,228,0
2025-03-14,PROD018,WH003,248,0,55,193,0
2025-03-14,PROD019,WH001,51,0,7,44,0
2025-03-14,PROD020,WH001,52,0,11,41,0
2025-03-15,PROD001,WH001,72,0,10,62,0
2025-03-15,PROD002,WH001,64,0,6,58,0
2025-03-15,PROD003,WH002,59,0,19,40,0
2025-03-15,PROD004,WH002,107,0,26,81,0
2025-03-15,PROD005,WH003,0,142,16,126,0
2025-03-15,PROD006,WH003,71,0,7,64,0
2025-03-15,PROD007,WH003,59,0,26,33,0
2025-03-15,PROD008,WH003,97,0,29,68,0
2025-03-15,PROD009,WH004,250,0,29,221,0
2025-03-15,PROD010,WH001,265,0,86,179,0
2025-03-15,PROD011,WH001,414,0,52,362,0
2025-03-15,PROD012,WH001,254,0,21,233,0
2025-03-15,PROD013,WH004,986,0,94,892,0
2025-03-15,PROD014,WH004,255,0,66,189,0
2025-03-15,PROD015,WH004,120,0,27,93,0
2025-03-15,PROD016,WH004,73,0,21,52,0
2025-03-15,PROD017,WH003,228,0,45,183,0
2025-03-15,PROD018,WH003,193,0,42,151,0
2025-03-15,PROD019,WH001,44,0,6,38,0
2025-03-15,PROD020,WH001,41,0,13,28,0
2025-03-16,PROD001,WH001,62,0,9,53,0
2025-03-16,PROD002,WH001,58,0,6,52,0
2025-03-16,PROD003,WH002,40,84,17,107,0
2025-03-16,PROD004,WH002,81,0,21,60,0
2025-03-16,PROD005,WH003,126,0,36,90,0
2025-03-16,PROD006,WH003,64,0,4,60,0
2025-03-16,PROD007,WH003,33,113,19,127,0
2025-03-16,PROD008,WH003,68,226,25,269,0
2025-03-16,PROD009,WH004,221,0,41,180,0
2025-03-16,PROD010,WH001,179,0,51,128,0
2025-03-16,PROD011,WH001,362,0,87,275,0
2025-03-16,PROD012,WH001,233,0,19,214,0
2025-03-16,PROD013,WH004,892,0,85,807,0
2025-03-16,PROD014,WH004,189,471,83,577,0
2025-03-16,PROD015,WH004,93,0,18,75,0
2025-03-16,PROD016,WH004,52,184,6,230,0
2025-03-16,PROD017,WH003,183,0,47,136,0
2025-03-16,PROD018,WH003,151,0,30,121,0
2025-03-16,PROD019,WH001,38,0,5,33,0
2025-03-16,PROD020,WH001,28,116,6,138,0
2025-03-17,PROD001,WH001,53,0,7,46,0
2025-03-17,PROD002,WH001,52,0,4,48,0
2025-03-17,PROD003,WH002,107,0,19,88,0
2025-03-17,PROD004,WH002,60,0,12,48,0
2025-03-17,PROD005,WH003,90,0,26,64,0
2025-03-17,PROD006,WH003,60,0,12,48,0
2025-03-17,PROD007,WH003,127,0,12,115,0
2025-03-17,PROD008,WH003,269,0,37,232,0
2025-03-17,PROD009,WH004,180,0,26,154,0
2025-03-17,PROD010,WH001,128,239,42,325,0
2025-03-17,PROD011,WH001,275,0,71,204,0
2025-03-17,PROD012,WH001,214,0,15,199,0
2025-03-17,PROD013,WH004,807,0,1222,0,415
2025-03-17,PROD014,WH004,577,0,82,495,0
2025-03-17,PROD015,WH004,75,178,26,227,0
2025-03-17,PROD016,WH004,230,0,22,208,0
2025-03-17,PROD017,WH003,136,0,39,97,0
2025-03-17,PROD018,WH003,121,0,45,76,0
2025-03-17,PROD019,WH001,33,0,7,26,0
2025-03-17,PROD020,WH001,138,0,8,130,0
2025-03-18,PROD001,WH001,46,0,4,42,0
2025-03-18,PROD002,WH001,48,0,5,43,0
2025-03-18,PROD003,WH002,88,0,132,0,44
2025-03-18,PROD004,WH002,48,103,22,129,0
2025-03-18,PROD005,WH003,64,140,35,169,0
2025-03-18,PROD006,WH003,48,0,6,42,0
2025-03-18,PROD007,WH003,115,0,24,91,0
2025-03-18,PROD008,WH003,232,0,29,203,0
2025-03-18,PROD009,WH004,154,0,40,114,0
2025-03-18,PROD010,WH001,325,0,47,278,0
2025-03-18,PROD011,WH001,204,684,44,844,0
2025-03-18,PROD012,WH001,199,0,31,168,0
2025-03-18,PROD013,WH004,0,820,63,757,0
2025-03-18,PROD014,WH004,495,0,69,426,0
2025-03-18,PROD015,WH004,227,0,20,207,0
2025-03-18,PROD016,WH004,208,0,24,184,0
2025-03-18,PROD017,WH003,97,257,44,310,0
2025-03-18,PROD018,WH003,76,195,33,238,0
2025-03-18,PROD019,WH001,26,0,38,0,12
2025-03-18,PROD020,WH001,130,0,15,115,0
2025-03-19,PROD001,WH001,42,0,9,33,0
2025-03-19,PROD002,WH001,43,0,3,40,0
2025-03-19,PROD003,WH002,0,113,21,92,0
2025-03-19,PROD004,WH002,129,0,20,109,0
2025-03-19,PROD005,WH003,169,0,36,133,0
2025-03-19,PROD006,WH003,42,0,10,32,0
2025-03-19,PROD007,WH003,91,0,21,70,0
2025-03-19,PROD008,WH003,203,0,38,165,0
2025-03-19,PROD009,WH004,114,0,32,82,0
2025-03-19,PROD010,WH001,278,0,49,229,0
2025-03-19,PROD011,WH001,844,0,71,773,0
2025-03-19,PROD012,WH001,168,0,9,159,0
2025-03-19,PROD013,WH004,757,0,145,612,0
2025-03-19,PROD014,WH004,426,0,123,303,0
2025-03-19,PROD015,WH004,207,0,57,150,0
2025-03-19,PROD016,WH004,184,0,17,167,0
2025-03-19,PROD017,WH003,310,0,23,287,0
2025-03-19,PROD018,WH003,238,0,32,206,0
2025-03-19,PROD019,WH001,0,43,8,35,0
2025-03-19,PROD020,WH001,115,0,19,96,0
2025-03-20,PROD001,WH001,33,0,9,24,0
2025-03-20,PROD002,WH001,40,0,5,35,0
2025-03-20,PROD003,WH002,92,0,19,73,0
2025-03-20,PROD004,WH002,109,0,29,80,0
2025-03-20,PROD005,WH003,133,0,25,108,0
2025-03-20,PROD006,WH003,32,0,10,22,0
2025-03-20,PROD007,WH003,70,0,18,52,0
2025-03-20,PROD008,WH003,165,0,25,140,0
2025-03-20,PROD009,WH004,82,243,41,284,0
2025-03-20,PROD010,WH001,229,0,63,166,0
2025-03-20,PROD011,WH001,773,0,101,672,0
2025-03-20,PROD012,WH001,159,0,23,136,0
2025-03-20,PROD013,WH004,612,0,114,498,0
2025-03-20,PROD014,WH004,303,0,83,220,0
2025-03-20,PROD015,WH004,150,0,44,106,0
2025-03-20,PROD016,WH004,167,0,21,146,0
2025-03-20,PROD017,WH003,287,0,44,243,0
2025-03-20,PROD018,WH003,206,0,32,174,0
2025-03-20,PROD019,WH001,35,0,6,29,0
2025-03-20,PROD020,WH001,96,0,11,85,0
2025-03-21,PROD001,WH001,24,0,12,12,0
2025-03-21,PROD002,WH001,35,0,9,26,0
2025-03-21,PROD003,WH002,73,0,14,59,0
2025-03-21,PROD004,WH002,80,0,19,61,0
2025-03-21,PROD005,WH003,108,0,28,80,0
2025-03-21,PROD006,WH003,22,59,8,73,0
2025-03-21,PROD007,WH003,52,111,22,141,0
2025-03-21,PROD008,WH003,140,0,39,101,0
2025-03-21,PROD009,WH004,284,0,26,258,0
2025-03-21,PROD010,WH001,166,0,41,125,0
2025-03-21,PROD011,WH001,672,0,89,583,0
2025-03-21,PROD012,WH001,136,0,38,98,0
2025-03-21,PROD013,WH004,498,0,86,412,0
2025-03-21,PROD014,WH004,220,728,64,884,0
2025-03-21,PROD015,WH004,106,0,45,61,0
2025-03-21,PROD016,WH004,146,0,20,126,0
2025-03-21,PROD017,WH003,243,0,62,181,0
2025-03-21,PROD018,WH003,174,0,57,117,0
2025-03-21,PROD019,WH001,29,0,10,19,0
2025-03-21,PROD020,WH001,85,0,4,81,0
2025-03-22,PROD001,WH001,12,56,11,57,0
2025-03-22,PROD002,WH001,26,0,4,22,0
2025-03-22,PROD003,WH002,59,0,9,50,0
2025-03-22,PROD004,WH002,61,0,19,42,0
2025-03-22,PROD005,WH003,80,0,128,0,48
2025-03-22,PROD006,WH003,73,0,8,65,0
2025-03-22,PROD007,WH003,141,0,16,125,0
2025-03-22,PROD008,WH003,101,0,37,64,0
2025-03-22,PROD009,WH004,258,0,30,228,0
2025-03-22,PROD010,WH001,125,370,39,456,0
2025-03-22,PROD011,WH001,583,0,81,502,0
2025-03-22,PROD012,WH001,98,0,17,81,0
2025-03-22,PROD013,WH004,412,0,95,317,0
2025-03-22,PROD014,WH004,884,0,101,783,0
2025-03-22,PROD015,WH004,61,209,38,232,0
2025-03-22,PROD016,WH004,126,0,177,0,51
2025-03-22,PROD017,WH003,181,0,57,124,0
2025-03-22,PROD018,WH003,117,0,36,81,0
2025-03-22,PROD019,WH001,19,77,7,89,0
2025-03-22,PROD020,WH001,81,0,10,71,0
2025-03-23,PROD001,WH001,57,0,11,46,0
2025-03-23,PROD002,WH001,22,0,3,19,0
2025-03-23,PROD003,WH002,50,0,9,41,0
2025-03-23,PROD004,WH002,42,103,24,121,0
2025-03-23,PROD005,WH003,0,156,20,136,0
2025-03-23,PROD006,WH003,65,0,12,53,0
2025-03-23,PROD007,WH003,125,0,9,116,0
2025-03-23,PROD008,WH003,64,183,29,218,0
2025-03-23,PROD009,WH004,228,0,31,197,0
2025-03-23,PROD010,WH001,456,0,74,382,0
2025-03-23,PROD011,WH001,502,0,51,451,0
2025-03-23,PROD012,WH001,81,0,23,58,0
2025-03-23,PROD013,WH004,317,0,92,225,0
2025-03-23,PROD014,WH004,783,0,50,733,0
2025-03-23,PROD015,WH004,232,0,29,203,0
2025-03-23,PROD016,WH004,0,185,22,163,0
2025-03-23,PROD017,WH003,124,0,26,98,0
2025-03-23,PROD018,WH003,81,349,13,417,0
2025-03-23,PROD019,WH001,89,0,7,82,0
2025-03-23,PROD020,WH001,71,0,7,64,0
2025-03-24,PROD001,WH001,46,0,8,38,0
2025-03-24,PROD002,WH001,19,0,7,12,0
2025-03-24,PROD003,WH002,41,79,9,111,0
2025-03-24,PROD004,WH002,121,0,22,99,0
2025-03-24,PROD005,WH003,136,0,34,102,0
2025-03-24,PROD006,WH003,53,0,9,44,0
2025-03-24,PROD007,WH003,116,0,20,96,0
2025-03-24,PROD008,WH003,218,0,28,190,0
2025-03-24,PROD009,WH004,197,0,25,172,0
2025-03-24,PROD010,WH001,382,0,57,325,0
2025-03-24,PROD011,WH001,451,0,69,382,0
2025-03-24,PROD012,WH001,58,196,27,227,0
2025-03-24,PROD013,WH004,225,835,95,965,0
2025-03-24,PROD014,WH004,733,0,90,643,0
2025-03-24,PROD015,WH004,203,0,48,155,0
2025-03-24,PROD016,WH004,163,0,21,142,0
2025-03-24,PROD017,WH003,98,237,48,287,0
2025-03-24,PROD018,WH003,417,0,43,374,0
2025-03-24,PROD019,WH001,82,0,8,74,0
2025-03-24,PROD020,WH001,64,0,8,56,0
2025-03-25,PROD001,WH001,38,0,7,31,0
2025-03-25,PROD002,WH001,12,50,6,56,0
2025-03-25,PROD003,WH002,111,0,10,101,0
2025-03-25,PROD004,WH002,99,0,24,75,0
2025-03-25,PROD005,WH003,102,0,25,77,0
2025-03-25,PROD006,WH003,44,0,7,37,0
2025-03-25,PROD007,WH003,96,0,22,74,0
2025-03-25,PROD008,WH003,190,0,34,156,0
2025-03-25,PROD009,WH004,172,0,51,121,0
2025-03-25,PROD010,WH001,325,0,41,284,0
2025-03-25,PROD011,WH001,382,0,57,325,0
2025-03-25,PROD012,WH001,227,0,439,0,212
2025-03-25,PROD013,WH004,965,0,116,849,0
2025-03-25,PROD014,WH004,643,0,64,579,0
2025-03-25,PROD015,WH004,155,0,29,126,0
2025-03-25,PROD016,WH004,142,0,282,0,140
2025-03-25,PROD017,WH003,287,0,38,249,0
2025-03-25,PROD018,WH003,374,0,45,329,0
2025-03-25,PROD019,WH001,74,0,8,66,0
2025-03-25,PROD020,WH001,56,0,8,48,0
2025-03-26,PROD001,WH001,31,0,2,29,0
2025-03-26,PROD002,WH001,56,0,8,48,0
2025-03-26,PROD003,WH002,101,0,23,78,0
2025-03-26,PROD004,WH002,75,0,33,42,0
2025-03-26,PROD005,WH003,77,0,26,51,0
2025-03-26,PROD006,WH003,37,0,13,24,0
2025-03-26,PROD007,WH003,74,0,12,62,0
2025-03-26,PROD008,WH003,156,0,37,119,0
2025-03-26,PROD009,WH004,121,0,32,89,0
2025-03-26,PROD010,WH001,284,0,31,253,0
2025-03-26,PROD011,WH001,325,0,104,221,0
2025-03-26,PROD012,WH001,0,159,22,137,0
2025-03-26,PROD013,WH004,849,0,107,742,0
2025-03-26,PROD014,WH004,579,0,86,493,0
2025-03-26,PROD015,WH004,126,0,23,103,0
2025-03-26,PROD016,WH004,0,123,20,103,0
2025-03-26,PROD017,WH003,249,0,331,0,82
2025-03-26,PROD018,WH003,329,0,34,295,0
2025-03-26,PROD019,WH001,66,0,9,57,0
2025-03-26,PROD020,WH001,48,0,15,33,0
2025-03-27,PROD001,WH001,29,0,10,19,0
2025-03-27,PROD002,WH001,48,0,6,42,0
2025-03-27,PROD003,WH002,78,0,14,64,0
2025-03-27,PROD004,WH002,42,177,16,203,0
2025-03-27,PROD005,WH003,51,151,25,177,0
2025-03-27,PROD006,WH003,24,63,9,78,0
2025-03-27,PROD007,WH003,62,0,11,51,0
2025-03-27,PROD008,WH003,119,0,16,103,0
2025-03-27,PROD009,WH004,89,312,38,363,0
2025-03-27,PROD010,WH001,253,0,34,219,0
2025-03-27,PROD011,WH001,221,0,72,149,0
2025-03-27,PROD012,WH001,137,0,21,116,0
2025-03-27,PROD013,WH004,742,0,105,637,0
2025-03-27,PROD014,WH004,493,0,59,434,0
2025-03-27,PROD015,WH004,103,0,21,82,0
2025-03-27,PROD016,WH004,103,0,11,92,0
2025-03-27,PROD017,WH003,0,255,36,219,0
2025-03-27,PROD018,WH003,295,0,35,260,0
2025-03-27,PROD019,WH001,57,0,9,48,0
2025-03-27,PROD020,WH001,33,99,12,120,0
2025-03-28,PROD001,WH001,19,61,8,72,0
2025-03-28,PROD002,WH001,42,0,6,36,0
2025-03-28,PROD003,WH002,64,0,10,54,0
2025-03-28,PROD004,WH002,203,0,17,186,0
2025-03-28,PROD005,WH003,177,0,51,126,0
2025-03-28,PROD006,WH003,78,0,11,67,0
2025-03-28,PROD007,WH003,51,101,18,134,0
2025-03-28,PROD008,WH003,103,0,44,59,0
2025-03-28,PROD009,WH004,363,0,41,322,0
2025-03-28,PROD010,WH001,219,0,61,158,0
2025-03-28,PROD011,WH001,149,572,51,670,0
2025-03-28,PROD012,WH001,116,0,6,110,0
2025-03-28,PROD013,WH004,637,0,98,539,0
2025-03-28,PROD014,WH004,434,0,95,339,0
2025-03-28,PROD015,WH004,82,203,27,258,0
2025-03-28,PROD016,WH004,92,0,19,73,0
2025-03-28,PROD017,WH003,219,0,66,153,0
2025-03-28,PROD018,WH003,260,0,34,226,0
2025-03-28,PROD019,WH001,48,0,7,41,0
2025-03-28,PROD020,WH001,120,0,10,110,0
2025-03-29,PROD001,WH001,72,0,12,60,0
2025-03-29,PROD002,WH001,36,0,7,29,0
2025-03-29,PROD003,WH002,54,0,16,38,0
2025-03-29,PROD004,WH002,186,0,16,170,0
2025-03-29,PROD005,WH003,126,0,26,100,0
2025-03-29,PROD006,WH003,67,0,13,54,0
2025-03-29,PROD007,WH003,134,0,21,113,0
2025-03-29,PROD008,WH003,59,276,31,304,0
2025-03-29,PROD009,WH004,322,0,30,292,0
2025-03-29,PROD010,WH001,158,0,45,113,0
2025-03-29,PROD011,WH001,670,0,80,590,0
2025-03-29,PROD012,WH001,110,0,21,89,0
2025-03-29,PROD013,WH004,539,0,50,489,0
2025-03-29,PROD014,WH004,339,0,101,238,0
2025-03-29,PROD015,WH004,258,0,31,227,0
2025-03-29,PROD016,WH004,73,0,54,19,0
2025-03-29,PROD017,WH003,153,0,23,130,0
2025-03-29,PROD018,WH003,226,0,44,182,0
2025-03-29,PROD019,WH001,41,0,6,35,0
2025-03-29,PROD020,WH001,110,0,13,97,0
2025-03-30,PROD001,WH001,60,0,10,50,0
2025-03-30,PROD002,WH001,29,0,6,23,0
2025-03-30,PROD003,WH002,38,77,16,99,0
2025-03-30,PROD004,WH002,170,0,27,143,0
2025-03-30,PROD005,WH003,100,0,29,71,0
2025-03-30,PROD006,WH003,54,0,7,47,0
2025-03-30,PROD007,WH003,113,0,21,92,0
2025-03-30,PROD008,WH003,304,0,22,282,0
2025-03-30,PROD009,WH004,292,0,494,0,202
2025-03-30,PROD010,WH001,113,428,35,506,0
2025-03-30,PROD011,WH001,590,0,65,525,0
2025-03-30,PROD012,WH001,89,0,21,68,0
2025-03-30,PROD013,WH004,489,0,86,403,0
2025-03-30,PROD014,WH004,238,581,78,741,0
2025-03-30,PROD015,WH004,227,0,24,203,0
2025-03-30,PROD016,WH004,19,135,20,134,0
2025-03-30,PROD017,WH003,130,0,53,77,0
2025-03-30,PROD018,WH003,182,0,38,144,0
2025-03-30,PROD019,WH001,35,0,12,23,0
2025-03-30,PROD020,WH001,97,0,15,82,0
2025-03-31,PROD001,WH001,50,0,9,41,0
2025-03-31,PROD002,WH001,23,0,9,14,0
2025-03-31,PROD003,WH002,99,0,12,87,0
2025-03-31,PROD004,WH002,143,0,22,121,0
2025-03-31,PROD005,WH003,71,209,22,258,0
2025-03-31,PROD006,WH003,47,0,9,38,0
2025-03-31,PROD007,WH003,92,0,9,83,0
2025-03-31,PROD008,WH003,282,0,29,253,0
2025-03-31,PROD009,WH004,0,340,18,322,0
2025-03-31,PROD010,WH001,506,0,43,463,0
2025-03-31,PROD011,WH001,525,0,79,446,0
2025-03-31,PROD012,WH001,68,148,31,185,0
2025-03-31,PROD013,WH004,403,0,103,300,0
2025-03-31,PROD014,WH004,741,0,45,696,0
2025-03-31,PROD015,WH004,203,0,34,169,0
2025-03-31,PROD016,WH004,134,0,25,109,0
2025-03-31,PROD017,WH003,77,305,34,348,0
2025-03-31,PROD018,WH003,144,0,34,110,0
2025-03-31,PROD019,WH001,23,69,8,84,0
2025-03-31,PROD020,WH001,82,0,12,70,0
2025-04-01,PROD001,WH001,41,0,8,33,0
2025-04-01,PROD002,WH001,14,49,5,58,0
2025-04-01,PROD003,WH002,87,0,7,80,0
2025-04-01,PROD004,WH002,121,0,31,90,0
2025-04-01,PROD005,WH003,258,0,28,230,0
2025-04-01,PROD006,WH003,38,0,7,31,0
2025-04-01,PROD007,WH003,83,0,20,63,0
2025-04-01,PROD008,WH003,253,0,24,229,0
2025-04-01,PROD009,WH004,322,0,22,300,0
2025-04-01,PROD010,WH001,463,0,42,421,0
2025-04-01,PROD011,WH001,446,0,55,391,0
2025-04-01,PROD012,WH001,185,0,24,161,0
2025-04-01,PROD013,WH004,300,0,53,247,0
2025-04-01,PROD014,WH004,696,0,95,601,0
2025-04-01,PROD015,WH004,169,0,28,141,0
2025-04-01,PROD016,WH004,109,0,17,92,0
2025-04-01,PROD017,WH003,348,0,40,308,0
2025-04-01,PROD018,WH003,110,0,43,67,0
2025-04-01,PROD019,WH001,84,0,10,74,0
2025-04-01,PROD020,WH001,70,0,10,60,0
2025-04-02,PROD001,WH001,33,0,60,0,27
2025-04-02,PROD002,WH001,58,0,3,55,0
2025-04-02,PROD003,WH002,80,0,19,61,0
2025-04-02,PROD004,WH002,90,0,25,65,0
2025-04-02,PROD005,WH003,230,0,368,0,138
2025-04-02,PROD006,WH003,31,0,4,27,0
2025-04-02,PROD007,WH003,63,0,16,47,0
2025-04-02,PROD008,WH003,229,0,22,207,0
2025-04-02,PROD009,WH004,300,0,41,259,0
2025-04-02,PROD010,WH001,421,0,35,386,0
2025-04-02,PROD011,WH001,391,0,86,305,0
2025-04-02,PROD012,WH001,161,0,25,136,0
2025-04-02,PROD013,WH004,247,595,98,744,0
2025-04-02,PROD014,WH004,601,0,100,501,0
2025-04-02,PROD015,WH004,141,0,27,114,0
2025-04-02,PROD016,WH004,92,0,24,68,0
2025-04-02,PROD017,WH003,308,0,52,256,0
2025-04-02,PROD018,WH003,67,281,33,315,0
2025-04-02,PROD019,WH001,74,0,10,64,0
2025-04-02,PROD020,WH001,60,0,12,48,0
2025-04-03,PROD001,WH001,0,69,6,63,0
2025-04-03,PROD002,WH001,55,0,6,49,0
2025-04-03,PROD003,WH002,61,0,10,51,0
2025-04-03,PROD004,WH002,65,0,114,0,49
2025-04-03,PROD005,WH003,0,195,25,170,0
2025-04-03,PROD006,WH003,27,68,13,82,0
2025-04-03,PROD007,WH003,47,120,25,142,0
2025-04-03,PROD008,WH003,207,0,29,178,0
2025-04-03,PROD009,WH004,259,0,37,222,0
2025-04-03,PROD010,WH001,386,0,38,348,0
2025-04-03,PROD011,WH001,305,0,103,202,0
2025-04-03,PROD012,WH001,136,0,20,116,0
2025-04-03,PROD013,WH004,744,0,98,646,0
2025-04-03,PROD014,WH004,501,0,84,417,0
2025-04-03,PROD015,WH004,114,0,40,74,0
2025-04-03,PROD016,WH004,68,0,17,51,0
2025-04-03,PROD017,WH003,256,0,51,205,0
2025-04-03,PROD018,WH003,315,0,39,276,0
2025-04-03,PROD019,WH001,64,0,8,56,0
2025-04-03,PROD020,WH001,48,0,10,38,0
2025-04-04,PROD001,WH001,63,0,5,58,0
2025-04-04,PROD002,WH001,49,0,5,44,0
2025-04-04,PROD003,WH002,51,0,17,34,0
2025-04-04,PROD004,WH002,0,191,16,175,0
2025-04-04,PROD005,WH003,170,0,27,143,0
2025-04-04,PROD006,WH003,82,0,6,76,0
2025-04-04,PROD007,WH003,142,0,22,120,0
2025-04-04,PROD008,WH003,178,0,40,138,0
2025-04-04,PROD009,WH004,222,0,41,181,0
2025-04-04,PROD010,WH001,348,0,39,309,0
2025-04-04,PROD011,WH001,202,647,66,783,0
2025-04-04,PROD012,WH001,116,0,18,98,0
2025-04-04,PROD013,WH004,646,0,135,511,0
2025-04-04,PROD014,WH004,417,0,84,333,0
2025-04-04,PROD015,WH004,74,262,29,307,0
2025-04-04,PROD016,WH004,51,118,18,151,0
2025-04-04,PROD017,WH003,205,0,46,159,0
2025-04-04,PROD018,WH003,276,0,32,244,0
2025-04-04,PROD019,WH001,56,0,9,47,0
2025-04-04,PROD020,WH001,38,0,6,32,0
2025-04-05,PROD001,WH001,58,0,5,53,0
2025-04-05,PROD002,WH001,44,0,5,39,0
2025-04-05,PROD003,WH002,34,146,20,160,0
2025-04-05,PROD004,WH002,175,0,25,150,0
2025-04-05,PROD005,WH003,143,0,29,114,0
2025-04-05,PROD006,WH003,76,0,6,70,0
2025-04-05,PROD007,WH003,120,0,10,110,0
2025-04-05,PROD008,WH003,138,0,25,113,0
2025-04-05,PROD009,WH004,181,0,57,124,0
2025-04-05,PROD010,WH001,309,0,44,265,0
2025-04-05,PROD011,WH001,783,0,103,680,0
2025-04-05,PROD012,WH001,98,0,24,74,0
2025-04-05,PROD013,WH004,511,0,77,434,0
2025-04-05,PROD014,WH004,333,0,94,239,0
2025-04-05,PROD015,WH004,307,0,34,273,0
2025-04-05,PROD016,WH004,151,0,26,125,0
2025-04-05,PROD017,WH003,159,0,28,131,0
2025-04-05,PROD018,WH003,244,0,19,225,0
2025-04-05,PROD019,WH001,47,0,7,40,0
2025-04-05,PROD020,WH001,32,74,12,94,0
2025-04-06,PROD001,WH001,53,0,9,44,0
2025-04-06,PROD002,WH001,39,0,5,34,0
2025-04-06,PROD003,WH002,160,0,15,145,0
2025-04-06,PROD004,WH002,150,0,20,130,0
2025-04-06,PROD005,WH003,114,0,14,100,0
2025-04-06,PROD006,WH003,70,0,11,59,0
2025-04-06,PROD007,WH003,110,0,19,91,0
2025-04-06,PROD008,WH003,113,0,37,76,0
2025-04-06,PROD009,WH004,124,0,30,94,0
2025-04-06,PROD010,WH001,265,0,70,195,0
2025-04-06,PROD011,WH001,680,0,64,616,0
2025-04-06,PROD012,WH001,74,139,26,187,0
2025-04-06,PROD013,WH004,434,0,99,335,0
2025-04-06,PROD014,WH004,239,788,102,925,0
2025-04-06,PROD015,WH004,273,0,31,242,0
2025-04-06,PROD016,WH004,125,0,9,116,0
2025-04-06,PROD017,WH003,131,0,48,83,0
2025-04-06,PROD018,WH003,225,0,42,183,0
2025-04-06,PROD019,WH001,40,0,9,31,0
2025-04-06,PROD020,WH001,94,0,10,84,0
2025-04-07,PROD001,WH001,44,0,8,36,0
2025-04-07,PROD002,WH001,34,0,5,29,0
2025-04-07,PROD003,WH002,145,0,7,138,0
2025-04-07,PROD004,WH002,130,0,30,100,0
2025-04-07,PROD005,WH003,100,0,23,77,0
2025-04-07,PROD006,WH003,59,0,8,51,0
2025-04-07,PROD007,WH003,91,0,18,73,0
2025-04-07,PROD008,WH003,76,193,38,231,0
2025-04-07,PROD009,WH004,94,282,25,351,0
2025-04-07,PROD010,WH001,195,0,39,156,0
2025-04-07,PROD011,WH001,616,0,67,549,0
2025-04-07,PROD012,WH001,187,0,30,157,0
2025-04-07,PROD013,WH004,335,0,57,278,0
2025-04-07,PROD014,WH004,925,0,76,849,0
2025-04-07,PROD015,WH004,242,0,31,211,0
2025-04-07,PROD016,WH004,116,0,16,100,0
2025-04-07,PROD017,WH003,83,261,24,320,0
2025-04-07,PROD018,WH003,183,0,50,133,0
2025-04-07,PROD019,WH001,31,0,7,24,0
2025-04-07,PROD020,WH001,84,0,11,73,0
2025-04-08,PROD001,WH001,36,0,9,27,0
2025-04-08,PROD002,WH001,29,0,6,23,0
2025-04-08,PROD003,WH002,138,0,12,126,0
2025-04-08,PROD004,WH002,100,0,12,88,0
2025-04-08,PROD005,WH003,77,0,24,53,0
2025-04-08,PROD006,WH003,51,0,7,44,0
2025-04-08,PROD007,WH003,73,0,11,62,0
2025-04-08,PROD008,WH003,231,0,27,204,0
2025-04-08,PROD009,WH004,351,0,24,327,0
2025-04-08,PROD010,WH001,156,0,45,111,0
2025-04-08,PROD011,WH001,549,0,62,487,0
2025-04-08,PROD012,WH001,157,0,32,125,0
2025-04-08,PROD013,WH004,278,823,132,969,0
2025-04-08,PROD014,WH004,849,0,105,744,0
2025-04-08,PROD015,WH004,211,0,44,167,0
2025-04-08,PROD016,WH004,100,0,39,61,0
2025-04-08,PROD017,WH003,320,0,64,256,0
2025-04-08,PROD018,WH003,133,0,39,94,0
2025-04-08,PROD019,WH001,24,0,10,14,0
2025-04-08,PROD020,WH001,73,0,8,65,0
2025-04-09,PROD001,WH001,27,0,6,21,0
2025-04-09,PROD002,WH001,23,0,4,19,0
2025-04-09,PROD003,WH002,126,0,174,0,48
2025-04-09,PROD004,WH002,88,0,15,73,0
2025-04-09,PROD005,WH003,53,153,20,186,0
2025-04-09,PROD006,WH003,44,0,12,32,0
2025-04-09,PROD007,WH003,62,0,24,38,0
2025-04-09,PROD008,WH003,204,0,27,177,0
2025-04-09,PROD009,WH004,327,0,56,271,0
2025-04-09,PROD010,WH001,111,232,35,308,0
2025-04-09,PROD011,WH001,487,0,588,0,101
2025-04-09,PROD012,WH001,125,0,25,100,0
2025-04-09,PROD013,WH004,969,0,131,838,0
2025-04-09,PROD014,WH004,744,0,99,645,0
2025-04-09,PROD015,WH004,167,0,35,132,0
2025-04-09,PROD016,WH004,61,0,23,38,0
2025-04-09,PROD017,WH003,256,0,55,201,0
2025-04-09,PROD018,WH003,94,265,31,328,0
2025-04-09,PROD019,WH001,14,58,7,65,0
2025-04-09,PROD020,WH001,65,0,10,55,0
2025-04-10,PROD001,WH001,21,64,12,73,0
2025-04-10,PROD002,WH001,19,0,8,11,0
2025-04-10,PROD003,WH002,0,76,19,57,0
2025-04-10,PROD004,WH002,73,0,22,51,0
2025-04-10,PROD005,WH003,186,0,34,152,0
2025-04-10,PROD006,WH003,32,0,4,28,0
2025-04-10,PROD007,WH003,38,101,9,130,0
2025-04-10,PROD008,WH003,177,0,40,137,0
2025-04-10,PROD009,WH004,271,0,31,240,0
2025-04-10,PROD010,WH001,308,0,41,267,0
2025-04-10,PROD011,WH001,0,685,95,590,0
2025-04-10,PROD012,WH001,100,0,26,74,0
2025-04-10,PROD013,WH004,838,0,126,712,0
2025-04-10,PROD014,WH004,645,0,91,554,0
2025-04-10,PROD015,WH004,132,0,39,93,0
2025-04-10,PROD016,WH004,38,174,21,191,0
2025-04-10,PROD017,WH003,201,0,40,161,0
2025-04-10,PROD018,WH003,328,0,28,300,0
2025-04-10,PROD019,WH001,65,0,4,61,0
2025-04-10,PROD020,WH001,55,0,8,47,0
2025-04-11,PROD001,WH001,73,0,5,68,0
2025-04-11,PROD002,WH001,11,52,7,56,0
2025-04-11,PROD003,WH002,57,0,18,39,0
2025-04-11,PROD004,WH002,51,185,17,219,0
2025-04-11,PROD005,WH003,152,0,34,118,0
2025-04-11,PROD006,WH003,28,86,7,107,0
2025-04-11,PROD007,WH003,130,0,11,119,0
2025-04-11,PROD008,WH003,137,0,40,97,0
2025-04-11,PROD009,WH004,240,0,40,200,0
2025-04-11,PROD010,WH001,267,0,34,233,0
2025-04-11,PROD011,WH001,590,0,98,492,0
2025-04-11,PROD012,WH001,74,184,21,237,0
2025-04-11,PROD013,WH004,712,0,897,0,185
2025-04-11,PROD014,WH004,554,0,77,477,0
2025-04-11,PROD015,WH004,93,0,45,48,0
2025-04-11,PROD016,WH004,191,0,18,173,0
2025-04-11,PROD017,WH003,161,0,29,132,0
2025-04-11,PROD018,WH003,300,0,34,266,0
2025-04-11,PROD019,WH001,61,0,9,52,0
2025-04-11,PROD020,WH001,47,0,13,34,0
2025-04-12,PROD001,WH001,68,0,9,59,0
2025-04-12,PROD002,WH001,56,0,5,51,0
2025-04-12,PROD003,WH002,39,131,15,155,0
2025-04-12,PROD004,WH002,219,0,22,197,0
2025-04-12,PROD005,WH003,118,0,26,92,0
2025-04-12,PROD006,WH003,107,0,10,97,0
2025-04-12,PROD007,WH003,119,0,12,107,0
2025-04-12,PROD008,WH003,97,0,41,56,0
2025-04-12,PROD009,WH004,200,0,24,176,0
2025-04-12,PROD010,WH001,233,0,67,166,0
2025-04-12,PROD011,WH001,492,0,94,398,0
2025-04-12,PROD012,WH001,237,0,298,0,61
2025-04-12,PROD013,WH004,0,855,116,739,0
2025-04-12,PROD014,WH004,477,0,72,405,0
2025-04-12,PROD015,WH004,48,212,37,223,0
2025-04-12,PROD016,WH004,173,0,19,154,0
2025-04-12,PROD017,WH003,132,0,57,75,0
2025-04-12,PROD018,WH003,266,0,28,238,0
2025-04-12,PROD019,WH001,52,0,8,44,0
2025-04-12,PROD020,WH001,34,70,9,95,0
2025-04-13,PROD001,WH001,59,0,6,53,0
2025-04-13,PROD002,WH001,51,0,5,46,0
2025-04-13,PROD003,WH002,155,0,13,142,0
2025-04-13,PROD004,WH002,197,0,9,188,0
2025-04-13,PROD005,WH003,92,0,27,65,0
2025-04-13,PROD006,WH003,97,0,11,86,0
2025-04-13,PROD007,WH003,107,0,13,94,0
2025-04-13,PROD008,WH003,56,249,13,292,0
2025-04-13,PROD009,WH004,176,0,47,129,0
2025-04-13,PROD010,WH001,166,0,33,133,0
2025-04-13,PROD011,WH001,398,0,73,325,0
2025-04-13,PROD012,WH001,0,213,30,183,0
2025-04-13,PROD013,WH004,739,0,118,621,0
2025-04-13,PROD014,WH004,405,0,63,342,0
2025-04-13,PROD015,WH004,223,0,269,0,46
2025-04-13,PROD016,WH004,154,0,18,136,0
2025-04-13,PROD017,WH003,75,383,32,426,0
2025-04-13,PROD018,WH003,238,0,53,185,0
2025-04-13,PROD019,WH001,44,0,85,0,41
2025-04-13,PROD020,WH001,95,0,7,88,0
2025-04-14,PROD001,WH001,53,0,9,44,0
2025-04-14,PROD002,WH001,46,0,6,40,0
2025-04-14,PROD003,WH002,142,0,8,134,0
2025-04-14,PROD004,WH002,188,0,18,170,0
2025-04-14,PROD005,WH003,65,160,27,198,0
2025-04-14,PROD006,WH003,86,0,4,82,0
2025-04-14,PROD007,WH003,94,0,13,81,0
2025-04-14,PROD008,WH003,292,0,354,0,62
2025-04-14,PROD009,WH004,129,0,33,96,0
2025-04-14,PROD010,WH001,133,291,45,379,0
2025-04-14,PROD011,WH001,325,0,81,244,0
2025-04-14,PROD012,WH001,183,0,40,143,0
2025-04-14,PROD013,WH004,621,0,138,483,0
2025-04-14,PROD014,WH004,342,0,111,231,0
2025-04-14,PROD015,WH004,0,198,20,178,0
2025-04-14,PROD016,WH004,136,0,24,112,0
2025-04-14,PROD017,WH003,426,0,38,388,0
2025-04-14,PROD018,WH003,185,0,17,168,0
2025-04-14,PROD019,WH001,0,46,7,39,0
2025-04-14,PROD020,WH001,88,0,11,77,0
2025-04-15,PROD001,WH001,44,0,8,36,0
2025-04-15,PROD002,WH001,40,0,5,35,0
2025-04-15,PROD003,WH002,134,0,10,124,0
2025-04-15,PROD004,WH002,170,0,19,151,0
2025-04-15,PROD005,WH003,198,0,29,169,0
2025-04-15,PROD006,WH003,82,0,18,64,0
2025-04-15,PROD007,WH003,81,0,21,60,0
2025-04-15,PROD008,WH003,0,248,32,216,0
2025-04-15,PROD009,WH004,96,263,42,317,0
2025-04-15,PROD010,WH001,379,0,38,341,0
2025-04-15,PROD011,WH001,244,0,65,179,0
2025-04-15,PROD012,WH001,143,0,25,118,0
2025-04-15,PROD013,WH004,483,0,76,407,0
2025-04-15,PROD014,WH004,231,727,86,872,0
2025-04-15,PROD015,WH004,178,0,26,152,0
2025-04-15,PROD016,WH004,112,0,25,87,0
2025-04-15,PROD017,WH003,388,0,23,365,0
2025-04-15,PROD018,WH003,168,0,26,142,0
2025-04-15,PROD019,WH001,39,0,2,37,0
2025-04-15,PROD020,WH001,77,0,6,71,0
2025-04-16,PROD001,WH001,36,0,8,28,0
2025-04-16,PROD002,WH001,35,0,5,30,0
2025-04-16,PROD003,WH002,124,0,14,110,0
2025-04-16,PROD004,WH002,151,0,12,139,0
2025-04-16,PROD005,WH003,169,0,24,145,0
2025-04-16,PROD006,WH003,64,0,5,59,0
2025-04-16,PROD007,WH003,60,0,16,44,0
2025-04-16,PROD008,WH003,216,0,46,170,0
2025-04-16,PROD009,WH004,317,0,34,283,0
2025-04-16,PROD010,WH001,341,0,49,292,0
2025-04-16,PROD011,WH001,179,546,108,617,0
2025-04-16,PROD012,WH001,118,0,34,84,0
2025-04-16,PROD013,WH004,407,0,92,315,0
2025-04-16,PROD014,WH004,872,0,96,776,0
2025-04-16,PROD015,WH004,152,0,30,122,0
2025-04-16,PROD016,WH004,87,0,18,69,0
2025-04-16,PROD017,WH003,365,0,27,338,0
2025-04-16,PROD018,WH003,142,0,36,106,0
2025-04-16,PROD019,WH001,37,0,5,32,0
2025-04-16,PROD020,WH001,71,0,16,55,0
2025-04-17,PROD001,WH001,28,0,6,22,0
2025-04-17,PROD002,WH001,30,0,7,23,0
2025-04-17,PROD003,WH002,110,0,7,103,0
2025-04-17,PROD004,WH002,139,0,10,129,0
2025-04-17,PROD005,WH003,145,0,19,126,0
2025-04-17,PROD006,WH003,59,0,14,45,0
2025-04-17,PROD007,WH003,44,173,23,194,0
2025-04-17,PROD008,WH003,170,0,30,140,0
2025-04-17,PROD009,WH004,283,0,35,248,0
2025-04-17,PROD010,WH001,292,0,51,241,0
2025-04-17,PROD011,WH001,617,0,47,570,0
2025-04-17,PROD012,WH001,84,0,33,51,0
2025-04-17,PROD013,WH004,315,0,137,178,0
2025-04-17,PROD014,WH004,776,0,57,719,0
2025-04-17,PROD015,WH004,122,0,21,101,0
2025-04-17,PROD016,WH004,69,0,119,0,50
2025-04-17,PROD017,WH003,338,0,40,298,0
2025-04-17,PROD018,WH003,106,0,38,68,0
2025-04-17,PROD019,WH001,32,0,5,27,0
2025-04-17,PROD020,WH001,55,0,16,39,0
2025-04-18,PROD001,WH001,22,62,7,77,0
2025-04-18,PROD002,WH001,23,0,5,18,0
2025-04-18,PROD003,WH002,103,0,19,84,0
2025-04-18,PROD004,WH002,129,0,20,109,0
2025-04-18,PROD005,WH003,126,0,34,92,0
2025-04-18,PROD006,WH003,45,0,59,0,14
2025-04-18,PROD007,WH003,194,0,13,181,0
2025-04-18,PROD008,WH003,140,0,33,107,0
2025-04-18,PROD009,WH004,248,0,25,223,0
2025-04-18,PROD010,WH001,241,0,63,178,0
2025-04-18,PROD011,WH001,570,0,52,518,0
2025-04-18,PROD012,WH001,51,177,25,203,0
2025-04-18,PROD013,WH004,178,625,81,722,0
2025-04-18,PROD014,WH004,719,0,69,650,0
2025-04-18,PROD015,WH004,101,0,34,67,0
2025-04-18,PROD016,WH004,0,189,22,167,0
2025-04-18,PROD017,WH003,298,0,53,245,0
2025-04-18,PROD018,WH003,68,272,27,313,0
2025-04-18,PROD019,WH001,27,0,10,17,0
2025-04-18,PROD020,WH001,39,0,12,27,0
2025-04-19,PROD001,WH001,77,0,7,70,0
2025-04-19,PROD002,WH001,18,0,4,14,0
2025-04-19,PROD003,WH002,84,0,12,72,0
2025-04-19,PROD004,WH002,109,0,18,91,0
2025-04-19,PROD005,WH003,92,0,31,61,0
2025-04-19,PROD006,WH003,0,55,7,48,0
2025-04-19,PROD007,WH003,181,0,12,169,0
2025-04-19,PROD008,WH003,107,0,28,79,0
2025-04-19,PROD009,WH004,223,0,37,186,0
2025-04-19,PROD010,WH001,178,0,52,126,0
2025-04-19,PROD011,WH001,518,0,636,0,118
2025-04-19,PROD012,WH001,203,0,32,171,0
2025-04-19,PROD013,WH004,722,0,139,583,0
2025-04-19,PROD014,WH004,650,0,73,577,0
2025-04-19,PROD015,WH004,67,283,32,318,0
2025-04-19,PROD016,WH004,167,0,18,149,0
2025-04-19,PROD017,WH003,245,0,37,208,0
2025-04-19,PROD018,WH003,313,0,30,283,0
2025-04-19,PROD019,WH001,17,76,12,81,0
2025-04-19,PROD020,WH001,27,110,15,122,0
2025-04-20,PROD001,WH001,70,0,5,65,0
2025-04-20,PROD002,WH001,14,47,10,51,0
2025-04-20,PROD003,WH002,72,0,14,58,0
2025-04-20,PROD004,WH002,91,0,20,71,0
2025-04-20,PROD005,WH003,61,226,18,269,0
2025-04-20,PROD006,WH003,48,0,12,36,0
2025-04-20,PROD007,WH003,169,0,19,150,0
2025-04-20,PROD008,WH003,79,240,35,284,0
2025-04-20,PROD009,WH004,186,0,36,150,0
2025-04-20,PROD010,WH001,126,275,16,385,0
2025-04-20,PROD011,WH001,0,415,78,337,0
2025-04-20,PROD012,WH001,171,0,22,149,0
2025-04-20,PROD013,WH004,583,0,98,485,0
2025-04-20,PROD014,WH004,577,0,111,466,0
2025-04-20,PROD015,WH004,318,0,38,280,0
2025-04-20,PROD016,WH004,149,0,15,134,0
2025-04-20,PROD017,WH003,208,0,30,178,0
2025-04-20,PROD018,WH003,283,0,43,240,0
2025-04-20,PROD019,WH001,81,0,7,74,0
2025-04-20,PROD020,WH001,122,0,18,104,0
2025-04-21,PROD001,WH001,65,0,8,57,0
2025-04-21,PROD002,WH001,51,0,6,45,0
2025-04-21,PROD003,WH002,58,0,9,49,0
2025-04-21,PROD004,WH002,71,0,18,53,0
2025-04-21,PROD005,WH003,269,0,32,237,0
2025-04-21,PROD006,WH003,36,0,10,26,0
2025-04-21,PROD007,WH003,150,0,19,131,0
2025-04-21,PROD008,WH003,284,0,18,266,0
2025-04-21,PROD009,WH004,150,0,27,123,0
2025-04-21,PROD010,WH001,385,0,27,358,0
2025-04-21,PROD011,WH001,337,0,95,242,0
2025-04-21,PROD012,WH001,149,0,30,119,0
2025-04-21,PROD013,WH004,485,0,157,328,0
2025-04-21,PROD014,WH004,466,0,75,391,0
2025-04-21,PROD015,WH004,280,0,29,251,0
2025-04-21,PROD016,WH004,134,0,29,105,0
2025-04-21,PROD017,WH003,178,0,69,109,0
2025-04-21,PROD018,WH003,240,0,34,206,0
2025-04-21,PROD019,WH001,74,0,7,67,0
2025-04-21,PROD020,WH001,104,0,15,89,0
2025-04-22,PROD001,WH001,57,0,6,51,0
2025-04-22,PROD002,WH001,45,0,7,38,0
2025-04-22,PROD003,WH002,49,0,15,34,0
2025-04-22,PROD004,WH002,53,184,21,216,0
2025-04-22,PROD005,WH003,237,0,25,212,0
2025-04-22,PROD006,WH003,26,59,9,76,0
2025-04-22,PROD007,WH003,131,0,19,112,0
2025-04-22,PROD008,WH003,266,0,26,240,0
2025-04-22,PROD009,WH004,123,0,26,97,0
2025-04-22,PROD010,WH001,358,0,42,316,0
2025-04-22,PROD011,WH001,242,0,72,170,0
2025-04-22,PROD012,WH001,119,0,27,92,0
2025-04-22,PROD013,WH004,328,0,117,211,0
2025-04-22,PROD014,WH004,391,0,64,327,0
2025-04-22,PROD015,WH004,251,0,31,220,0
2025-04-22,PROD016,WH004,105,0,24,81,0
2025-04-22,PROD017,WH003,109,345,32,422,0
2025-04-22,PROD018,WH003,206,0,39,167,0
2025-04-22,PROD019,WH001,67,0,7,60,0
2025-04-22,PROD020,WH001,89,0,12,77,0
2025-04-23,PROD001,WH001,51,0,6,45,0
2025-04-23,PROD002,WH001,38,0,4,34,0
2025-04-23,PROD003,WH002,34,144,8,170,0
2025-04-23,PROD004,WH002,216,0,21,195,0
2025-04-23,PROD005,WH003,212,0,24,188,0
2025-04-23,PROD006,WH003,76,0,14,62,0
2025-04-23,PROD007,WH003,112,0,25,87,0
2025-04-23,PROD008,WH003,240,0,33,207,0
2025-04-23,PROD009,WH004,97,221,45,273,0
2025-04-23,PROD010,WH001,316,0,43,273,0
2025-04-23,PROD011,WH001,170,469,1011,0,372
2025-04-23,PROD012,WH001,92,0,42,50,0
2025-04-23,PROD013,WH004,211,790,82,919,0
2025-04-23,PROD014,WH004,327,0,42,285,0
2025-04-23,PROD015,WH004,220,0,32,188,0
2025-04-23,PROD016,WH004,81,0,15,66,0
2025-04-23,PROD017,WH003,422,0,47,375,0
2025-04-23,PROD018,WH003,167,0,36,131,0
2025-04-23,PROD019,WH001,60,0,6,54,0
2025-04-23,PROD020,WH001,77,0,13,64,0
2025-04-24,PROD001,WH001,45,0,9,36,0
2025-04-24,PROD002,WH001,34,0,10,24,0
2025-04-24,PROD003,WH002,170,0,16,154,0
2025-04-24,PROD004,WH002,195,0,18,177,0
2025-04-24,PROD005,WH003,188,0,24,164,0
2025-04-24,PROD006,WH003,62,0,7,55,0
2025-04-24,PROD007,WH003,87,0,19,68,0
2025-04-24,PROD008,WH003,207,0,45,162,0
2025-04-24,PROD009,WH004,273,0,40,233,0
2025-04-24,PROD010,WH001,273,0,46,227,0
2025-04-24,PROD011,WH001,0,514,77,437,0
2025-04-24,PROD012,WH001,50,240,31,259,0
2025-04-24,PROD013,WH004,919,0,117,802,0
2025-04-24,PROD014,WH004,285,0,106,179,0
2025-04-24,PROD015,WH004,188,0,36,152,0
2025-04-24,PROD016,WH004,66,0,13,53,0
2025-04-24,PROD017,WH003,375,0,60,315,0
2025-04-24,PROD018,WH003,131,0,35,96,0
2025-04-24,PROD019,WH001,54,0,6,48,0
2025-04-24,PROD020,WH001,64,0,13,51,0
2025-04-25,PROD001,WH001,36,0,6,30,0
2025-04-25,PROD002,WH001,24,0,3,21,0
2025-04-25,PROD003,WH002,154,0,13,141,0
2025-04-25,PROD004,WH002,177,0,12,165,0
2025-04-25,PROD005,WH003,164,0,36,128,0
2025-04-25,PROD006,WH003,55,0,13,42,0
2025-04-25,PROD007,WH003,68,0,26,42,0
2025-04-25,PROD008,WH003,162,0,32,130,0
2025-04-25,PROD009,WH004,233,0,17,216,0
2025-04-25,PROD010,WH001,227,0,31,196,0
2025-04-25,PROD011,WH001,437,0,106,331,0
2025-04-25,PROD012,WH001,259,0,27,232,0
2025-04-25,PROD013,WH004,802,0,63,739,0
2025-04-25,PROD014,WH004,179,736,70,845,0
2025-04-25,PROD015,WH004,152,0,20,132,0
2025-04-25,PROD016,WH004,53,157,23,187,0
2025-04-25,PROD017,WH003,315,0,47,268,0
2025-04-25,PROD018,WH003,96,275,55,316,0
2025-04-25,PROD019,WH001,48,0,5,43,0
2025-04-25,PROD020,WH001,51,0,10,41,0
2025-04-26,PROD001,WH001,30,0,9,21,0
2025-04-26,PROD002,WH001,21,0,32,0,11
2025-04-26,PROD003,WH002,141,0,12,129,0
2025-04-26,PROD004,WH002,165,0,13,152,0
2025-04-26,PROD005,WH003,128,0,23,105,0
2025-04-26,PROD006,WH003,42,0,17,25,0
2025-04-26,PROD007,WH003,42,96,23,115,0
2025-04-26,PROD008,WH003,130,0,32,98,0
2025-04-26,PROD009,WH004,216,0,34,182,0
2025-04-26,PROD010,WH001,196,0,47,149,0
2025-04-26,PROD011,WH001,331,0,100,231,0
2025-04-26,PROD012,WH001,232,0,35,197,0
2025-04-26,PROD013,WH004,739,0,130,609,0
2025-04-26,PROD014,WH004,845,0,97,748,0
2025-04-26,PROD015,WH004,132,0,20,112,0
2025-04-26,PROD016,WH004,187,0,7,180,0
2025-04-26,PROD017,WH003,268,0,39,229,0
2025-04-26,PROD018,WH003,316,0,33,283,0
2025-04-26,PROD019,WH001,43,0,6,37,0
2025-04-26,PROD020,WH001,41,0,15,26,0
2025-04-27,PROD001,WH001,21,45,11,55,0
2025-04-27,PROD002,WH001,0,59,7,52,0
2025-04-27,PROD003,WH002,129,0,10,119,0
2025-04-27,PROD004,WH002,152,0,26,126,0
2025-04-27,PROD005,WH003,105,0,29,76,0
2025-04-27,PROD006,WH003,25,94,8,111,0
2025-04-27,PROD007,WH003,115,0,20,95,0
2025-04-27,PROD008,WH003,98,0,120,0,22
2025-04-27,PROD009,WH004,182,0,257,0,75
2025-04-27,PROD010,WH001,149,0,52,97,0
2025-04-27,PROD011,WH001,231,0,64,167,0
2025-04-27,PROD012,WH001,197,0,34,163,0
2025-04-27,PROD013,WH004,609,0,125,484,0
2025-04-27,PROD014,WH004,748,0,54,694,0
2025-04-27,PROD015,WH004,112,0,34,78,0
2025-04-27,PROD016,WH004,180,0,20,160,0
2025-04-27,PROD017,WH003,229,0,31,198,0
2025-04-27,PROD018,WH003,283,0,44,239,0
2025-04-27,PROD019,WH001,37,0,8,29,0
2025-04-27,PROD020,WH001,26,83,10,99,0
2025-04-28,PROD001,WH001,55,0,4,51,0
2025-04-28,PROD002,WH001,52,0,4,48,0
2025-04-28,PROD003,WH002,119,0,12,107,0
2025-04-28,PROD004,WH002,126,0,13,113,0
2025-04-28,PROD005,WH003,76,0,15,61,0
2025-04-28,PROD006,WH003,111,0,13,98,0
2025-04-28,PROD007,WH003,95,0,21,74,0
2025-04-28,PROD008,WH003,0,291,25,266,0
2025-04-28,PROD009,WH004,0,222,37,185,0
2025-04-28,PROD010,WH001,97,323,39,381,0
2025-04-28,PROD011,WH001,167,620,79,708,0
2025-04-28,PROD012,WH001,163,0,26,137,0
2025-04-28,PROD013,WH004,484,0,121,363,0
2025-04-28,PROD014,WH004,694,0,71,623,0
2025-04-28,PROD015,WH004,78,186,35,229,0
2025-04-28,PROD016,WH004,160,0,17,143,0
2025-04-28,PROD017,WH003,198,0,27,171,0
2025-04-28,PROD018,WH003,239,0,26,213,0
2025-04-28,PROD019,WH001,29,0,7,22,0
2025-04-28,PROD020,WH001,99,0,13,86,0
2025-04-29,PROD001,WH001,51,0,3,48,0
2025-04-29,PROD002,WH001,48,0,7,41,0
2025-04-29,PROD003,WH002,107,0,16,91,0
2025-04-29,PROD004,WH002,113,0,12,101,0
2025-04-29,PROD005,WH003,61,225,21,265,0
2025-04-29,PROD006,WH003,98,0,10,88,0
2025-04-29,PROD007,WH003,74,0,11,63,0
2025-04-29,PROD008,WH003,266,0,27,239,0
2025-04-29,PROD009,WH004,185,0,34,151,0
2025-04-29,PROD010,WH001,381,0,40,341,0
2025-04-29,PROD011,WH001,708,0,93,615,0
2025-04-29,PROD012,WH001,137,0,27,110,0
2025-04-29,PROD013,WH004,363,0,81,282,0
2025-04-29,PROD014,WH004,623,0,109,514,0
2025-04-29,PROD015,WH004,229,0,43,186,0
2025-04-29,PROD016,WH004,143,0,29,114,0
2025-04-29,PROD017,WH003,171,0,55,116,0
2025-04-29,PROD018,WH003,213,0,43,170,0
2025-04-29,PROD019,WH001,22,44,8,58,0
2025-04-29,PROD020,WH001,86,0,10,76,0
2025-04-30,PROD001,WH001,48,0,9,39,0
2025-04-30,PROD002,WH001,41,0,4,37,0
2025-04-30,PROD003,WH002,91,0,19,72,0
2025-04-30,PROD004,WH002,101,0,19,82,0
2025-04-30,PROD005,WH003,265,0,36,229,0
2025-04-30,PROD006,WH003,88,0,13,75,0
2025-04-30,PROD007,WH003,63,0,24,39,0
2025-04-30,PROD008,WH003,239,0,39,200,0
2025-04-30,PROD009,WH004,151,0,46,105,0
2025-04-30,PROD010,WH001,341,0,53,288,0
2025-04-30,PROD011,WH001,615,0,44,571,0
2025-04-30,PROD012,WH001,110,0,37,73,0
2025-04-30,PROD013,WH004,282,675,82,875,0
2025-04-30,PROD014,WH004,514,0,87,427,0
2025-04-30,PROD015,WH004,186,0,64,122,0
2025-04-30,PROD016,WH004,114,0,23,91,0
2025-04-30,PROD017,WH003,116,293,36,373,0
2025-04-30,PROD018,WH003,170,0,48,122,0
2025-04-30,PROD019,WH001,58,0,6,52,0
2025-04-30,PROD020,WH001,76,0,16,60,0
2025-05-01,PROD001,WH001,39,0,7,32,0
2025-05-01,PROD002,WH001,37,0,4,33,0
2025-05-01,PROD003,WH002,72,0,19,53,0
2025-05-01,PROD004,WH002,82,0,27,55,0
2025-05-01,PROD005,WH003,229,0,24,205,0
2025-05-01,PROD006,WH003,75,0,7,68,0
2025-05-01,PROD007,WH003,39,151,23,167,0
2025-05-01,PROD008,WH003,200,0,36,164,0
2025-05-01,PROD009,WH004,105,0,46,59,0
2025-05-01,PROD010,WH001,288,0,39,249,0
2025-05-01,PROD011,WH001,571,0,65,506,0
2025-05-01,PROD012,WH001,73,184,23,234,0
2025-05-01,PROD013,WH004,875,0,99,776,0
2025-05-01,PROD014,WH004,427,0,78,349,0
2025-05-01,PROD015,WH004,122,0,21,101,0
2025-05-01,PROD016,WH004,91,0,19,72,0
2025-05-01,PROD017,WH003,373,0,43,330,0
2025-05-01,PROD018,WH003,122,0,39,83,0
2025-05-01,PROD019,WH001,52,0,9,43,0
2025-05-01,PROD020,WH001,60,0,13,47,0
2025-05-02,PROD001,WH001,32,0,3,29,0
2025-05-02,PROD002,WH001,33,0,3,30,0
2025-05-02,PROD003,WH002,53,0,16,37,0
2025-05-02,PROD004,WH002,55,124,23,156,0
2025-05-02,PROD005,WH003,205,0,34,171,0
2025-05-02,PROD006,WH003,68,0,11,57,0
2025-05-02,PROD007,WH003,167,0,17,150,0
2025-05-02,PROD008,WH003,164,0,34,130,0
2025-05-02,PROD009,WH004,59,299,30,328,0
2025-05-02,PROD010,WH001,249,0,33,216,0
2025-05-02,PROD011,WH001,506,0,85,421,0
2025-05-02,PROD012,WH001,234,0,25,209,0
2025-05-02,PROD013,WH004,776,0,50,726,0
2025-05-02,PROD014,WH004,349,0,106,243,0
2025-05-02,PROD015,WH004,101,0,21,80,0
2025-05-02,PROD016,WH004,72,0,31,41,0
2025-05-02,PROD017,WH003,330,0,45,285,0
2025-05-02,PROD018,WH003,83,320,34,369,0
2025-05-02,PROD019,WH001,43,0,7,36,0
2025-05-02,PROD020,WH001,47,0,14,33,0
2025-05-03,PROD001,WH001,29,0,9,20,0
2025-05-03,PROD002,WH001,30,0,7,23,0
2025-05-03,PROD003,WH002,37,115,22,130,0
2025-05-03,PROD004,WH002,156,0,18,138,0
2025-05-03,PROD005,WH003,171,0,17,154,0
2025-05-03,PROD006,WH003,57,0,10,47,0
2025-05-03,PROD007,WH003,150,0,19,131,0
2025-05-03,PROD008,WH003,130,0,39,91,0
2025-05-03,PROD009,WH004,328,0,18,310,0
2025-05-03,PROD010,WH001,216,0,56,160,0
2025-05-03,PROD011,WH001,421,0,73,348,0
2025-05-03,PROD012,WH001,209,0,26,183,0
2025-05-03,PROD013,WH004,726,0,46,680,0
2025-05-03,PROD014,WH004,243,0,86,157,0
2025-05-03,PROD015,WH004,80,261,27,314,0
2025-05-03,PROD016,WH004,41,163,23,181,0
2025-05-03,PROD017,WH003,285,0,53,232,0
2025-05-03,PROD018,WH003,369,0,46,323,0
2025-05-03,PROD019,WH001,36,0,2,34,0
2025-05-03,PROD020,WH001,33,100,11,122,0
2025-05-04,PROD001,WH001,20,50,4,66,0
2025-05-04,PROD002,WH001,23,0,6,17,0
2025-05-04,PROD003,WH002,130,0,17,113,0
2025-05-04,PROD004,WH002,138,0,18,120,0
2025-05-04,PROD005,WH003,154,0,19,135,0
2025-05-04,PROD006,WH003,47,0,11,36,0
2025-05-04,PROD007,WH003,131,0,18,113,0
2025-05-04,PROD008,WH003,91,0,42,49,0
2025-05-04,PROD009,WH004,310,0,38,272,0
2025-05-04,PROD010,WH001,160,0,46,114,0
2025-05-04,PROD011,WH001,348,0,74,274,0
2025-05-04,PROD012,WH001,183,0,28,155,0
2025-05-04,PROD013,WH004,680,0,94,586,0
2025-05-04,PROD014,WH004,157,414,30,541,0
2025-05-04,PROD015,WH004,314,0,30,284,0
2025-05-04,PROD016,WH004,181,0,20,161,0
2025-05-04,PROD017,WH003,232,0,43,189,0
2025-05-04,PROD018,WH003,323,0,33,290,0
2025-05-04,PROD019,WH001,34,0,8,26,0
2025-05-04,PROD020,WH001,122,0,13,109,0
2025-05-05,PROD001,WH001,66,0,7,59,0
2025-05-05,PROD002,WH001,17,42,7,52,0
2025-05-05,PROD003,WH002,113,0,12,101,0
2025-05-05,PROD004,WH002,120,0,13,107,0
2025-05-05,PROD005,WH003,135,0,24,111,0
2025-05-05,PROD006,WH003,36,0,7,29,0
2025-05-05,PROD007,WH003,113,0,11,102,0
2025-05-05,PROD008,WH003,49,192,17,224,0
2025-05-05,PROD009,WH004,272,0,42,230,0
2025-05-05,PROD010,WH001,114,358,58,414,0
2025-05-05,PROD011,WH001,274,0,78,196,0
2025-05-05,PROD012,WH001,155,0,28,127,0
2025-05-05,PROD013,WH004,586,0,85,501,0
2025-05-05,PROD014,WH004,541,0,76,465,0
2025-05-05,PROD015,WH004,284,0,22,262,0
2025-05-05,PROD016,WH004,161,0,15,146,0
2025-05-05,PROD017,WH003,189,0,33,156,0
2025-05-05,PROD018,WH003,290,0,43,247,0
2025-05-05,PROD019,WH001,26,0,7,19,0
2025-05-05,PROD020,WH001,109,0,13,96,0
2025-05-06,PROD001,WH001,59,0,6,53,0
2025-05-06,PROD002,WH001,52,0,4,48,0
2025-05-06,PROD003,WH002,101,0,18,83,0
2025-05-06,PROD004,WH002,107,0,18,89,0
2025-05-06,PROD005,WH003,111,0,26,85,0
2025-05-06,PROD006,WH003,29,80,13,96,0
2025-05-06,PROD007,WH003,102,0,162,0,60
2025-05-06,PROD008,WH003,224,0,25,199,0
2025-05-06,PROD009,WH004,230,0,34,196,0
2025-05-06,PROD010,WH001,414,0,56,358,0
2025-05-06,PROD011,WH001,196,550,44,702,0
2025-05-06,PROD012,WH001,127,0,18,109,0
2025-05-06,PROD013,WH004,501,0,101,400,0
2025-05-06,PROD014,WH004,465,0,112,353,0
2025-05-06,PROD015,WH004,262,0,33,229,0
2025-05-06,PROD016,WH004,146,0,22,124,0
2025-05-06,PROD017,WH003,156,0,43,113,0
2025-05-06,PROD018,WH003,247,0,32,215,0
2025-05-06,PROD019,WH001,19,54,8,65,0
2025-05-06,PROD020,WH001,96,0,14,82,0
2025-05-07,PROD001,WH001,53,0,7,46,0
2025-05-07,PROD002,WH001,48,0,10,38,0
2025-05-07,PROD003,WH002,83,0,19,64,0
2025-05-07,PROD004,WH002,89,0,23,66,0
2025-05-07,PROD005,WH003,85,0,30,55,0
2025-05-07,PROD006,WH003,96,0,9,87,0
2025-05-07,PROD007,WH003,0,109,17,92,0
2025-05-07,PROD008,WH003,199,0,30,169,0
2025-05-07,PROD009,WH004,196,0,34,162,0
2025-05-07,PROD010,WH001,358,0,30,328,0
2025-05-07,PROD011,WH001,702,0,65,637,0
2025-05-07,PROD012,WH001,109,0,30,79,0
2025-05-07,PROD013,WH004,400,0,169,231,0
2025-05-07,PROD014,WH004,353,0,192,161,0
2025-05-07,PROD015,WH004,229,0,21,208,0
2025-05-07,PROD016,WH004,124,0,8,116,0
2025-05-07,PROD017,WH003,113,334,43,404,0
2025-05-07,PROD018,WH003,215,0,37,178,0
2025-05-07,PROD019,WH001,65,0,9,56,0
2025-05-07,PROD020,WH001,82,0,13,69,0
2025-05-08,PROD001,WH001,46,0,8,38,0
2025-05-08,PROD002,WH001,38,0,5,33,0
2025-05-08,PROD003,WH002,64,0,20,44,0
2025-05-08,PROD004,WH002,66,0,25,41,0
2025-05-08,PROD005,WH003,55,160,25,190,0
2025-05-08,PROD006,WH003,87,0,13,74,0
2025-05-08,PROD007,WH003,92,0,10,82,0
2025-05-08,PROD008,WH003,169,0,25,144,0
2025-05-08,PROD009,WH004,162,0,35,127,0
2025-05-08,PROD010,WH001,328,0,41,287,0
2025-05-08,PROD011,WH001,637,0,56,581,0
2025-05-08,PROD012,WH001,79,0,28,51,0
2025-05-08,PROD013,WH004,231,868,135,964,0
2025-05-08,PROD014,WH004,161,501,66,596,0
2025-05-08,PROD015,WH004,208,0,36,172,0
2025-05-08,PROD016,WH004,116,0,20,96,0
2025-05-08,PROD017,WH003,404,0,58,346,0
2025-05-08,PROD018,WH003,178,0,45,133,0
2025-05-08,PROD019,WH001,56,0,7,49,0
2025-05-08,PROD020,WH001,69,0,10,59,0
2025-05-09,PROD001,WH001,38,0,49,0,11
2025-05-09,PROD002,WH001,33,0,4,29,0
2025-05-09,PROD003,WH002,44,122,15,151,0
2025-05-09,PROD004,WH002,41,102,19,124,0
2025-05-09,PROD005,WH003,190,0,17,173,0
2025-05-09,PROD006,WH003,74,0,9,65,0
2025-05-09,PROD007,WH003,82,0,25,57,0
2025-05-09,PROD008,WH003,144,0,32,112,0
2025-05-09,PROD009,WH004,127,0,44,83,0
2025-05-09,PROD010,WH001,287,0,63,224,0
2025-05-09,PROD011,WH001,581,0,72,509,0
2025-05-09,PROD012,WH001,51,203,23,231,0
2025-05-09,PROD013,WH004,964,0,93,871,0
2025-05-09,PROD014,WH004,596,0,58,538,0
2025-05-09,PROD015,WH004,172,0,46,126,0
2025-05-09,PROD016,WH004,96,0,17,79,0
2025-05-09,PROD017,WH003,346,0,49,297,0
2025-05-09,PROD018,WH003,133,0,29,104,0
2025-05-09,PROD019,WH001,49,0,7,42,0
2025-05-09,PROD020,WH001,59,0,11,48,0
2025-05-10,PROD001,WH001,0,76,7,69,0
2025-05-10,PROD002,WH001,29,0,11,18,0
2025-05-10,PROD003,WH002,151,0,11,140,0
2025-05-10,PROD004,WH002,124,0,21,103,0
2025-05-10,PROD005,WH003,173,0,28,145,0
2025-05-10,PROD006,WH003,65,0,12,53,0
2025-05-10,PROD007,WH003,57,0,24,33,0
2025-05-10,PROD008,WH003,112,0,36,76,0
2025-05-10,PROD009,WH004,83,204,38,249,0
2025-05-10,PROD010,WH001,224,0,39,185,0
2025-05-10,PROD011,WH001,509,0,635,0,126
2025-05-10,PROD012,WH001,231,0,30,201,0
2025-05-10,PROD013,WH004,871,0,89,782,0
2025-05-10,PROD014,WH004,538,0,55,483,0
2025-05-10,PROD015,WH004,126,0,25,101,0
2025-05-10,PROD016,WH004,79,0,20,59,0
2025-05-10,PROD017,WH003,297,0,45,252,0
2025-05-10,PROD018,WH003,104,200,15,289,0
2025-05-10,PROD019,WH001,42,0,7,35,0
2025-05-10,PROD020,WH001,48,0,12,36,0
2025-05-11,PROD001,WH001,69,0,8,61,0
2025-05-11,PROD002,WH001,18,0,30,0,12
2025-05-11,PROD003,WH002,140,0,13,127,0
2025-05-11,PROD004,WH002,103,0,24,79,0
2025-05-11,PROD005,WH003,145,0,22,123,0
2025-05-11,PROD006,WH003,53,0,9,44,0
2025-05-11,PROD007,WH003,33,113,16,130,0
2025-05-11,PROD008,WH003,76,298,24,350,0
2025-05-11,PROD009,WH004,249,0,28,221,0
2025-05-11,PROD010,WH001,185,0,27,158,0
2025-05-11,PROD011,WH001,0,469,70,399,0
2025-05-11,PROD012,WH001,201,0,22,179,0
2025-05-11,PROD013,WH004,782,0,109,673,0
2025-05-11,PROD014,WH004,483,0,82,401,0
2025-05-11,PROD015,WH004,101,0,40,61,0
2025-05-11,PROD016,WH004,59,126,9,176,0
2025-05-11,PROD017,WH003,252,0,50,202,0
2025-05-11,PROD018,WH003,289,0,46,243,0
2025-05-11,PROD019,WH001,35,0,7,28,0
2025-05-11,PROD020,WH001,36,0,16,20,0
2025-05-12,PROD001,WH001,61,0,8,53,0
2025-05-12,PROD002,WH001,0,46,8,38,0
2025-05-12,PROD003,WH002,127,0,12,115,0
2025-05-12,PROD004,WH002,79,0,39,40,0
2025-05-12,PROD005,WH003,123,0,30,93,0
2025-05-12,PROD006,WH003,44,0,11,33,0
2025-05-12,PROD007,WH003,130,0,19,111,0
2025-05-12,PROD008,WH003,350,0,26,324,0
2025-05-12,PROD009,WH004,221,0,36,185,0
2025-05-12,PROD010,WH001,158,0,42,116,0
2025-05-12,PROD011,WH001,399,0,65,334,0
2025-05-12,PROD012,WH001,179,0,26,153,0
2025-05-12,PROD013,WH004,673,0,87,586,0
2025-05-12,PROD014,WH004,401,0,103,298,0
2025-05-12,PROD015,WH004,61,208,27,242,0
2025-05-12,PROD016,WH004,176,0,20,156,0
2025-05-12,PROD017,WH003,202,0,21,181,0
2025-05-12,PROD018,WH003,243,0,19,224,0
2025-05-12,PROD019,WH001,28,0,8,20,0
2025-05-12,PROD020,WH001,20,110,11,119,0
2025-05-13,PROD001,WH001,53,0,6,47,0
2025-05-13,PROD002,WH001,38,0,3,35,0
2025-05-13,PROD003,WH002,115,0,18,97,0
2025-05-13,PROD004,WH002,40,193,24,209,0
2025-05-13,PROD005,WH003,93,0,22,71,0
2025-05-13,PROD006,WH003,33,0,11,22,0
2025-05-13,PROD007,WH003,111,0,27,84,0
2025-05-13,PROD008,WH003,324,0,43,281,0
2025-05-13,PROD009,WH004,185,0,40,145,0
2025-05-13,PROD010,WH001,116,417,53,480,0
2025-05-13,PROD011,WH001,334,0,100,234,0
2025-05-13,PROD012,WH001,153,0,22,131,0
2025-05-13,PROD013,WH004,586,0,96,490,0
2025-05-13,PROD014,WH004,298,0,59,239,0
2025-05-13,PROD015,WH004,242,0,20,222,0
2025-05-13,PROD016,WH004,156,0,20,136,0
2025-05-13,PROD017,WH003,181,0,36,145,0
2025-05-13,PROD018,WH003,224,0,46,178,0
2025-05-13,PROD019,WH001,20,65,10,75,0
2025-05-13,PROD020,WH001,119,0,18,101,0
2025-05-14,PROD001,WH001,47,0,9,38,0
2025-05-14,PROD002,WH001,35,0,5,30,0
2025-05-14,PROD003,WH002,97,0,16,81,0
2025-05-14,PROD004,WH002,209,0,20,189,0
2025-05-14,PROD005,WH003,71,184,28,227,0
2025-05-14,PROD006,WH003,22,96,6,112,0
2025-05-14,PROD007,WH003,84,0,16,68,0
2025-05-14,PROD008,WH003,281,0,30,251,0
2025-05-14,PROD009,WH004,145,0,29,116,0
2025-05-14,PROD010,WH001,480,0,51,429,0
2025-05-14,PROD011,WH001,234,0,50,184,0
2025-05-14,PROD012,WH001,131,0,28,103,0
2025-05-14,PROD013,WH004,490,0,95,395,0
2025-05-14,PROD014,WH004,239,613,90,762,0
2025-05-14,PROD015,WH004,222,0,27,195,0
2025-05-14,PROD016,WH004,136,0,16,120,0
2025-05-14,PROD017,WH003,145,0,50,95,0
2025-05-14,PROD018,WH003,178,0,81,97,0
2025-05-14,PROD019,WH001,75,0,7,68,0
2025-05-14,PROD020,WH001,101,0,10,91,0
2025-05-15,PROD001,WH001,38,0,6,32,0
2025-05-15,PROD002,WH001,30,0,4,26,0
2025-05-15,PROD003,WH002,81,0,14,67,0
2025-05-15,PROD004,WH002,189,0,26,163,0
2025-05-15,PROD005,WH003,227,0,8,219,0
2025-05-15,PROD006,WH003,112,0,10,102,0
2025-05-15,PROD007,WH003,68,0,12,56,0
2025-05-15,PROD008,WH003,251,0,27,224,0
2025-05-15,PROD009,WH004,116,0,70,46,0
2025-05-15,PROD010,WH001,429,0,47,382,0
2025-05-15,PROD011,WH001,184,572,42,714,0
2025-05-15,PROD012,WH001,103,0,23,80,0
2025-05-15,PROD013,WH004,395,0,95,300,0
2025-05-15,PROD014,WH004,762,0,105,657,0
2025-05-15,PROD015,WH004,195,0,24,171,0
2025-05-15,PROD016,WH004,120,0,23,97,0
2025-05-15,PROD017,WH003,95,202,31,266,0
2025-05-15,PROD018,WH003,97,199,31,265,0
2025-05-15,PROD019,WH001,68,0,5,63,0
2025-05-15,PROD020,WH001,91,0,11,80,0
2025-05-16,PROD001,WH001,32,0,9,23,0
2025-05-16,PROD002,WH001,26,0,6,20,0
2025-05-16,PROD003,WH002,67,0,18,49,0
2025-05-16,PROD004,WH002,163,0,16,147,0
2025-05-16,PROD005,WH003,219,0,27,192,0
2025-05-16,PROD006,WH003,102,0,13,89,0
2025-05-16,PROD007,WH003,56,0,14,42,0
2025-05-16,PROD008,WH003,224,0,35,189,0
2025-05-16,PROD009,WH004,46,317,35,328,0
2025-05-16,PROD010,WH001,382,0,56,326,0
2025-05-16,PROD011,WH001,714,0,57,657,0
2025-05-16,PROD012,WH001,80,0,39,41,0
2025-05-16,PROD013,WH004,300,0,60,240,0
2025-05-16,PROD014,WH004,657,0,181,476,0
2025-05-16,PROD015,WH004,171,0,24,147,0
2025-05-16,PROD016,WH004,97,0,24,73,0
2025-05-16,PROD017,WH003,266,0,50,216,0
2025-05-16,PROD018,WH003,265,0,34,231,0
2025-05-16,PROD019,WH001,63,0,9,54,0
2025-05-16,PROD020,WH001,80,0,12,68,0
2025-05-17,PROD001,WH001,23,59,5,77,0
2025-05-17,PROD002,WH001,20,0,4,16,0
2025-05-17,PROD003,WH002,49,0,10,39,0
2025-05-17,PROD004,WH002,147,0,12,135,0
2025-05-17,PROD005,WH003,192,0,19,173,0
2025-05-17,PROD006,WH003,89,0,11,78,0
2025-05-17,PROD007,WH003,42,112,17,137,0
2025-05-17,PROD008,WH003,189,0,37,152,0
2025-05-17,PROD009,WH004,328,0,21,307,0
2025-05-17,PROD010,WH001,326,0,26,300,0
2025-05-17,PROD011,WH001,657,0,72,585,0
2025-05-17,PROD012,WH001,41,148,36,153,0
2025-05-17,PROD013,WH004,240,534,144,630,0
2025-05-17,PROD014,WH004,476,0,88,388,0
2025-05-17,PROD015,WH004,147,0,22,125,0
2025-05-17,PROD016,WH004,73,0,30,43,0
2025-05-17,PROD017,WH003,216,0,68,148,0
2025-05-17,PROD018,WH003,231,0,32,199,0
2025-05-17,PROD019,WH001,54,0,13,41,0
2025-05-17,PROD020,WH001,68,0,16,52,0
2025-05-18,PROD001,WH001,77,0,6,71,0
2025-05-18,PROD002,WH001,16,49,5,60,0
2025-05-18,PROD003,WH002,39,114,15,138,0
2025-05-18,PROD004,WH002,135,0,27,108,0
2025-05-18,PROD005,WH003,173,0,23,150,0
2025-05-18,PROD006,WH003,78,0,9,69,0
2025-05-18,PROD007,WH003,137,0,17,120,0
2025-05-18,PROD008,WH003,152,0,27,125,0
2025-05-18,PROD009,WH004,307,0,39,268,0
2025-05-18,PROD010,WH001,300,0,45,255,0
2025-05-18,PROD011,WH001,585,0,87,498,0
2025-05-18,PROD012,WH001,153,0,37,116,0
2025-05-18,PROD013,WH004,630,0,112,518,0
2025-05-18,PROD014,WH004,388,0,48,340,0
2025-05-18,PROD015,WH004,125,0,41,84,0
2025-05-18,PROD016,WH004,43,160,24,179,0
2025-05-18,PROD017,WH003,148,0,42,106,0
2025-05-18,PROD018,WH003,199,0,36,163,0
2025-05-18,PROD019,WH001,41,0,9,32,0
2025-05-18,PROD020,WH001,52,0,13,39,0
2025-05-19,PROD001,WH001,71,0,4,67,0
2025-05-19,PROD002,WH001,60,0,3,57,0
2025-05-19,PROD003,WH002,138,0,17,121,0
2025-05-19,PROD004,WH002,108,0,17,91,0
2025-05-19,PROD005,WH003,150,0,30,120,0
2025-05-19,PROD006,WH003,69,0,5,64,0
2025-05-19,PROD007,WH003,120,0,216,0,96
2025-05-19,PROD008,WH003,125,0,39,86,0
2025-05-19,PROD009,WH004,268,0,54,214,0
2025-05-19,PROD010,WH001,255,0,45,210,0
2025-05-19,PROD011,WH001,498,0,102,396,0
2025-05-19,PROD012,WH001,116,0,34,82,0
2025-05-19,PROD013,WH004,518,0,100,418,0
2025-05-19,PROD014,WH004,340,0,130,210,0
2025-05-19,PROD015,WH004,84,171,25,230,0
2025-05-19,PROD016,WH004,179,0,20,159,0
2025-05-19,PROD017,WH003,106,243,47,302,0
2025-05-19,PROD018,WH003,163,0,23,140,0
2025-05-19,PROD019,WH001,32,0,6,26,0
2025-05-19,PROD020,WH001,39,0,14,25,0
2025-05-20,PROD001,WH001,67,0,10,57,0
2025-05-20,PROD002,WH001,57,0,4,53,0
2025-05-20,PROD003,WH002,121,0,15,106,0
2025-05-20,PROD004,WH002,91,0,18,73,0
2025-05-20,PROD005,WH003,120,0,20,100,0
2025-05-20,PROD006,WH003,64,0,10,54,0
2025-05-20,PROD007,WH003,0,98,12,86,0
2025-05-20,PROD008,WH003,86,196,13,269,0
2025-05-20,PROD009,WH004,214,0,41,173,0
2025-05-20,PROD010,WH001,210,0,30,180,0
2025-05-20,PROD011,WH001,396,0,74,322,0
2025-05-20,PROD012,WH001,82,0,127,0,45
2025-05-20,PROD013,WH004,418,0,99,319,0
2025-05-20,PROD014,WH004,210,482,104,588,0
2025-05-20,PROD015,WH004,230,0,39,191,0
2025-05-20,PROD016,WH004,159,0,15,144,0
2025-05-20,PROD017,WH003,302,0,33,269,0
2025-05-20,PROD018,WH003,140,0,26,114,0
2025-05-20,PROD019,WH001,26,0,1,25,0
2025-05-20,PROD020,WH001,25,73,14,84,0
2025-05-21,PROD001,WH001,57,0,6,51,0
2025-05-21,PROD002,WH001,53,0,6,47,0
2025-05-21,PROD003,WH002,106,0,15,91,0
2025-05-21,PROD004,WH002,73,0,24,49,0
2025-05-21,PROD005,WH003,100,0,21,79,0
2025-05-21,PROD006,WH003,54,0,8,46,0
2025-05-21,PROD007,WH003,86,0,13,73,0
2025-05-21,PROD008,WH003,269,0,37,232,0
2025-05-21,PROD009,WH004,173,0,42,131,0
2025-05-21,PROD010,WH001,180,0,44,136,0
2025-05-21,PROD011,WH001,322,0,50,272,0
2025-05-21,PROD012,WH001,0,239,31,208,0
2025-05-21,PROD013,WH004,319,0,114,205,0
2025-05-21,PROD014,WH004,588,0,91,497,0
2025-05-21,PROD015,WH004,191,0,27,164,0
2025-05-21,PROD016,WH004,144,0,14,130,0
2025-05-21,PROD017,WH003,269,0,46,223,0
2025-05-21,PROD018,WH003,114,0,35,79,0
2025-05-21,PROD019,WH001,25,0,7,18,0
2025-05-21,PROD020,WH001,84,0,12,72,0
2025-05-22,PROD001,WH001,51,0,11,40,0
2025-05-22,PROD002,WH001,47,0,3,44,0
2025-05-22,PROD003,WH002,91,0,11,80,0
2025-05-22,PROD004,WH002,49,158,29,178,0
2025-05-22,PROD005,WH003,79,0,32,47,0
2025-05-22,PROD006,WH003,46,0,10,36,0
2025-05-22,PROD007,WH003,73,0,103,0,30
2025-05-22,PROD008,WH003,232,0,22,210,0
2025-05-22,PROD009,WH004,131,0,44,87,0
2025-05-22,PROD010,WH001,136,0,36,100,0
2025-05-22,PROD011,WH001,272,0,47,225,0
2025-05-22,PROD012,WH001,208,0,22,186,0
2025-05-22,PROD013,WH004,205,932,113,1024,0
2025-05-22,PROD014,WH004,497,0,80,417,0
2025-05-22,PROD015,WH004,164,0,22,142,0
2025-05-22,PROD016,WH004,130,0,43,87,0
2025-05-22,PROD017,WH003,223,0,41,182,0
2025-05-22,PROD018,WH003,79,311,29,361,0
2025-05-22,PROD019,WH001,18,63,7,74,0
2025-05-22,PROD020,WH001,72,0,9,63,0
2025-05-23,PROD001,WH001,40,0,7,33,0
2025-05-23,PROD002,WH001,44,0,7,37,0
2025-05-23,PROD003,WH002,80,0,9,71,0
2025-05-23,PROD004,WH002,178,0,28,150,0
2025-05-23,PROD005,WH003,47,208,27,228,0
2025-05-23,PROD006,WH003,36,0,12,24,0
2025-05-23,PROD007,WH003,0,141,11,130,0
2025-05-23,PROD008,WH003,210,0,39,171,0
2025-05-23,PROD009,WH004,87,175,36,226,0
2025-05-23,PROD010,WH001,100,389,38,451,0
2025-05-23,PROD011,WH001,225,0,55,170,0
2025-05-23,PROD012,WH001,186,0,30,156,0
2025-05-23,PROD013,WH004,1024,0,109,915,0
2025-05-23,PROD014,WH004,417,0,178,239,0
2025-05-23,PROD015,WH004,142,0,29,113,0
2025-05-23,PROD016,WH004,87,0,17,70,0
2025-05-23,PROD017,WH003,182,0,40,142,0
2025-05-23,PROD018,WH003,361,0,33,328,0
2025-05-23,PROD019,WH001,74,0,6,68,0
2025-05-23,PROD020,WH001,63,0,10,53,0
2025-05-24,PROD001,WH001,33,0,6,27,0
2025-05-24,PROD002,WH001,37,0,52,0,15
2025-05-24,PROD003,WH002,71,0,14,57,0
2025-05-24,PROD004,WH002,150,0,20,130,0
2025-05-24,PROD005,WH003,228,0,25,203,0
2025-05-24,PROD006,WH003,24,93,8,109,0
2025-05-24,PROD007,WH003,130,0,18,112,0
2025-05-24,PROD008,WH003,171,0,55,116,0
2025-05-24,PROD009,WH004,226,0,41,185,0
2025-05-24,PROD010,WH001,451,0,62,389,0
2025-05-24,PROD011,WH001,170,625,55,740,0
2025-05-24,PROD012,WH001,156,0,23,133,0
2025-05-24,PROD013,WH004,915,0,114,801,0
2025-05-24,PROD014,WH004,239,417,135,521,0
2025-05-24,PROD015,WH004,113,0,42,71,0
2025-05-24,PROD016,WH004,70,0,21,49,0
2025-05-24,PROD017,WH003,142,0,30,112,0
2025-05-24,PROD018,WH003,328,0,31,297,0
2025-05-24,PROD019,WH001,68,0,7,61,0
2025-05-24,PROD020,WH001,53,0,15,38,0
2025-05-25,PROD001,WH001,27,0,9,18,0
2025-05-25,PROD002,WH001,0,42,8,34,0
2025-05-25,PROD003,WH002,57,0,16,41,0
2025-05-25,PROD004,WH002,130,0,28,102,0
2025-05-25,PROD005,WH003,203,0,19,184,0
2025-05-25,PROD006,WH003,109,0,13,96,0
2025-05-25,PROD007,WH003,112,0,20,92,0
2025-05-25,PROD008,WH003,116,0,35,81,0
2025-05-25,PROD009,WH004,185,0,38,147,0
2025-05-25,PROD010,WH001,389,0,51,338,0
2025-05-25,PROD011,WH001,740,0,74,666,0
2025-05-25,PROD012,WH001,133,0,24,109,0
2025-05-25,PROD013,WH004,801,0,95,706,0
2025-05-25,PROD014,WH004,521,0,112,409,0
2025-05-25,PROD015,WH004,71,153,27,197,0
2025-05-25,PROD016,WH004,49,123,22,150,0
2025-05-25,PROD017,WH003,112,262,53,321,0
2025-05-25,PROD018,WH003,297,0,44,253,0
2025-05-25,PROD019,WH001,61,0,7,54,0
2025-05-25,PROD020,WH001,38,0,13,25,0
2025-05-26,PROD001,WH001,18,73,5,86,0
2025-05-26,PROD002,WH001,34,0,6,28,0
2025-05-26,PROD003,WH002,41,114,24,131,0
2025-05-26,PROD004,WH002,102,0,14,88,0
2025-05-26,PROD005,WH003,184,0,32,152,0
2025-05-26,PROD006,WH003,96,0,7,89,0
2025-05-26,PROD007,WH003,92,0,30,62,0
2025-05-26,PROD008,WH003,81,239,32,288,0
2025-05-26,PROD009,WH004,147,0,25,122,0
2025-05-26,PROD010,WH001,338,0,30,308,0
2025-05-26,PROD011,WH001,666,0,68,598,0
2025-05-26,PROD012,WH001,109,0,32,77,0
2025-05-26,PROD013,WH004,706,0,145,561,0
2025-05-26,PROD014,WH004,409,0,97,312,0
2025-05-26,PROD015,WH004,197,0,45,152,0
2025-05-26,PROD016,WH004,150,0,18,132,0
2025-05-26,PROD017,WH003,321,0,49,272,0
2025-05-26,PROD018,WH003,253,0,34,219,0
2025-05-26,PROD019,WH001,54,0,9,45,0
2025-05-26,PROD020,WH001,25,105,8,122,0
2025-05-27,PROD001,WH001,86,0,8,78,0
2025-05-27,PROD002,WH001,28,0,5,23,0
2025-05-27,PROD003,WH002,131,0,21,110,0
2025-05-27,PROD004,WH002,88,0,32,56,0
2025-05-27,PROD005,WH003,152,0,28,124,0
2025-05-27,PROD006,WH003,89,0,9,80,0
2025-05-27,PROD007,WH003,62,0,13,49,0
2025-05-27,PROD008,WH003,288,0,37,251,0
2025-05-27,PROD009,WH004,122,0,35,87,0
2025-05-27,PROD010,WH001,308,0,48,260,0
2025-05-27,PROD011,WH001,598,0,78,520,0
2025-05-27,PROD012,WH001,77,0,40,37,0
2025-05-27,PROD013,WH004,561,0,85,476,0
2025-05-27,PROD014,WH004,312,0,187,125,0
2025-05-27,PROD015,WH004,152,0,27,125,0
2025-05-27,PROD016,WH004,132,0,29,103,0
2025-05-27,PROD017,WH003,272,0,57,215,0
2025-05-27,PROD018,WH003,219,0,37,182,0
2025-05-27,PROD019,WH001,45,0,8,37,0
2025-05-27,PROD020,WH001,122,0,10,112,0
2025-05-28,PROD001,WH001,78,0,6,72,0
2025-05-28,PROD002,WH001,23,0,5,18,0
2025-05-28,PROD003,WH002,110,0,19,91,0
2025-05-28,PROD004,WH002,56,161,22,195,0
2025-05-28,PROD005,WH003,124,0,26,98,0
2025-05-28,PROD006,WH003,80,0,8,72,0
2025-05-28,PROD007,WH003,49,117,17,149,0
2025-05-28,PROD008,WH003,251,0,33,218,0
2025-05-28,PROD009,WH004,87,259,12,334,0
2025-05-28,PROD010,WH001,260,0,41,219,0
2025-05-28,PROD011,WH001,520,0,59,461,0
2025-05-28,PROD012,WH001,37,203,57,183,0
2025-05-28,PROD013,WH004,476,0,129,347,0
2025-05-28,PROD014,WH004,125,796,144,777,0
2025-05-28,PROD015,WH004,125,0,23,102,0
2025-05-28,PROD016,WH004,103,0,29,74,0
2025-05-28,PROD017,WH003,215,0,63,152,0
2025-05-28,PROD018,WH003,182,0,32,150,0
2025-05-28,PROD019,WH001,37,0,8,29,0
2025-05-28,PROD020,WH001,112,0,11,101,0
2025-05-29,PROD001,WH001,72,0,7,65,0
2025-05-29,PROD002,WH001,18,0,7,11,0
2025-05-29,PROD003,WH002,91,0,8,83,0
2025-05-29,PROD004,WH002,195,0,21,174,0
2025-05-29,PROD005,WH003,98,0,27,71,0
2025-05-29,PROD006,WH003,72,0,16,56,0
2025-05-29,PROD007,WH003,149,0,12,137,0
2025-05-29,PROD008,WH003,218,0,19,199,0
2025-05-29,PROD009,WH004,334,0,12,322,0
2025-05-29,PROD010,WH001,219,0,35,184,0
2025-05-29,PROD011,WH001,461,0,38,423,0
2025-05-29,PROD012,WH001,183,0,12,171,0
2025-05-29,PROD013,WH004,347,0,533,0,186
2025-05-29,PROD014,WH004,777,0,71,706,0
2025-05-29,PROD015,WH004,102,0,45,57,0
2025-05-29,PROD016,WH004,74,0,21,53,0
2025-05-29,PROD017,WH003,152,0,28,124,0
2025-05-29,PROD018,WH003,150,0,41,109,0
2025-05-29,PROD019,WH001,29,0,9,20,0
2025-05-29,PROD020,WH001,101,0,11,90,0
2025-05-30,PROD001,WH001,65,0,10,55,0
2025-05-30,PROD002,WH001,11,59,6,64,0
2025-05-30,PROD003,WH002,83,0,10,73,0
2025-05-30,PROD004,WH002,174,0,20,154,0
2025-05-30,PROD005,WH003,71,200,22,249,0
2025-05-30,PROD006,WH003,56,0,15,41,0
2025-05-30,PROD007,WH003,137,0,25,112,0
2025-05-30,PROD008,WH003,199,0,37,162,0
2025-05-30,PROD009,WH004,322,0,32,290,0
2025-05-30,PROD010,WH001,184,0,44,140,0
2025-05-30,PROD011,WH001,423,0,71,352,0
2025-05-30,PROD012,WH001,171,0,36,135,0
2025-05-30,PROD013,WH004,0,896,94,802,0
2025-05-30,PROD014,WH004,706,0,89,617,0
2025-05-30,PROD015,WH004,57,227,24,260,0
2025-05-30,PROD016,WH004,53,108,15,146,0
2025-05-30,PROD017,WH003,124,0,51,73,0
2025-05-30,PROD018,WH003,109,0,30,79,0
2025-05-30,PROD019,WH001,20,64,12,72,0
2025-05-30,PROD020,WH001,90,0,10,80,0
2025-05-31,PROD001,WH001,55,0,11,44,0
2025-05-31,PROD002,WH001,64,0,5,59,0
2025-05-31,PROD003,WH002,73,0,15,58,0
2025-05-31,PROD004,WH002,154,0,21,133,0
2025-05-31,PROD005,WH003,249,0,31,218,0
2025-05-31,PROD006,WH003,41,0,8,33,0
2025-05-31,PROD007,WH003,112,0,21,91,0
2025-05-31,PROD008,WH003,162,0,34,128,0
2025-05-31,PROD009,WH004,290,0,20,270,0
2025-05-31,PROD010,WH001,140,0,37,103,0
2025-05-31,PROD011,WH001,352,0,97,255,0
2025-05-31,PROD012,WH001,135,0,11,124,0
2025-05-31,PROD013,WH004,802,0,87,715,0
2025-05-31,PROD014,WH004,617,0,48,569,0
2025-05-31,PROD015,WH004,260,0,33,227,0
2025-05-31,PROD016,WH004,146,0,10,136,0
2025-05-31,PROD017,WH003,73,347,32,388,0
2025-05-31,PROD018,WH003,79,320,43,356,0
2025-05-31,PROD019,WH001,72,0,10,62,0
2025-05-31,PROD020,WH001,80,0,13,67,0
2025-06-01,PROD001,WH001,44,0,9,35,0
2025-06-01,PROD002,WH001,59,0,4,55,0
2025-06-01,PROD003,WH002,58,0,12,46,0
2025-06-01,PROD004,WH002,133,0,22,111,0
2025-06-01,PROD005,WH003,218,0,15,203,0
2025-06-01,PROD006,WH003,33,0,7,26,0
2025-06-01,PROD007,WH003,91,0,12,79,0
2025-06-01,PROD008,WH003,128,0,31,97,0
2025-06-01,PROD009,WH004,270,0,61,209,0
2025-06-01,PROD010,WH001,103,322,37,388,0
2025-06-01,PROD011,WH001,255,0,62,193,0
2025-06-01,PROD012,WH001,124,0,19,105,0
2025-06-01,PROD013,WH004,715,0,116,599,0
2025-06-01,PROD014,WH004,569,0,79,490,0
2025-06-01,PROD015,WH004,227,0,19,208,0
2025-06-01,PROD016,WH004,136,0,24,112,0
2025-06-01,PROD017,WH003,388,0,52,336,0
2025-06-01,PROD018,WH003,356,0,31,325,0
2025-06-01,PROD019,WH001,62,0,9,53,0
2025-06-01,PROD020,WH001,67,0,12,55,0
2025-06-02,PROD001,WH001,35,0,5,30,0
2025-06-02,PROD002,WH001,55,0,5,50,0
2025-06-02,PROD003,WH002,46,0,12,34,0
2025-06-02,PROD004,WH002,111,0,23,88,0
2025-06-02,PROD005,WH003,203,0,15,188,0
2025-06-02,PROD006,WH003,26,99,7,118,0
2025-06-02,PROD007,WH003,79,0,14,65,0
2025-06-02,PROD008,WH003,97,0,40,57,0
2025-06-02,PROD009,WH004,209,0,21,188,0
2025-06-02,PROD010,WH001,388,0,58,330,0
2025-06-02,PROD011,WH001,193,451,81,563,0
2025-06-02,PROD012,WH001,105,0,22,83,0
2025-06-02,PROD013,WH004,599,0,93,506,0
2025-06-02,PROD014,WH004,490,0,82,408,0
2025-06-02,PROD015,WH004,208,0,32,176,0
2025-06-02,PROD016,WH004,112,0,20,92,0
2025-06-02,PROD017,WH003,336,0,50,286,0
2025-06-02,PROD018,WH003,325,0,38,287,0
2025-06-02,PROD019,WH001,53,0,7,46,0
2025-06-02,PROD020,WH001,55,0,5,50,0
2025-06-03,PROD001,WH001,30,0,6,24,0
2025-06-03,PROD002,WH001,50,0,5,45,0
2025-06-03,PROD003,WH002,34,134,15,153,0
2025-06-03,PROD004,WH002,88,0,20,68,0
2025-06-03,PROD005,WH003,188,0,35,153,0
2025-06-03,PROD006,WH003,118,0,10,108,0
2025-06-03,PROD007,WH003,65,0,18,47,0
2025-06-03,PROD008,WH003,57,282,24,315,0
2025-06-03,PROD009,WH004,188,0,34,154,0
2025-06-03,PROD010,WH001,330,0,43,287,0
2025-06-03,PROD011,WH001,563,0,48,515,0
2025-06-03,PROD012,WH001,83,0,17,66,0
2025-06-03,PROD013,WH004,506,0,105,401,0
2025-06-03,PROD014,WH004,408,0,83,325,0
2025-06-03,PROD015,WH004,176,0,38,138,0
2025-06-03,PROD016,WH004,92,0,21,71,0
2025-06-03,PROD017,WH003,286,0,52,234,0
2025-06-03,PROD018,WH003,287,0,38,249,0
2025-06-03,PROD019,WH001,46,0,10,36,0
2025-06-03,PROD020,WH001,50,0,8,42,0
2025-06-04,PROD001,WH001,24,0,4,20,0
2025-06-04,PROD002,WH001,45,0,9,36,0
2025-06-04,PROD003,WH002,153,0,12,141,0
2025-06-04,PROD004,WH002,68,0,23,45,0
2025-06-04,PROD005,WH003,153,0,25,128,0
2025-06-04,PROD006,WH003,108,0,10,98,0
2025-06-04,PROD007,WH003,47,110,15,142,0
2025-06-04,PROD008,WH003,315,0,14,301,0
2025-06-04,PROD009,WH004,154,0,31,123,0
2025-06-04,PROD010,WH001,287,0,500,0,213
2025-06-04,PROD011,WH001,515,0,48,467,0
2025-06-04,PROD012,WH001,66,185,24,227,0
2025-06-04,PROD013,WH004,401,0,588,0,187
2025-06-04,PROD014,WH004,325,0,103,222,0
2025-06-04,PROD015,WH004,138,0,30,108,0
2025-06-04,PROD016,WH004,71,0,16,55,0
2025-06-04,PROD017,WH003,234,0,38,196,0
2025-06-04,PROD018,WH003,249,0,41,208,0
2025-06-04,PROD019,WH001,36,0,7,29,0
2025-06-04,PROD020,WH001,42,0,13,29,0
2025-06-05,PROD001,WH001,20,44,10,54,0
2025-06-05,PROD002,WH001,36,0,10,26,0
2025-06-05,PROD003,WH002,141,0,19,122,0
2025-06-05,PROD004,WH002,45,161,15,191,0
2025-06-05,PROD005,WH003,128,0,31,97,0
2025-06-05,PROD006,WH003,98,0,7,91,0
2025-06-05,PROD007,WH003,142,0,15,127,0
2025-06-05,PROD008,WH003,301,0,33,268,0
2025-06-05,PROD009,WH004,123,0,43,80,0
2025-06-05,PROD010,WH001,0,313,32,281,0
2025-06-05,PROD011,WH001,467,0,81,386,0
2025-06-05,PROD012,WH001,227,0,23,204,0
2025-06-05,PROD013,WH004,0,857,123,734,0
2025-06-05,PROD014,WH004,222,684,61,845,0
2025-06-05,PROD015,WH004,108,0,20,88,0
2025-06-05,PROD016,WH004,55,125,23,157,0
2025-06-05,PROD017,WH003,196,0,35,161,0
2025-06-05,PROD018,WH003,208,0,48,160,0
2025-06-05,PROD019,WH001,29,0,7,22,0
2025-06-05,PROD020,WH001,29,119,9,139,0
2025-06-06,PROD001,WH001,54,0,7,47,0
2025-06-06,PROD002,WH001,26,0,5,21,0
2025-06-06,PROD003,WH002,122,0,12,110,0
2025-06-06,PROD004,WH002,191,0,31,160,0
2025-06-06,PROD005,WH003,97,0,23,74,0
2025-06-06,PROD006,WH003,91,0,8,83,0
2025-06-06,PROD007,WH003,127,0,12,115,0
2025-06-06,PROD008,WH003,268,0,38,230,0
2025-06-06,PROD009,WH004,80,239,38,281,0
2025-06-06,PROD010,WH001,281,0,43,238,0
2025-06-06,PROD011,WH001,386,0,65,321,0
2025-06-06,PROD012,WH001,204,0,26,178,0
2025-06-06,PROD013,WH004,734,0,101,633,0
2025-06-06,PROD014,WH004,845,0,73,772,0
2025-06-06,PROD015,WH004,88,209,26,271,0
2025-06-06,PROD016,WH004,157,0,31,126,0
2025-06-06,PROD017,WH003,161,0,63,98,0
2025-06-06,PROD018,WH003,160,0,29,131,0
2025-06-06,PROD019,WH001,22,68,9,81,0
2025-06-06,PROD020,WH001,139,0,9,130,0
2025-06-07,PROD001,WH001,47,0,10,37,0
2025-06-07,PROD002,WH001,21,0,3,18,0
2025-06-07,PROD003,WH002,110,0,11,99,0
2025-06-07,PROD004,WH002,160,0,24,136,0
2025-06-07,PROD005,WH003,74,236,51,259,0
2025-06-07,PROD006,WH003,83,0,9,74,0
2025-06-07,PROD007,WH003,115,0,17,98,0
2025-06-07,PROD008,WH003,230,0,20,210,0
2025-06-07,PROD009,WH004,281,0,47,234,0
2025-06-07,PROD010,WH001,238,0,32,206,0
2025-06-07,PROD011,WH001,321,0,20,301,0
2025-06-07,PROD012,WH001,178,0,27,151,0
2025-06-07,PROD013,WH004,633,0,105,528,0
2025-06-07,PROD014,WH004,772,0,96,676,0
2025-06-07,PROD015,WH004,271,0,34,237,0
2025-06-07,PROD016,WH004,126,0,20,106,0
2025-06-07,PROD017,WH003,98,264,43,319,0
2025-06-07,PROD018,WH003,131,0,18,113,0
2025-06-07,PROD019,WH001,81,0,8,73,0
2025-06-07,PROD020,WH001,130,0,13,117,0
2025-06-08,PROD001,WH001,37,0,7,30,0
2025-06-08,PROD002,WH001,18,0,4,14,0
2025-06-08,PROD003,WH002,99,0,11,88,0
2025-06-08,PROD004,WH002,136,0,17,119,0
2025-06-08,PROD005,WH003,259,0,25,234,0
2025-06-08,PROD006,WH003,74,0,11,63,0
2025-06-08,PROD007,WH003,98,0,23,75,0
2025-06-08,PROD008,WH003,210,0,26,184,0
2025-06-08,PROD009,WH004,234,0,45,189,0
2025-06-08,PROD010,WH001,206,0,58,148,0
2025-06-08,PROD011,WH001,301,0,67,234,0
2025-06-08,PROD012,WH001,151,0,19,132,0
2025-06-08,PROD013,WH004,528,0,47,481,0
2025-06-08,PROD014,WH004,676,0,106,570,0
2025-06-08,PROD015,WH004,237,0,26,211,0
2025-06-08,PROD016,WH004,106,0,22,84,0
2025-06-08,PROD017,WH003,319,0,31,288,0
2025-06-08,PROD018,WH003,113,0,42,71,0
2025-06-08,PROD019,WH001,73,0,11,62,0
2025-06-08,PROD020,WH001,117,0,5,112,0
2025-06-09,PROD001,WH001,30,0,5,25,0
2025-06-09,PROD002,WH001,14,50,7,57,0
2025-06-09,PROD003,WH002,88,0,25,63,0
2025-06-09,PROD004,WH002,119,0,11,108,0
2025-06-09,PROD005,WH003,234,0,28,206,0
2025-06-09,PROD006,WH003,63,0,12,51,0
2025-06-09,PROD007,WH003,75,0,19,56,0
2025-06-09,PROD008,WH003,184,0,22,162,0
2025-06-09,PROD009,WH004,189,0,29,160,0
2025-06-09,PROD010,WH001,148,0,55,93,0
2025-06-09,PROD011,WH001,234,0,73,161,0
2025-06-09,PROD012,WH001,132,0,209,0,77
2025-06-09,PROD013,WH004,481,0,77,404,0
2025-06-09,PROD014,WH004,570,0,76,494,0
2025-06-09,PROD015,WH004,211,0,17,194,0
2025-06-09,PROD016,WH004,84,0,28,56,0
2025-06-09,PROD017,WH003,288,0,38,250,0
2025-06-09,PROD018,WH003,71,334,34,371,0
2025-06-09,PROD019,WH001,62,0,7,55,0
2025-06-09,PROD020,WH001,112,0,15,97,0
2025-06-10,PROD001,WH001,25,0,7,18,0
2025-06-10,PROD002,WH001,57,0,6,51,0
2025-06-10,PROD003,WH002,63,0,19,44,0
2025-06-10,PROD004,WH002,108,0,18,90,0
2025-06-10,PROD005,WH003,206,0,23,183,0
2025-06-10,PROD006,WH003,51,0,11,40,0
2025-06-10,PROD007,WH003,56,0,16,40,0
2025-06-10,PROD008,WH003,162,0,310,0,148
2025-06-10,PROD009,WH004,160,0,31,129,0
2025-06-10,PROD010,WH001,93,351,53,391,0
2025-06-10,PROD011,WH001,161,395,98,458,0
2025-06-10,PROD012,WH001,0,225,19,206,0
2025-06-10,PROD013,WH004,404,0,76,328,0
2025-06-10,PROD014,WH004,494,0,90,404,0
2025-06-10,PROD015,WH004,194,0,37,157,0
2025-06-10,PROD016,WH004,56,150,20,186,0
2025-06-10,PROD017,WH003,250,0,28,222,0
2025-06-10,PROD018,WH003,371,0,36,335,0
2025-06-10,PROD019,WH001,55,0,8,47,0
2025-06-10,PROD020,WH001,97,0,10,87,0
2025-06-11,PROD001,WH001,18,75,12,81,0
2025-06-11,PROD002,WH001,51,0,5,46,0
2025-06-11,PROD003,WH002,44,128,14,158,0
2025-06-11,PROD004,WH002,90,0,138,0,48
2025-06-11,PROD005,WH003,183,0,29,154,0
2025-06-11,PROD006,WH003,40,0,6,34,0
2025-06-11,PROD007,WH003,40,131,15,156,0
2025-06-11,PROD008,WH003,0,265,27,238,0
2025-06-11,PROD009,WH004,129,0,41,88,0
2025-06-11,PROD010,WH001,391,0,54,337,0
2025-06-11,PROD011,WH001,458,0,31,427,0
2025-06-11,PROD012,WH001,206,0,16,190,0
2025-06-11,PROD013,WH004,328,0,184,144,0
2025-06-11,PROD014,WH004,404,0,60,344,0
2025-06-11,PROD015,WH004,157,0,22,135,0
2025-06-11,PROD016,WH004,186,0,16,170,0
2025-06-11,PROD017,WH003,222,0,81,141,0
2025-06-11,PROD018,WH003,335,0,32,303,0
2025-06-11,PROD019,WH001,47,0,8,39,0
2025-06-11,PROD020,WH001,87,0,3,84,0
2025-06-12,PROD001,WH001,81,0,8,73,0
2025-06-12,PROD002,WH001,46,0,5,41,0
2025-06-12,PROD003,WH002,158,0,15,143,0
2025-06-12,PROD004,WH002,0,105,18,87,0
2025-06-12,PROD005,WH003,154,0,26,128,0
2025-06-12,PROD006,WH003,34,0,9,25,0
2025-06-12,PROD007,WH003,156,0,18,138,0
2025-06-12,PROD008,WH003,238,0,37,201,0
2025-06-12,PROD009,WH004,88,338,38,388,0
2025-06-12,PROD010,WH001,337,0,40,297,0
2025-06-12,PROD011,WH001,427,0,142,285,0
2025-06-12,PROD012,WH001,190,0,16,174,0
2025-06-12,PROD013,WH004,144,933,100,977,0
2025-06-12,PROD014,WH004,344,0,98,246,0
2025-06-12,PROD015,WH004,135,0,22,113,0
2025-06-12,PROD016,WH004,170,0,9,161,0
2025-06-12,PROD017,WH003,141,0,257,0,116
2025-06-12,PROD018,WH003,303,0,38,265,0
2025-06-12,PROD019,WH001,39,0,7,32,0
2025-06-12,PROD020,WH001,84,0,16,68,0
2025-06-13,PROD001,WH001,73,0,116,0,43
2025-06-13,PROD002,WH001,41,0,4,37,0
2025-06-13,PROD003,WH002,143,0,10,133,0
2025-06-13,PROD004,WH002,87,0,29,58,0
2025-06-13,PROD005,WH003,128,0,14,114,0
2025-06-13,PROD006,WH003,25,66,13,78,0
2025-06-13,PROD007,WH003,138,0,22,116,0
2025-06-13,PROD008,WH003,201,0,44,157,0
2025-06-13,PROD009,WH004,388,0,37,351,0
2025-06-13,PROD010,WH001,297,0,51,246,0
2025-06-13,PROD011,WH001,285,0,49,236,0
2025-06-13,PROD012,WH001,174,0,27,147,0
2025-06-13,PROD013,WH004,977,0,159,818,0
2025-06-13,PROD014,WH004,246,0,381,0,135
2025-06-13,PROD015,WH004,113,0,25,88,0
2025-06-13,PROD016,WH004,161,0,18,143,0
2025-06-13,PROD017,WH003,0,211,47,164,0
2025-06-13,PROD018,WH003,265,0,30,235,0
2025-06-13,PROD019,WH001,32,0,6,26,0
2025-06-13,PROD020,WH001,68,0,6,62,0
2025-06-14,PROD001,WH001,0,65,13,52,0
2025-06-14,PROD002,WH001,37,0,5,32,0
2025-06-14,PROD003,WH002,133,0,22,111,0
2025-06-14,PROD004,WH002,58,154,26,186,0
2025-06-14,PROD005,WH003,114,0,25,89,0
2025-06-14,PROD006,WH003,78,0,9,69,0
2025-06-14,PROD007,WH003,116,0,18,98,0
2025-06-14,PROD008,WH003,157,0,29,128,0
2025-06-14,PROD009,WH004,351,0,52,299,0
2025-06-14,PROD010,WH001,246,0,48,198,0
2025-06-14,PROD011,WH001,236,0,94,142,0
2025-06-14,PROD012,WH001,147,0,32,115,0
2025-06-14,PROD013,WH004,818,0,113,705,0
2025-06-14,PROD014,WH004,0,752,50,702,0
2025-06-14,PROD015,WH004,88,186,35,239,0
2025-06-14,PROD016,WH004,143,0,23,120,0
2025-06-14,PROD017,WH003,164,0,47,117,0
2025-06-14,PROD018,WH003,235,0,28,207,0
2025-06-14,PROD019,WH001,26,0,5,21,0
2025-06-14,PROD020,WH001,62,0,19,43,0
2025-06-15,PROD001,WH001,52,0,8,44,0
2025-06-15,PROD002,WH001,32,0,5,27,0
2025-06-15,PROD003,WH002,111,0,18,93,0
2025-06-15,PROD004,WH002,186,0,17,169,0
2025-06-15,PROD005,WH003,89,0,16,73,0
2025-06-15,PROD006,WH003,69,0,12,57,0
2025-06-15,PROD007,WH003,98,0,20,78,0
2025-06-15,PROD008,WH003,128,0,36,92,0
2025-06-15,PROD009,WH004,299,0,42,257,0
2025-06-15,PROD010,WH001,198,0,58,140,0
2025-06-15,PROD011,WH001,142,373,52,463,0
2025-06-15,PROD012,WH001,115,0,27,88,0
2025-06-15,PROD013,WH004,705,0,94,611,0
2025-06-15,PROD014,WH004,702,0,91,611,0
2025-06-15,PROD015,WH004,239,0,32,207,0
2025-06-15,PROD016,WH004,120,0,20,100,0
2025-06-15,PROD017,WH003,117,368,29,456,0
2025-06-15,PROD018,WH003,207,0,34,173,0
2025-06-15,PROD019,WH001,21,40,7,54,0
2025-06-15,PROD020,WH001,43,0,13,30,0
2025-06-16,PROD001,WH001,44,0,59,0,15
2025-06-16,PROD002,WH001,27,0,5,22,0
2025-06-16,PROD003,WH002,93,0,15,78,0
2025-06-16,PROD004,WH002,169,0,15,154,0
2025-06-16,PROD005,WH003,73,159,24,208,0
2025-06-16,PROD006,WH003,57,0,8,49,0
2025-06-16,PROD007,WH003,78,0,16,62,0
2025-06-16,PROD008,WH003,92,0,55,37,0
2025-06-16,PROD009,WH004,257,0,23,234,0
2025-06-16,PROD010,WH001,140,0,32,108,0
2025-06-16,PROD011,WH001,463,0,42,421,0
2025-06-16,PROD012,WH001,88,0,30,58,0
2025-06-16,PROD013,WH004,611,0,77,534,0
2025-06-16,PROD014,WH004,611,0,98,513,0
2025-06-16,PROD015,WH004,207,0,32,175,0
2025-06-16,PROD016,WH004,100,0,25,75,0
2025-06-16,PROD017,WH003,456,0,38,418,0
2025-06-16,PROD018,WH003,173,0,35,138,0
2025-06-16,PROD019,WH001,54,0,11,43,0
2025-06-16,PROD020,WH001,30,75,16,89,0
2025-06-17,PROD001,WH001,0,63,6,57,0
2025-06-17,PROD002,WH001,22,0,6,16,0
2025-06-17,PROD003,WH002,78,0,18,60,0
2025-06-17,PROD004,WH002,154,0,17,137,0
2025-06-17,PROD005,WH003,208,0,13,195,0
2025-06-17,PROD006,WH003,49,0,7,42,0
2025-06-17,PROD007,WH003,62,0,18,44,0
2025-06-17,PROD008,WH003,37,263,33,267,0
2025-06-17,PROD009,WH004,234,0,30,204,0
2025-06-17,PROD010,WH001,108,370,53,425,0
2025-06-17,PROD011,WH001,421,0,66,355,0
2025-06-17,PROD012,WH001,58,164,15,207,0
2025-06-17,PROD013,WH004,534,0,107,427,0
2025-06-17,PROD014,WH004,513,0,76,437,0
2025-06-17,PROD015,WH004,175,0,38,137,0
2025-06-17,PROD016,WH004,75,0,18,57,0
2025-06-17,PROD017,WH003,418,0,41,377,0
2025-06-17,PROD018,WH003,138,0,34,104,0
2025-06-17,PROD019,WH001,43,0,7,36,0
2025-06-17,PROD020,WH001,89,0,11,78,0
2025-06-18,PROD001,WH001,57,0,9,48,0
2025-06-18,PROD002,WH001,16,53,6,63,0
2025-06-18,PROD003,WH002,60,0,16,44,0
2025-06-18,PROD004,WH002,137,0,19,118,0
2025-06-18,PROD005,WH003,195,0,31,164,0
2025-06-18,PROD006,WH003,42,0,10,32,0
2025-06-18,PROD007,WH003,44,173,42,175,0
2025-06-18,PROD008,WH003,267,0,30,237,0
2025-06-18,PROD009,WH004,204,0,45,159,0
2025-06-18,PROD010,WH001,425,0,39,386,0
2025-06-18,PROD011,WH001,355,0,94,261,0
2025-06-18,PROD012,WH001,207,0,25,182,0
2025-06-18,PROD013,WH004,427,0,112,315,0
2025-06-18,PROD014,WH004,437,0,81,356,0
2025-06-18,PROD015,WH004,137,0,21,116,0
2025-06-18,PROD016,WH004,57,174,16,215,0
2025-06-18,PROD017,WH003,377,0,30,347,0
2025-06-18,PROD018,WH003,104,282,34,352,0
2025-06-18,PROD019,WH001,36,0,11,25,0
2025-06-18,PROD020,WH001,78,0,13,65,0
2025-06-19,PROD001,WH001,48,0,6,42,0
2025-06-19,PROD002,WH001,63,0,4,59,0
2025-06-19,PROD003,WH002,44,141,18,167,0
2025-06-19,PROD004,WH002,118,0,11,107,0
2025-06-19,PROD005,WH003,164,0,22,142,0
2025-06-19,PROD006,WH003,32,0,9,23,0
2025-06-19,PROD007,WH003,175,0,17,158,0
2025-06-19,PROD008,WH003,237,0,15,222,0
2025-06-19,PROD009,WH004,159,0,20,139,0
2025-06-19,PROD010,WH001,386,0,45,341,0
2025-06-19,PROD011,WH001,261,0,68,193,0
2025-06-19,PROD012,WH001,182,0,26,156,0
2025-06-19,PROD013,WH004,315,0,111,204,0
2025-06-19,PROD014,WH004,356,0,63,293,0
2025-06-19,PROD015,WH004,116,0,30,86,0
2025-06-19,PROD016,WH004,215,0,18,197,0
2025-06-19,PROD017,WH003,347,0,42,305,0
2025-06-19,PROD018,WH003,352,0,37,315,0
2025-06-19,PROD019,WH001,25,0,6,19,0
2025-06-19,PROD020,WH001,65,0,7,58,0
2025-06-20,PROD001,WH001,42,0,8,34,0
2025-06-20,PROD002,WH001,59,0,7,52,0
2025-06-20,PROD003,WH002,167,0,23,144,0
2025-06-20,PROD004,WH002,107,0,13,94,0
2025-06-20,PROD005,WH003,142,0,31,111,0
2025-06-20,PROD006,WH003,23,75,11,87,0
2025-06-20,PROD007,WH003,158,0,20,138,0
2025-06-20,PROD008,WH003,222,0,12,210,0
2025-06-20,PROD009,WH004,139,0,40,99,0
2025-06-20,PROD010,WH001,341,0,45,296,0
2025-06-20,PROD011,WH001,193,538,93,638,0
2025-06-20,PROD012,WH001,156,0,23,133,0
2025-06-20,PROD013,WH004,204,975,98,1081,0
2025-06-20,PROD014,WH004,293,0,114,179,0
2025-06-20,PROD015,WH004,86,167,19,234,0
2025-06-20,PROD016,WH004,197,0,11,186,0
2025-06-20,PROD017,WH003,305,0,38,267,0
2025-06-20,PROD018,WH003,315,0,36,279,0
2025-06-20,PROD019,WH001,19,69,7,81,0
2025-06-20,PROD020,WH001,58,0,12,46,0
2025-06-21,PROD001,WH001,34,0,4,30,0
2025-06-21,PROD002,WH001,52,0,9,43,0
2025-06-21,PROD003,WH002,144,0,20,124,0
2025-06-21,PROD004,WH002,94,0,153,0,59
2025-06-21,PROD005,WH003,111,0,12,99,0
2025-06-21,PROD006,WH003,87,0,12,75,0
2025-06-21,PROD007,WH003,138,0,15,123,0
2025-06-21,PROD008,WH003,210,0,415,0,205
2025-06-21,PROD009,WH004,99,221,39,281,0
2025-06-21,PROD010,WH001,296,0,39,257,0
2025-06-21,PROD011,WH001,638,0,80,558,0
2025-06-21,PROD012,WH001,133,0,26,107,0
2025-06-21,PROD013,WH004,1081,0,98,983,0
2025-06-21,PROD014,WH004,179,797,95,881,0
2025-06-21,PROD015,WH004,234,0,41,193,0
2025-06-21,PROD016,WH004,186,0,17,169,0
2025-06-21,PROD017,WH003,267,0,31,236,0
2025-06-21,PROD018,WH003,279,0,35,244,0
2025-06-21,PROD019,WH001,81,0,10,71,0
2025-06-21,PROD020,WH001,46,0,14,32,0
2025-06-22,PROD001,WH001,30,0,7,23,0
2025-06-22,PROD002,WH001,43,0,4,39,0
2025-06-22,PROD003,WH002,124,0,13,111,0
2025-06-22,PROD004,WH002,0,122,21,101,0
2025-06-22,PROD005,WH003,99,0,27,72,0
2025-06-22,PROD006,WH003,75,0,12,63,0
2025-06-22,PROD007,WH003,123,0,18,105,0
2025-06-22,PROD008,WH003,0,191,26,165,0
2025-06-22,PROD009,WH004,281,0,36,245,0
2025-06-22,PROD010,WH001,257,0,55,202,0
2025-06-22,PROD011,WH001,558,0,63,495,0
2025-06-22,PROD012,WH001,107,0,34,73,0
2025-06-22,PROD013,WH004,983,0,109,874,0
2025-06-22,PROD014,WH004,881,0,109,772,0
2025-06-22,PROD015,WH004,193,0,33,160,0
2025-06-22,PROD016,WH004,169,0,17,152,0
2025-06-22,PROD017,WH003,236,0,45,191,0
2025-06-22,PROD018,WH003,244,0,29,215,0
2025-06-22,PROD019,WH001,71,0,8,63,0
2025-06-22,PROD020,WH001,32,96,14,114,0
2025-06-23,PROD001,WH001,23,65,9,79,0
2025-06-23,PROD002,WH001,39,0,2,37,0
2025-06-23,PROD003,WH002,111,0,14,97,0
2025-06-23,PROD004,WH002,101,0,22,79,0
2025-06-23,PROD005,WH003,72,159,33,198,0
2025-06-23,PROD006,WH003,63,0,4,59,0
2025-06-23,PROD007,WH003,105,0,29,76,0
2025-06-23,PROD008,WH003,165,0,25,140,0
2025-06-23,PROD009,WH004,245,0,44,201,0
2025-06-23,PROD010,WH001,202,0,56,146,0
2025-06-23,PROD011,WH001,495,0,59,436,0
2025-06-23,PROD012,WH001,73,139,22,190,0
2025-06-23,PROD013,WH004,874,0,99,775,0
2025-06-23,PROD014,WH004,772,0,75,697,0
2025-06-23,PROD015,WH004,160,0,45,115,0
2025-06-23,PROD016,WH004,152,0,15,137,0
2025-06-23,PROD017,WH003,191,0,33,158,0
2025-06-23,PROD018,WH003,215,0,41,174,0
2025-06-23,PROD019,WH001,63,0,10,53,0
2025-06-23,PROD020,WH001,114,0,15,99,0
2025-06-24,PROD001,WH001,79,0,7,72,0
2025-06-24,PROD002,WH001,37,0,5,32,0
2025-06-24,PROD003,WH002,97,0,11,86,0
2025-06-24,PROD004,WH002,79,0,21,58,0
2025-06-24,PROD005,WH003,198,0,30,168,0
2025-06-24,PROD006,WH003,59,0,12,47,0
2025-06-24,PROD007,WH003,76,0,9,67,0
2025-06-24,PROD008,WH003,140,0,25,115,0
2025-06-24,PROD009,WH004,201,0,39,162,0
2025-06-24,PROD010,WH001,146,0,55,91,0
2025-06-24,PROD011,WH001,436,0,81,355,0
2025-06-24,PROD012,WH001,190,0,27,163,0
2025-06-24,PROD013,WH004,775,0,82,693,0
2025-06-24,PROD014,WH004,697,0,106,591,0
2025-06-24,PROD015,WH004,115,0,49,66,0
2025-06-24,PROD016,WH004,137,0,15,122,0
2025-06-24,PROD017,WH003,158,0,33,125,0
2025-06-24,PROD018,WH003,174,0,48,126,0
2025-06-24,PROD019,WH001,53,0,8,45,0
2025-06-24,PROD020,WH001,99,0,8,91,0
2025-06-25,PROD001,WH001,72,0,6,66,0
2025-06-25,PROD002,WH001,32,0,9,23,0
2025-06-25,PROD003,WH002,86,0,14,72,0
2025-06-25,PROD004,WH002,58,180,25,213,0
2025-06-25,PROD005,WH003,168,0,13,155,0
2025-06-25,PROD006,WH003,47,0,13,34,0
2025-06-25,PROD007,WH003,67,0,22,45,0
2025-06-25,PROD008,WH003,115,0,49,66,0
2025-06-25,PROD009,WH004,162,0,35,127,0
2025-06-25,PROD010,WH001,91,377,48,420,0
2025-06-25,PROD011,WH001,355,0,95,260,0
2025-06-25,PROD012,WH001,163,0,25,138,0
2025-06-25,PROD013,WH004,693,0,90,603,0
2025-06-25,PROD014,WH004,591,0,91,500,0
2025-06-25,PROD015,WH004,66,270,39,297,0
2025-06-25,PROD016,WH004,122,0,14,108,0
2025-06-25,PROD017,WH003,125,0,39,86,0
2025-06-25,PROD018,WH003,126,0,32,94,0
2025-06-25,PROD019,WH001,45,0,7,38,0
2025-06-25,PROD020,WH001,91,0,11,80,0
2025-06-26,PROD001,WH001,66,0,6,60,0
2025-06-26,PROD002,WH001,23,0,9,14,0
2025-06-26,PROD003,WH002,72,0,13,59,0
2025-06-26,PROD004,WH002,213,0,18,195,0
2025-06-26,PROD005,WH003,155,0,9,146,0
2025-06-26,PROD006,WH003,34,0,15,19,0
2025-06-26,PROD007,WH003,45,107,15,137,0
2025-06-26,PROD008,WH003,66,210,25,251,0
2025-06-26,PROD009,WH004,127,0,37,90,0
2025-06-26,PROD010,WH001,420,0,45,375,0
2025-06-26,PROD011,WH001,260,0,73,187,0
2025-06-26,PROD012,WH001,138,0,27,111,0
2025-06-26,PROD013,WH004,603,0,133,470,0
2025-06-26,PROD014,WH004,500,0,122,378,0
2025-06-26,PROD015,WH004,297,0,29,268,0
2025-06-26,PROD016,WH004,108,0,16,92,0
2025-06-26,PROD017,WH003,86,269,51,304,0
2025-06-26,PROD018,WH003,94,183,27,250,0
2025-06-26,PROD019,WH001,38,0,7,31,0
2025-06-26,PROD020,WH001,80,0,9,71,0
2025-06-27,PROD001,WH001,60,0,9,51,0
2025-06-27,PROD002,WH001,14,42,6,50,0
2025-06-27,PROD003,WH002,59,0,13,46,0
2025-06-27,PROD004,WH002,195,0,23,172,0
2025-06-27,PROD005,WH003,146,0,27,119,0
2025-06-27,PROD006,WH003,19,81,6,94,0
2025-06-27,PROD007,WH003,137,0,20,117,0
2025-06-27,PROD008,WH003,251,0,40,211,0
2025-06-27,PROD009,WH004,90,254,27,317,0
2025-06-27,PROD010,WH001,375,0,47,328,0
2025-06-27,PROD011,WH001,187,498,82,603,0
2025-06-27,PROD012,WH001,111,0,30,81,0
2025-06-27,PROD013,WH004,470,0,83,387,0
2025-06-27,PROD014,WH004,378,0,58,320,0
2025-06-27,PROD015,WH004,268,0,34,234,0
2025-06-27,PROD016,WH004,92,0,19,73,0
2025-06-27,PROD017,WH003,304,0,34,270,0
2025-06-27,PROD018,WH003,250,0,32,218,0
2025-06-27,PROD019,WH001,31,0,7,24,0
2025-06-27,PROD020,WH001,71,0,8,63,0
2025-06-28,PROD001,WH001,51,0,8,43,0
2025-06-28,PROD002,WH001,50,0,7,43,0
2025-06-28,PROD003,WH002,46,0,19,27,0
2025-06-28,PROD004,WH002,172,0,22,150,0
2025-06-28,PROD005,WH003,119,0,24,95,0
2025-06-28,PROD006,WH003,94,0,13,81,0
2025-06-28,PROD007,WH003,117,0,21,96,0
2025-06-28,PROD008,WH003,211,0,36,175,0
2025-06-28,PROD009,WH004,317,0,37,280,0
2025-06-28,PROD010,WH001,328,0,44,284,0
2025-06-28,PROD011,WH001,603,0,67,536,0
2025-06-28,PROD012,WH001,81,0,17,64,0
2025-06-28,PROD013,WH004,387,0,58,329,0
2025-06-28,PROD014,WH004,320,0,75,245,0
2025-06-28,PROD015,WH004,234,0,39,195,0
2025-06-28,PROD016,WH004,73,0,19,54,0
2025-06-28,PROD017,WH003,270,0,31,239,0
2025-06-28,PROD018,WH003,218,0,38,180,0
2025-06-28,PROD019,WH001,24,0,42,0,18
2025-06-28,PROD020,WH001,63,0,13,50,0
2025-06-29,PROD001,WH001,43,0,7,36,0
2025-06-29,PROD002,WH001,43,0,6,37,0
2025-06-29,PROD003,WH002,27,87,13,101,0
2025-06-29,PROD004,WH002,150,0,28,122,0
2025-06-29,PROD005,WH003,95,0,27,68,0
2025-06-29,PROD006,WH003,81,0,9,72,0
2025-06-29,PROD007,WH003,96,0,19,77,0
2025-06-29,PROD008,WH003,175,0,38,137,0
2025-06-29,PROD009,WH004,280,0,39,241,0
2025-06-29,PROD010,WH001,284,0,29,255,0
2025-06-29,PROD011,WH001,536,0,99,437,0
2025-06-29,PROD012,WH001,64,212,16,260,0
2025-06-29,PROD013,WH004,329,0,114,215,0
2025-06-29,PROD014,WH004,245,0,78,167,0
2025-06-29,PROD015,WH004,195,0,32,163,0
2025-06-29,PROD016,WH004,54,166,408,0,188
2025-06-29,PROD017,WH003,239,0,49,190,0
2025-06-29,PROD018,WH003,180,0,15,165,0
2025-06-29,PROD019,WH001,0,63,6,57,0
2025-06-29,PROD020,WH001,50,0,12,38,0
2025-06-30,PROD001,WH001,36,0,9,27,0
2025-06-30,PROD002,WH001,37,0,6,31,0
2025-06-30,PROD003,WH002,101,0,18,83,0
2025-06-30,PROD004,WH002,122,0,17,105,0
2025-06-30,PROD005,WH003,68,244,24,288,0
2025-06-30,PROD006,WH003,72,0,10,62,0
2025-06-30,PROD007,WH003,77,0,17,60,0
2025-06-30,PROD008,WH003,137,0,40,97,0
2025-06-30,PROD009,WH004,241,0,34,207,0
2025-06-30,PROD010,WH001,255,0,35,220,0
2025-06-30,PROD011,WH001,437,0,71,366,0
2025-06-30,PROD012,WH001,260,0,28,232,0
2025-06-30,PROD013,WH004,215,874,184,905,0
2025-06-30,PROD014,WH004,167,620,109,678,0
2025-06-30,PROD015,WH004,163,0,32,131,0
2025-06-30,PROD016,WH004,0,173,23,150,0
2025-06-30,PROD017,WH003,190,0,267,0,77
2025-06-30,PROD018,WH003,165,0,19,146,0
2025-06-30,PROD019,WH001,57,0,5,52,0
2025-06-30,PROD020,WH001,38,0,14,24,0
2025-07-01,PROD001,WH001,27,0,6,21,0
2025-07-01,PROD002,WH001,31,0,6,25,0
2025-07-01,PROD003,WH002,83,0,15,68,0
2025-07-01,PROD004,WH002,105,0,18,87,0
2025-07-01,PROD005,WH003,288,0,36,252,0
2025-07-01,PROD006,WH003,62,0,11,51,0
2025-07-01,PROD007,WH003,60,0,26,34,0
2025-07-01,PROD008,WH003,97,0,15,82,0
2025-07-01,PROD009,WH004,207,0,49,158,0
2025-07-01,PROD010,WH001,220,0,37,183,0
2025-07-01,PROD011,WH001,366,0,59,307,0
2025-07-01,PROD012,WH001,232,0,22,210,0
2025-07-01,PROD013,WH004,905,0,195,710,0
2025-07-01,PROD014,WH004,678,0,85,593,0
2025-07-01,PROD015,WH004,131,0,48,83,0
2025-07-01,PROD016,WH004,150,0,14,136,0
2025-07-01,PROD017,WH003,0,385,46,339,0
2025-07-01,PROD018,WH003,146,0,38,108,0
2025-07-01,PROD019,WH001,52,0,11,41,0
2025-07-01,PROD020,WH001,24,87,7,104,0
2025-07-02,PROD001,WH001,21,61,8,74,0
2025-07-02,PROD002,WH001,25,0,5,20,0
2025-07-02,PROD003,WH002,68,0,20,48,0
2025-07-02,PROD004,WH002,87,0,27,60,0
2025-07-02,PROD005,WH003,252,0,25,227,0
2025-07-02,PROD006,WH003,51,0,8,43,0
2025-07-02,PROD007,WH003,34,145,26,153,0
2025-07-02,PROD008,WH003,82,243,31,294,0
2025-07-02,PROD009,WH004,158,0,50,108,0
2025-07-02,PROD010,WH001,183,0,46,137,0
2025-07-02,PROD011,WH001,307,0,41,266,0
2025-07-02,PROD012,WH001,210,0,23,187,0
2025-07-02,PROD013,WH004,710,0,76,634,0
2025-07-02,PROD014,WH004,593,0,52,541,0
2025-07-02,PROD015,WH004,83,219,36,266,0
2025-07-02,PROD016,WH004,136,0,21,115,0
2025-07-02,PROD017,WH003,339,0,28,311,0
2025-07-02,PROD018,WH003,108,0,28,80,0
2025-07-02,PROD019,WH001,41,0,4,37,0
2025-07-02,PROD020,WH001,104,0,7,97,0
2025-07-03,PROD001,WH001,74,0,8,66,0
2025-07-03,PROD002,WH001,20,0,7,13,0
2025-07-03,PROD003,WH002,48,0,85,0,37
2025-07-03,PROD004,WH002,60,0,24,36,0
2025-07-03,PROD005,WH003,227,0,31,196,0
2025-07-03,PROD006,WH003,43,0,6,37,0
2025-07-03,PROD007,WH003,153,0,11,142,0
2025-07-03,PROD008,WH003,294,0,16,278,0
2025-07-03,PROD009,WH004,108,0,39,69,0
2025-07-03,PROD010,WH001,137,0,41,96,0
2025-07-03,PROD011,WH001,266,0,70,196,0
2025-07-03,PROD012,WH001,187,0,12,175,0
2025-07-03,PROD013,WH004,634,0,94,540,0
2025-07-03,PROD014,WH004,541,0,65,476,0
2025-07-03,PROD015,WH004,266,0,32,234,0
2025-07-03,PROD016,WH004,115,0,29,86,0
2025-07-03,PROD017,WH003,311,0,42,269,0
2025-07-03,PROD018,WH003,80,310,28,362,0
2025-07-03,PROD019,WH001,37,0,7,30,0
2025-07-03,PROD020,WH001,97,0,18,79,0
2025-07-04,PROD001,WH001,66,0,12,54,0
2025-07-04,PROD002,WH001,13,35,7,41,0
2025-07-04,PROD003,WH002,0,114,18,96,0
2025-07-04,PROD004,WH002,36,187,25,198,0
2025-07-04,PROD005,WH003,196,0,30,166,0
2025-07-04,PROD006,WH003,37,0,14,23,0
2025-07-04,PROD007,WH003,142,0,29,113,0
2025-07-04,PROD008,WH003,278,0,26,252,0
2025-07-04,PROD009,WH004,69,205,30,244,0
2025-07-04,PROD010,WH001,96,385,41,440,0
2025-07-04,PROD011,WH001,196,435,83,548,0
2025-07-04,PROD012,WH001,175,0,18,157,0
2025-07-04,PROD013,WH004,540,0,58,482,0
2025-07-04,PROD014,WH004,476,0,80,396,0
2025-07-04,PROD015,WH004,234,0,35,199,0
2025-07-04,PROD016,WH004,86,0,20,66,0
2025-07-04,PROD017,WH003,269,0,44,225,0
2025-07-04,PROD018,WH003,362,0,23,339,0
2025-07-04,PROD019,WH001,30,0,6,24,0
2025-07-04,PROD020,WH001,79,0,13,66,0
2025-07-05,PROD001,WH001,54,0,9,45,0
2025-07-05,PROD002,WH001,41,0,5,36,0
2025-07-05,PROD003,WH002,96,0,12,84,0
2025-07-05,PROD004,WH002,198,0,23,175,0
2025-07-05,PROD005,WH003,166,0,20,146,0
2025-07-05,PROD006,WH003,23,64,10,77,0
2025-07-05,PROD007,WH003,113,0,28,85,0
2025-07-05,PROD008,WH003,252,0,26,226,0
2025-07-05,PROD009,WH004,244,0,29,215,0
2025-07-05,PROD010,WH001,440,0,44,396,0
2025-07-05,PROD011,WH001,548,0,54,494,0
2025-07-05,PROD012,WH001,157,0,24,133,0
2025-07-05,PROD013,WH004,482,0,106,376,0
2025-07-05,PROD014,WH004,396,0,87,309,0
2025-07-05,PROD015,WH004,199,0,27,172,0
2025-07-05,PROD016,WH004,66,0,18,48,0
2025-07-05,PROD017,WH003,225,0,40,185,0
2025-07-05,PROD018,WH003,339,0,35,304,0
2025-07-05,PROD019,WH001,24,0,8,16,0
2025-07-05,PROD020,WH001,66,0,10,56,0
2025-07-06,PROD001,WH001,45,0,10,35,0
2025-07-06,PROD002,WH001,36,0,5,31,0
2025-07-06,PROD003,WH002,84,0,17,67,0
2025-07-06,PROD004,WH002,175,0,24,151,0
2025-07-06,PROD005,WH003,146,0,10,136,0
2025-07-06,PROD006,WH003,77,0,10,67,0
2025-07-06,PROD007,WH003,85,0,14,71,0
2025-07-06,PROD008,WH003,226,0,21,205,0
2025-07-06,PROD009,WH004,215,0,30,185,0
2025-07-06,PROD010,WH001,396,0,56,340,0
2025-07-06,PROD011,WH001,494,0,62,432,0
2025-07-06,PROD012,WH001,133,0,201,0,68
2025-07-06,PROD013,WH004,376,0,127,249,0
2025-07-06,PROD014,WH004,309,0,101,208,0
2025-07-06,PROD015,WH004,172,0,32,140,0
2025-07-06,PROD016,WH004,48,127,14,161,0
2025-07-06,PROD017,WH003,185,0,26,159,0
2025-07-06,PROD018,WH003,304,0,29,275,0
2025-07-06,PROD019,WH001,16,44,8,52,0
2025-07-06,PROD020,WH001,56,0,8,48,0
2025-07-07,PROD001,WH001,35,0,7,28,0
2025-07-07,PROD002,WH001,31,0,4,27,0
2025-07-07,PROD003,WH002,67,0,10,57,0
2025-07-07,PROD004,WH002,151,0,17,134,0
2025-07-07,PROD005,WH003,136,0,19,117,0
2025-07-07,PROD006,WH003,67,0,8,59,0
2025-07-07,PROD007,WH003,71,0,18,53,0
2025-07-07,PROD008,WH003,205,0,24,181,0
2025-07-07,PROD009,WH004,185,0,34,151,0
2025-07-07,PROD010,WH001,340,0,51,289,0
2025-07-07,PROD011,WH001,432,0,73,359,0
2025-07-07,PROD012,WH001,0,192,34,158,0
2025-07-07,PROD013,WH004,249,673,114,808,0
2025-07-07,PROD014,WH004,208,516,101,623,0
2025-07-07,PROD015,WH004,140,0,37,103,0
2025-07-07,PROD016,WH004,161,0,22,139,0
2025-07-07,PROD017,WH003,159,0,36,123,0
2025-07-07,PROD018,WH003,275,0,44,231,0
2025-07-07,PROD019,WH001,52,0,8,44,0
2025-07-07,PROD020,WH001,48,0,9,39,0
2025-07-08,PROD001,WH001,28,0,8,20,0
2025-07-08,PROD002,WH001,27,0,7,20,0
2025-07-08,PROD003,WH002,57,0,14,43,0
2025-07-08,PROD004,WH002,134,0,18,116,0
2025-07-08,PROD005,WH003,117,0,12,105,0
2025-07-08,PROD006,WH003,59,0,13,46,0
2025-07-08,PROD007,WH003,53,120,16,157,0
2025-07-08,PROD008,WH003,181,0,37,144,0
2025-07-08,PROD009,WH004,151,0,32,119,0
2025-07-08,PROD010,WH001,289,0,50,239,0
2025-07-08,PROD011,WH001,359,0,83,276,0
2025-07-08,PROD012,WH001,158,0,13,145,0
2025-07-08,PROD013,WH004,808,0,90,718,0
2025-07-08,PROD014,WH004,623,0,101,522,0
2025-07-08,PROD015,WH004,103,0,33,70,0
2025-07-08,PROD016,WH004,139,0,180,0,41
2025-07-08,PROD017,WH003,123,0,46,77,0
2025-07-08,PROD018,WH003,231,0,18,213,0
2025-07-08,PROD019,WH001,44,0,6,38,0
2025-07-08,PROD020,WH001,39,0,7,32,0
2025-07-09,PROD001,WH001,20,48,9,59,0
2025-07-09,PROD002,WH001,20,0,6,14,0
2025-07-09,PROD003,WH002,43,77,10,110,0
2025-07-09,PROD004,WH002,116,0,21,95,0
2025-07-09,PROD005,WH003,105,0,28,77,0
2025-07-09,PROD006,WH003,46,0,14,32,0
2025-07-09,PROD007,WH003,157,0,20,137,0
2025-07-09,PROD008,WH003,144,0,21,123,0
2025-07-09,PROD009,WH004,119,0,37,82,0
2025-07-09,PROD010,WH001,239,0,34,205,0
2025-07-09,PROD011,WH001,276,0,77,199,0
2025-07-09,PROD012,WH001,145,0,23,122,0
2025-07-09,PROD013,WH004,718,0,94,624,0
2025-07-09,PROD014,WH004,522,0,67,455,0
2025-07-09,PROD015,WH004,70,288,39,319,0
2025-07-09,PROD016,WH004,0,103,20,83,0
2025-07-09,PROD017,WH003,77,357,66,368,0
2025-07-09,PROD018,WH003,213,0,29,184,0
2025-07-09,PROD019,WH001,38,0,8,30,0
2025-07-09,PROD020,WH001,32,72,12,92,0
2025-07-10,PROD001,WH001,59,0,7,52,0
2025-07-10,PROD002,WH001,14,38,5,47,0
2025-07-10,PROD003,WH002,110,0,19,91,0
2025-07-10,PROD004,WH002,95,0,21,74,0
2025-07-10,PROD005,WH003,77,0,15,62,0
2025-07-10,PROD006,WH003,32,0,8,24,0
2025-07-10,PROD007,WH003,137,0,9,128,0
2025-07-10,PROD008,WH003,123,0,28,95,0
2025-07-10,PROD009,WH004,82,270,32,320,0
2025-07-10,PROD010,WH001,205,0,64,141,0
2025-07-10,PROD011,WH001,199,402,65,536,0
2025-07-10,PROD012,WH001,122,0,26,96,0
2025-07-10,PROD013,WH004,624,0,91,533,0
2025-07-10,PROD014,WH004,455,0,60,395,0
2025-07-10,PROD015,WH004,319,0,21,298,0
2025-07-10,PROD016,WH004,83,0,18,65,0
2025-07-10,PROD017,WH003,368,0,38,330,0
2025-07-10,PROD018,WH003,184,0,36,148,0
2025-07-10,PROD019,WH001,30,0,7,23,0
2025-07-10,PROD020,WH001,92,0,10,82,0
2025-07-11,PROD001,WH001,52,0,5,47,0
2025-07-11,PROD002,WH001,47,0,5,42,0
2025-07-11,PROD003,WH002,91,0,12,79,0
2025-07-11,PROD004,WH002,74,0,18,56,0
2025-07-11,PROD005,WH003,62,151,23,190,0
2025-07-11,PROD006,WH003,24,67,10,81,0
2025-07-11,PROD007,WH003,128,0,20,108,0
2025-07-11,PROD008,WH003,95,0,174,0,79
2025-07-11,PROD009,WH004,320,0,33,287,0
2025-07-11,PROD010,WH001,141,0,40,101,0
2025-07-11,PROD011,WH001,536,0,79,457,0
2025-07-11,PROD012,WH001,96,0,18,78,0
2025-07-11,PROD013,WH004,533,0,100,433,0
2025-07-11,PROD014,WH004,395,0,97,298,0
2025-07-11,PROD015,WH004,298,0,57,241,0
2025-07-11,PROD016,WH004,65,0,10,55,0
2025-07-11,PROD017,WH003,330,0,51,279,0
2025-07-11,PROD018,WH003,148,0,30,118,0
2025-07-11,PROD019,WH001,23,60,8,75,0
2025-07-11,PROD020,WH001,82,0,12,70,0
2025-07-12,PROD001,WH001,47,0,6,41,0
2025-07-12,PROD002,WH001,42,0,3,39,0
2025-07-12,PROD003,WH002,79,0,17,62,0
2025-07-12,PROD004,WH002,56,120,13,163,0
2025-07-12,PROD005,WH003,190,0,26,164,0
2025-07-12,PROD006,WH003,81,0,13,68,0
2025-07-12,PROD007,WH003,108,0,22,86,0
2025-07-12,PROD008,WH003,0,208,33,175,0
2025-07-12,PROD009,WH004,287,0,39,248,0
2025-07-12,PROD010,WH001,101,420,45,476,0
2025-07-12,PROD011,WH001,457,0,60,397,0
2025-07-12,PROD012,WH001,78,0,23,55,0
2025-07-12,PROD013,WH004,433,0,75,358,0
2025-07-12,PROD014,WH004,298,0,51,247,0
2025-07-12,PROD015,WH004,241,0,24,217,0
2025-07-12,PROD016,WH004,55,150,26,179,0
2025-07-12,PROD017,WH003,279,0,25,254,0
2025-07-12,PROD018,WH003,118,0,36,82,0
2025-07-12,PROD019,WH001,75,0,8,67,0
2025-07-12,PROD020,WH001,70,0,15,55,0
2025-07-13,PROD001,WH001,41,0,5,36,0
2025-07-13,PROD002,WH001,39,0,10,29,0
2025-07-13,PROD003,WH002,62,0,16,46,0
2025-07-13,PROD004,WH002,163,0,11,152,0
2025-07-13,PROD005,WH003,164,0,27,137,0
2025-07-13,PROD006,WH003,68,0,8,60,0
2025-07-13,PROD007,WH003,86,0,24,62,0
2025-07-13,PROD008,WH003,175,0,36,139,0
2025-07-13,PROD009,WH004,248,0,20,228,0
2025-07-13,PROD010,WH001,476,0,33,443,0
2025-07-13,PROD011,WH001,397,0,35,362,0
2025-07-13,PROD012,WH001,55,237,25,267,0
2025-07-13,PROD013,WH004,358,0,67,291,0
2025-07-13,PROD014,WH004,247,0,72,175,0
2025-07-13,PROD015,WH004,217,0,31,186,0
2025-07-13,PROD016,WH004,179,0,13,166,0
2025-07-13,PROD017,WH003,254,0,37,217,0
2025-07-13,PROD018,WH003,82,200,25,257,0
2025-07-13,PROD019,WH001,67,0,7,60,0
2025-07-13,PROD020,WH001,55,0,8,47,0
2025-07-14,PROD001,WH001,36,0,11,25,0
2025-07-14,PROD002,WH001,29,0,6,23,0
2025-07-14,PROD003,WH002,46,0,15,31,0
2025-07-14,PROD004,WH002,152,0,17,135,0
2025-07-14,PROD005,WH003,137,0,36,101,0
2025-07-14,PROD006,WH003,60,0,12,48,0
2025-07-14,PROD007,WH003,62,0,14,48,0
2025-07-14,PROD008,WH003,139,0,34,105,0
2025-07-14,PROD009,WH004,228,0,30,198,0
2025-07-14,PROD010,WH001,443,0,48,395,0
2025-07-14,PROD011,WH001,362,0,98,264,0
2025-07-14,PROD012,WH001,267,0,22,245,0
2025-07-14,PROD013,WH004,291,622,67,846,0
2025-07-14,PROD014,WH004,175,583,56,702,0
2025-07-14,PROD015,WH004,186,0,27,159,0
2025-07-14,PROD016,WH004,166,0,20,146,0
2025-07-14,PROD017,WH003,217,0,37,180,0
2025-07-14,PROD018,WH003,257,0,39,218,0
2025-07-14,PROD019,WH001,60,0,4,56,0
2025-07-14,PROD020,WH001,47,0,13,34,0
2025-07-15,PROD001,WH001,25,0,5,20,0
2025-07-15,PROD002,WH001,23,0,7,16,0
2025-07-15,PROD003,WH002,31,142,27,146,0
2025-07-15,PROD004,WH002,135,0,229,0,94
2025-07-15,PROD005,WH003,101,0,31,70,0
2025-07-15,PROD006,WH003,48,0,15,33,0
2025-07-15,PROD007,WH003,48,174,15,207,0
2025-07-15,PROD008,WH003,105,0,33,72,0
2025-07-15,PROD009,WH004,198,0,34,164,0
2025-07-15,PROD010,WH001,395,0,35,360,0
2025-07-15,PROD011,WH001,264,0,92,172,0
2025-07-15,PROD012,WH001,245,0,30,215,0
2025-07-15,PROD013,WH004,846,0,109,737,0
2025-07-15,PROD014,WH004,702,0,114,588,0
2025-07-15,PROD015,WH004,159,0,35,124,0
2025-07-15,PROD016,WH004,146,0,12,134,0
2025-07-15,PROD017,WH003,180,0,43,137,0
2025-07-15,PROD018,WH003,218,0,37,181,0
2025-07-15,PROD019,WH001,56,0,6,50,0
2025-07-15,PROD020,WH001,34,102,13,123,0
2025-07-16,PROD001,WH001,20,51,5,66,0
2025-07-16,PROD002,WH001,16,53,4,65,0
2025-07-16,PROD003,WH002,146,0,17,129,0
2025-07-16,PROD004,WH002,0,127,14,113,0
2025-07-16,PROD005,WH003,70,161,22,209,0
2025-07-16,PROD006,WH003,33,0,6,27,0
2025-07-16,PROD007,WH003,207,0,22,185,0
2025-07-16,PROD008,WH003,72,272,20,324,0
2025-07-16,PROD009,WH004,164,0,58,106,0
2025-07-16,PROD010,WH001,360,0,57,303,0
2025-07-16,PROD011,WH001,172,534,72,634,0
2025-07-16,PROD012,WH001,215,0,22,193,0
2025-07-16,PROD013,WH004,737,0,102,635,0
2025-07-16,PROD014,WH004,588,0,76,512,0
2025-07-16,PROD015,WH004,124,0,29,95,0
2025-07-16,PROD016,WH004,134,0,18,116,0
2025-07-16,PROD017,WH003,137,0,40,97,0
2025-07-16,PROD018,WH003,181,0,13,168,0
2025-07-16,PROD019,WH001,50,0,6,44,0
2025-07-16,PROD020,WH001,123,0,12,111,0
2025-07-17,PROD001,WH001,66,0,7,59,0
2025-07-17,PROD002,WH001,65,0,6,59,0
2025-07-17,PROD003,WH002,129,0,20,109,0
2025-07-17,PROD004,WH002,113,0,17,96,0
2025-07-17,PROD005,WH003,209,0,21,188,0
2025-07-17,PROD006,WH003,27,96,10,113,0
2025-07-17,PROD007,WH003,185,0,13,172,0
2025-07-17,PROD008,WH003,324,0,25,299,0
2025-07-17,PROD009,WH004,106,0,25,81,0
2025-07-17,PROD010,WH001,303,0,45,258,0
2025-07-17,PROD011,WH001,634,0,72,562,0
2025-07-17,PROD012,WH001,193,0,27,166,0
2025-07-17,PROD013,WH004,635,0,73,562,0
2025-07-17,PROD014,WH004,512,0,75,437,0
2025-07-17,PROD015,WH004,95,0,18,77,0
2025-07-17,PROD016,WH004,116,0,12,104,0
2025-07-17,PROD017,WH003,97,343,42,398,0
2025-07-17,PROD018,WH003,168,0,40,128,0
2025-07-17,PROD019,WH001,44,0,6,38,0
2025-07-17,PROD020,WH001,111,0,11,100,0
2025-07-18,PROD001,WH001,59,0,8,51,0
2025-07-18,PROD002,WH001,59,0,4,55,0
2025-07-18,PROD003,WH002,109,0,11,98,0
2025-07-18,PROD004,WH002,96,0,25,71,0
2025-07-18,PROD005,WH003,188,0,34,154,0
2025-07-18,PROD006,WH003,113,0,8,105,0
2025-07-18,PROD007,WH003,172,0,14,158,0
2025-07-18,PROD008,WH003,299,0,31,268,0
2025-07-18,PROD009,WH004,81,237,47,271,0
2025-07-18,PROD010,WH001,258,0,40,218,0
2025-07-18,PROD011,WH001,562,0,75,487,0
2025-07-18,PROD012,WH001,166,0,20,146,0
2025-07-18,PROD013,WH004,562,0,75,487,0
2025-07-18,PROD014,WH004,437,0,83,354,0
2025-07-18,PROD015,WH004,77,282,18,341,0
2025-07-18,PROD016,WH004,104,0,22,82,0
2025-07-18,PROD017,WH003,398,0,26,372,0
2025-07-18,PROD018,WH003,128,0,28,100,0
2025-07-18,PROD019,WH001,38,0,8,30,0
2025-07-18,PROD020,WH001,100,0,19,81,0
2025-07-19,PROD001,WH001,51,0,15,36,0
2025-07-19,PROD002,WH001,55,0,2,53,0
2025-07-19,PROD003,WH002,98,0,21,77,0
2025-07-19,PROD004,WH002,71,0,23,48,0
2025-07-19,PROD005,WH003,154,0,22,132,0
2025-07-19,PROD006,WH003,105,0,2,103,0
2025-07-19,PROD007,WH003,158,0,27,131,0
2025-07-19,PROD008,WH003,268,0,29,239,0
2025-07-19,PROD009,WH004,271,0,45,226,0
2025-07-19,PROD010,WH001,218,0,70,148,0
2025-07-19,PROD011,WH001,487,0,666,0,179
2025-07-19,PROD012,WH001,146,0,28,118,0
2025-07-19,PROD013,WH004,487,0,94,393,0
2025-07-19,PROD014,WH004,354,0,77,277,0
2025-07-19,PROD015,WH004,341,0,22,319,0
2025-07-19,PROD016,WH004,82,0,21,61,0
2025-07-19,PROD017,WH003,372,0,37,335,0
2025-07-19,PROD018,WH003,100,243,539,0,196
2025-07-19,PROD019,WH001,30,0,10,20,0
2025-07-19,PROD020,WH001,81,0,11,70,0
2025-07-20,PROD001,WH001,36,0,7,29,0
2025-07-20,PROD002,WH001,53,0,0,53,0
2025-07-20,PROD003,WH002,77,0,22,55,0
2025-07-20,PROD004,WH002,48,197,11,234,0
2025-07-20,PROD005,WH003,132,0,23,109,0
2025-07-20,PROD006,WH003,103,0,11,92,0
2025-07-20,PROD007,WH003,131,0,16,115,0
2025-07-20,PROD008,WH003,239,0,37,202,0
2025-07-20,PROD009,WH004,226,0,42,184,0
2025-07-20,PROD010,WH001,148,0,60,88,0
2025-07-20,PROD011,WH001,0,397,62,335,0
2025-07-20,PROD012,WH001,118,0,22,96,0
2025-07-20,PROD013,WH004,393,0,106,287,0
2025-07-20,PROD014,WH004,277,0,109,168,0
2025-07-20,PROD015,WH004,319,0,38,281,0
2025-07-20,PROD016,WH004,61,0,19,42,0
2025-07-20,PROD017,WH003,335,0,32,303,0
2025-07-20,PROD018,WH003,0,191,44,147,0
2025-07-20,PROD019,WH001,20,45,9,56,0
2025-07-20,PROD020,WH001,70,0,13,57,0
2025-07-21,PROD001,WH001,29,0,7,22,0
2025-07-21,PROD002,WH001,53,0,5,48,0
2025-07-21,PROD003,WH002,55,0,11,44,0
2025-07-21,PROD004,WH002,234,0,16,218,0
2025-07-21,PROD005,WH003,109,0,20,89,0
2025-07-21,PROD006,WH003,92,0,7,85,0
2025-07-21,PROD007,WH003,115,0,12,103,0
2025-07-21,PROD008,WH003,202,0,33,169,0
2025-07-21,PROD009,WH004,184,0,35,149,0
2025-07-21,PROD010,WH001,88,322,39,371,0
2025-07-21,PROD011,WH001,335,0,77,258,0
2025-07-21,PROD012,WH001,96,0,23,73,0
2025-07-21,PROD013,WH004,287,975,95,1167,0
2025-07-21,PROD014,WH004,168,655,82,741,0
2025-07-21,PROD015,WH004,281,0,21,260,0
2025-07-21,PROD016,WH004,42,181,30,193,0
2025-07-21,PROD017,WH003,303,0,59,244,0
2025-07-21,PROD018,WH003,147,0,40,107,0
2025-07-21,PROD019,WH001,56,0,7,49,0
2025-07-21,PROD020,WH001,57,0,11,46,0
2025-07-22,PROD001,WH001,22,64,6,80,0
2025-07-22,PROD002,WH001,48,0,6,42,0
2025-07-22,PROD003,WH002,44,131,25,150,0
2025-07-22,PROD004,WH002,218,0,32,186,0
2025-07-22,PROD005,WH003,89,0,37,52,0
2025-07-22,PROD006,WH003,85,0,6,79,0
2025-07-22,PROD007,WH003,103,0,21,82,0
2025-07-22,PROD008,WH003,169,0,50,119,0
2025-07-22,PROD009,WH004,149,0,32,117,0
2025-07-22,PROD010,WH001,371,0,49,322,0
2025-07-22,PROD011,WH001,258,0,89,169,0
2025-07-22,PROD012,WH001,73,129,313,0,111
2025-07-22,PROD013,WH004,1167,0,120,1047,0
2025-07-22,PROD014,WH004,741,0,57,684,0
2025-07-22,PROD015,WH004,260,0,19,241,0
2025-07-22,PROD016,WH004,193,0,16,177,0
2025-07-22,PROD017,WH003,244,0,49,195,0
2025-07-22,PROD018,WH003,107,0,44,63,0
2025-07-22,PROD019,WH001,49,0,8,41,0
2025-07-22,PROD020,WH001,46,0,16,30,0
2025-07-23,PROD001,WH001,80,0,11,69,0
2025-07-23,PROD002,WH001,42,0,6,36,0
2025-07-23,PROD003,WH002,150,0,13,137,0
2025-07-23,PROD004,WH002,186,0,16,170,0
2025-07-23,PROD005,WH003,52,128,24,156,0
2025-07-23,PROD006,WH003,79,0,10,69,0
2025-07-23,PROD007,WH003,82,0,21,61,0
2025-07-23,PROD008,WH003,119,0,27,92,0
2025-07-23,PROD009,WH004,117,0,28,89,0
2025-07-23,PROD010,WH001,322,0,53,269,0
2025-07-23,PROD011,WH001,169,596,51,714,0
2025-07-23,PROD012,WH001,0,214,21,193,0
2025-07-23,PROD013,WH004,1047,0,104,943,0
2025-07-23,PROD014,WH004,684,0,86,598,0
2025-07-23,PROD015,WH004,241,0,19,222,0
2025-07-23,PROD016,WH004,177,0,30,147,0
2025-07-23,PROD017,WH003,195,0,52,143,0
2025-07-23,PROD018,WH003,63,281,27,317,0
2025-07-23,PROD019,WH001,41,0,7,34,0
2025-07-23,PROD020,WH001,30,93,12,111,0
2025-07-24,PROD001,WH001,69,0,9,60,0
2025-07-24,PROD002,WH001,36,0,6,30,0
2025-07-24,PROD003,WH002,137,0,12,125,0
2025-07-24,PROD004,WH002,170,0,22,148,0
2025-07-24,PROD005,WH003,156,0,20,136,0
2025-07-24,PROD006,WH003,69,0,7,62,0
2025-07-24,PROD007,WH003,61,0,21,40,0
2025-07-24,PROD008,WH003,92,0,34,58,0
2025-07-24,PROD009,WH004,89,275,28,336,0
2025-07-24,PROD010,WH001,269,0,41,228,0
2025-07-24,PROD011,WH001,714,0,48,666,0
2025-07-24,PROD012,WH001,193,0,26,167,0
2025-07-24,PROD013,WH004,943,0,96,847,0
2025-07-24,PROD014,WH004,598,0,55,543,0
2025-07-24,PROD015,WH004,222,0,25,197,0
2025-07-24,PROD016,WH004,147,0,14,133,0
2025-07-24,PROD017,WH003,143,0,39,104,0
2025-07-24,PROD018,WH003,317,0,32,285,0
2025-07-24,PROD019,WH001,34,0,8,26,0
2025-07-24,PROD020,WH001,111,0,9,102,0
2025-07-25,PROD001,WH001,60,0,7,53,0
2025-07-25,PROD002,WH001,30,0,6,24,0
2025-07-25,PROD003,WH002,125,0,15,110,0
2025-07-25,PROD004,WH002,148,0,19,129,0
2025-07-25,PROD005,WH003,136,0,23,113,0
2025-07-25,PROD006,WH003,62,0,11,51,0
2025-07-25,PROD007,WH003,40,90,21,109,0
2025-07-25,PROD008,WH003,58,198,26,230,0
2025-07-25,PROD009,WH004,336,0,27,309,0
2025-07-25,PROD010,WH001,228,0,68,160,0
2025-07-25,PROD011,WH001,666,0,84,582,0
2025-07-25,PROD012,WH001,167,0,19,148,0
2025-07-25,PROD013,WH004,847,0,105,742,0
2025-07-25,PROD014,WH004,543,0,106,437,0
2025-07-25,PROD015,WH004,197,0,15,182,0
2025-07-25,PROD016,WH004,133,0,13,120,0
2025-07-25,PROD017,WH003,104,260,49,315,0
2025-07-25,PROD018,WH003,285,0,23,262,0
2025-07-25,PROD019,WH001,26,0,7,19,0
2025-07-25,PROD020,WH001,102,0,12,90,0
2025-07-26,PROD001,WH001,53,0,9,44,0
2025-07-26,PROD002,WH001,24,0,1,23,0
2025-07-26,PROD003,WH002,110,0,14,96,0
2025-07-26,PROD004,WH002,129,0,12,117,0
2025-07-26,PROD005,WH003,113,0,22,91,0
2025-07-26,PROD006,WH003,51,0,10,41,0
2025-07-26,PROD007,WH003,109,0,19,90,0
2025-07-26,PROD008,WH003,230,0,34,196,0
2025-07-26,PROD009,WH004,309,0,29,280,0
2025-07-26,PROD010,WH001,160,0,223,0,63
2025-07-26,PROD011,WH001,582,0,74,508,0
2025-07-26,PROD012,WH001,148,0,22,126,0
2025-07-26,PROD013,WH004,742,0,131,611,0
2025-07-26,PROD014,WH004,437,0,100,337,0
2025-07-26,PROD015,WH004,182,0,49,133,0
2025-07-26,PROD016,WH004,120,0,19,101,0
2025-07-26,PROD017,WH003,315,0,35,280,0
2025-07-26,PROD018,WH003,262,0,46,216,0
2025-07-26,PROD019,WH001,19,58,8,69,0
2025-07-26,PROD020,WH001,90,0,12,78,0
2025-07-27,PROD001,WH001,44,0,1,43,0
2025-07-27,PROD002,WH001,23,0,5,18,0
2025-07-27,PROD003,WH002,96,0,15,81,0
2025-07-27,PROD004,WH002,117,0,12,105,0
2025-07-27,PROD005,WH003,91,0,20,71,0
2025-07-27,PROD006,WH003,41,0,6,35,0
2025-07-27,PROD007,WH003,90,0,18,72,0
2025-07-27,PROD008,WH003,196,0,37,159,0
2025-07-27,PROD009,WH004,280,0,15,265,0
2025-07-27,PROD010,WH001,0,421,59,362,0
2025-07-27,PROD011,WH001,508,0,89,419,0
2025-07-27,PROD012,WH001,126,0,32,94,0
2025-07-27,PROD013,WH004,611,0,72,539,0
2025-07-27,PROD014,WH004,337,0,53,284,0
2025-07-27,PROD015,WH004,133,0,29,104,0
2025-07-27,PROD016,WH004,101,0,25,76,0
2025-07-27,PROD017,WH003,280,0,38,242,0
2025-07-27,PROD018,WH003,216,0,27,189,0
2025-07-27,PROD019,WH001,69,0,7,62,0
2025-07-27,PROD020,WH001,78,0,14,64,0
2025-07-28,PROD001,WH001,43,0,6,37,0
2025-07-28,PROD002,WH001,18,0,7,11,0
2025-07-28,PROD003,WH002,81,0,21,60,0
2025-07-28,PROD004,WH002,105,0,21,84,0
2025-07-28,PROD005,WH003,71,221,22,270,0
2025-07-28,PROD006,WH003,35,0,9,26,0
2025-07-28,PROD007,WH003,72,0,32,40,0
2025-07-28,PROD008,WH003,159,0,33,126,0
2025-07-28,PROD009,WH004,265,0,49,216,0
2025-07-28,PROD010,WH001,362,0,50,312,0
2025-07-28,PROD011,WH001,419,0,58,361,0
2025-07-28,PROD012,WH001,94,0,16,78,0
2025-07-28,PROD013,WH004,539,0,187,352,0
2025-07-28,PROD014,WH004,284,0,94,190,0
2025-07-28,PROD015,WH004,104,0,29,75,0
2025-07-28,PROD016,WH004,76,0,5,71,0
2025-07-28,PROD017,WH003,242,0,49,193,0
2025-07-28,PROD018,WH003,189,0,331,0,142
2025-07-28,PROD019,WH001,62,0,12,50,0
2025-07-28,PROD020,WH001,64,0,12,52,0
2025-07-29,PROD001,WH001,37,0,10,27,0
2025-07-29,PROD002,WH001,11,39,5,45,0
2025-07-29,PROD003,WH002,60,0,22,38,0
2025-07-29,PROD004,WH002,84,0,22,62,0
2025-07-29,PROD005,WH003,270,0,34,236,0
2025-07-29,PROD006,WH003,26,59,13,72,0
2025-07-29,PROD007,WH003,40,142,20,162,0
2025-07-29,PROD008,WH003,126,0,36,90,0
2025-07-29,PROD009,WH004,216,0,43,173,0
2025-07-29,PROD010,WH001,312,0,53,259,0
2025-07-29,PROD011,WH001,361,0,79,282,0
2025-07-29,PROD012,WH001,78,0,22,56,0
2025-07-29,PROD013,WH004,352,0,113,239,0
2025-07-29,PROD014,WH004,190,702,128,764,0
2025-07-29,PROD015,WH004,75,151,34,192,0
2025-07-29,PROD016,WH004,71,0,19,52,0
2025-07-29,PROD017,WH003,193,0,41,152,0
2025-07-29,PROD018,WH003,0,290,33,257,0
2025-07-29,PROD019,WH001,50,0,6,44,0
2025-07-29,PROD020,WH001,52,0,8,44,0
2025-07-30,PROD001,WH001,27,0,9,18,0
2025-07-30,PROD002,WH001,45,0,10,35,0
2025-07-30,PROD003,WH002,38,123,15,146,0
2025-07-30,PROD004,WH002,62,0,20,42,0
2025-07-30,PROD005,WH003,236,0,20,216,0
2025-07-30,PROD006,WH003,72,0,7,65,0
2025-07-30,PROD007,WH003,162,0,25,137,0
2025-07-30,PROD008,WH003,90,0,25,65,0
2025-07-30,PROD009,WH004,173,0,27,146,0
2025-07-30,PROD010,WH001,259,0,46,213,0
2025-07-30,PROD011,WH001,282,0,68,214,0
2025-07-30,PROD012,WH001,56,168,19,205,0
2025-07-30,PROD013,WH004,239,727,99,867,0
2025-07-30,PROD014,WH004,764,0,52,712,0
2025-07-30,PROD015,WH004,192,0,28,164,0
2025-07-30,PROD016,WH004,52,188,13,227,0
2025-07-30,PROD017,WH003,152,0,38,114,0
2025-07-30,PROD018,WH003,257,0,45,212,0
2025-07-30,PROD019,WH001,44,0,7,37,0
2025-07-30,PROD020,WH001,44,0,11,33,0
2025-07-31,PROD001,WH001,18,65,3,80,0
2025-07-31,PROD002,WH001,35,0,7,28,0
2025-07-31,PROD003,WH002,146,0,16,130,0
2025-07-31,PROD004,WH002,42,167,25,184,0
2025-07-31,PROD005,WH003,216,0,31,185,0
2025-07-31,PROD006,WH003,65,0,17,48,0
2025-07-31,PROD007,WH003,137,0,22,115,0
2025-07-31,PROD008,WH003,65,250,42,273,0
2025-07-31,PROD009,WH004,146,0,37,109,0
2025-07-31,PROD010,WH001,213,0,50,163,0
2025-07-31,PROD011,WH001,214,0,56,158,0
2025-07-31,PROD012,WH001,205,0,20,185,0
2025-07-31,PROD013,WH004,867,0,132,735,0
2025-07-31,PROD014,WH004,712,0,141,571,0
2025-07-31,PROD015,WH004,164,0,37,127,0
2025-07-31,PROD016,WH004,227,0,21,206,0
2025-07-31,PROD017,WH003,114,212,49,277,0
2025-07-31,PROD018,WH003,212,0,30,182,0
2025-07-31,PROD019,WH001,37,0,6,31,0
2025-07-31,PROD020,WH001,33,90,15,108,0
2025-08-01,PROD001,WH001,80,0,11,69,0
2025-08-01,PROD002,WH001,28,0,5,23,0
2025-08-01,PROD003,WH002,130,0,17,113,0
2025-08-01,PROD004,WH002,184,0,26,158,0
2025-08-01,PROD005,WH003,185,0,26,159,0
2025-08-01,PROD006,WH003,48,0,11,37,0
2025-08-01,PROD007,WH003,115,0,26,89,0
2025-08-01,PROD008,WH003,273,0,32,241,0
2025-08-01,PROD009,WH004,109,0,35,74,0
2025-08-01,PROD010,WH001,163,0,47,116,0
2025-08-01,PROD011,WH001,158,647,65,740,0
2025-08-01,PROD012,WH001,185,0,19,166,0
2025-08-01,PROD013,WH004,735,0,86,649,0
2025-08-01,PROD014,WH004,571,0,58,513,0
2025-08-01,PROD015,WH004,127,0,33,94,0
2025-08-01,PROD016,WH004,206,0,21,185,0
2025-08-01,PROD017,WH003,277,0,36,241,0
2025-08-01,PROD018,WH003,182,0,32,150,0
2025-08-01,PROD019,WH001,31,0,10,21,0
2025-08-01,PROD020,WH001,108,0,11,97,0
2025-08-02,PROD001,WH001,69,0,8,61,0
2025-08-02,PROD002,WH001,23,0,7,16,0
2025-08-02,PROD003,WH002,113,0,25,88,0
2025-08-02,PROD004,WH002,158,0,17,141,0
2025-08-02,PROD005,WH003,159,0,43,116,0
2025-08-02,PROD006,WH003,37,0,16,21,0
2025-08-02,PROD007,WH003,89,0,16,73,0
2025-08-02,PROD008,WH003,241,0,34,207,0
2025-08-02,PROD009,WH004,74,182,31,225,0
2025-08-02,PROD010,WH001,116,268,43,341,0
2025-08-02,PROD011,WH001,740,0,38,702,0
2025-08-02,PROD012,WH001,166,0,29,137,0
2025-08-02,PROD013,WH004,649,0,180,469,0
2025-08-02,PROD014,WH004,513,0,63,450,0
2025-08-02,PROD015,WH004,94,0,30,64,0
2025-08-02,PROD016,WH004,185,0,20,165,0
2025-08-02,PROD017,WH003,241,0,47,194,0
2025-08-02,PROD018,WH003,150,0,48,102,0
2025-08-02,PROD019,WH001,21,79,2,98,0
2025-08-02,PROD020,WH001,97,0,9,88,0
2025-08-03,PROD001,WH001,61,0,7,54,0
2025-08-03,PROD002,WH001,16,56,5,67,0
2025-08-03,PROD003,WH002,88,0,12,76,0
2025-08-03,PROD004,WH002,141,0,21,120,0
2025-08-03,PROD005,WH003,116,0,34,82,0
2025-08-03,PROD006,WH003,21,77,7,91,0
2025-08-03,PROD007,WH003,73,0,16,57,0
2025-08-03,PROD008,WH003,207,0,29,178,0
2025-08-03,PROD009,WH004,225,0,44,181,0
2025-08-03,PROD010,WH001,341,0,41,300,0
2025-08-03,PROD011,WH001,702,0,74,628,0
2025-08-03,PROD012,WH001,137,0,17,120,0
2025-08-03,PROD013,WH004,469,0,64,405,0
2025-08-03,PROD014,WH004,450,0,66,384,0
2025-08-03,PROD015,WH004,64,298,31,331,0
2025-08-03,PROD016,WH004,165,0,27,138,0
2025-08-03,PROD017,WH003,194,0,35,159,0
2025-08-03,PROD018,WH003,102,281,46,337,0
2025-08-03,PROD019,WH001,98,0,6,92,0
2025-08-03,PROD020,WH001,88,0,13,75,0
2025-08-04,PROD001,WH001,54,0,8,46,0
2025-08-04,PROD002,WH001,67,0,6,61,0
2025-08-04,PROD003,WH002,76,0,7,69,0
2025-08-04,PROD004,WH002,120,0,16,104,0
2025-08-04,PROD005,WH003,82,0,14,68,0
2025-08-04,PROD006,WH003,91,0,14,77,0
2025-08-04,PROD007,WH003,57,0,19,38,0
2025-08-04,PROD008,WH003,178,0,28,150,0
2025-08-04,PROD009,WH004,181,0,35,146,0
2025-08-04,PROD010,WH001,300,0,39,261,0
2025-08-04,PROD011,WH001,628,0,67,561,0
2025-08-04,PROD012,WH001,120,0,36,84,0
2025-08-04,PROD013,WH004,405,0,112,293,0
2025-08-04,PROD014,WH004,384,0,100,284,0
2025-08-04,PROD015,WH004,331,0,19,312,0
2025-08-04,PROD016,WH004,138,0,27,111,0
2025-08-04,PROD017,WH003,159,0,66,93,0
2025-08-04,PROD018,WH003,337,0,49,288,0
2025-08-04,PROD019,WH001,92,0,8,84,0
2025-08-04,PROD020,WH001,75,0,7,68,0
2025-08-05,PROD001,WH001,46,0,6,40,0
2025-08-05,PROD002,WH001,61,0,5,56,0
2025-08-05,PROD003,WH002,69,0,15,54,0
2025-08-05,PROD004,WH002,104,0,17,87,0
2025-08-05,PROD005,WH003,68,152,23,197,0
2025-08-05,PROD006,WH003,77,0,11,66,0
2025-08-05,PROD007,WH003,38,133,20,151,0
2025-08-05,PROD008,WH003,150,0,33,117,0
2025-08-05,PROD009,WH004,146,0,34,112,0
2025-08-05,PROD010,WH001,261,0,53,208,0
2025-08-05,PROD011,WH001,561,0,83,478,0
2025-08-05,PROD012,WH001,84,0,25,59,0
2025-08-05,PROD013,WH004,293,841,68,1066,0
2025-08-05,PROD014,WH004,284,0,94,190,0
2025-08-05,PROD015,WH004,312,0,24,288,0
2025-08-05,PROD016,WH004,111,0,20,91,0
2025-08-05,PROD017,WH003,93,283,62,314,0
2025-08-05,PROD018,WH003,288,0,35,253,0
2025-08-05,PROD019,WH001,84,0,6,78,0
2025-08-05,PROD020,WH001,68,0,10,58,0
2025-08-06,PROD001,WH001,40,0,15,25,0
2025-08-06,PROD002,WH001,56,0,4,52,0
2025-08-06,PROD003,WH002,54,0,14,40,0
2025-08-06,PROD004,WH002,87,0,31,56,0
2025-08-06,PROD005,WH003,197,0,14,183,0
2025-08-06,PROD006,WH003,66,0,12,54,0
2025-08-06,PROD007,WH003,151,0,14,137,0
2025-08-06,PROD008,WH003,117,0,25,92,0
2025-08-06,PROD009,WH004,112,0,26,86,0
2025-08-06,PROD010,WH001,208,0,26,182,0
2025-08-06,PROD011,WH001,478,0,50,428,0
2025-08-06,PROD012,WH001,59,193,21,231,0
2025-08-06,PROD013,WH004,1066,0,75,991,0
2025-08-06,PROD014,WH004,190,530,82,638,0
2025-08-06,PROD015,WH004,288,0,35,253,0
2025-08-06,PROD016,WH004,91,0,14,77,0
2025-08-06,PROD017,WH003,314,0,33,281,0
2025-08-06,PROD018,WH003,253,0,54,199,0
2025-08-06,PROD019,WH001,78,0,6,72,0
2025-08-06,PROD020,WH001,58,0,9,49,0
2025-08-07,PROD001,WH001,25,0,8,17,0
2025-08-07,PROD002,WH001,52,0,6,46,0
2025-08-07,PROD003,WH002,40,146,12,174,0
2025-08-07,PROD004,WH002,56,191,16,231,0
2025-08-07,PROD005,WH003,183,0,17,166,0
2025-08-07,PROD006,WH003,54,0,14,40,0
2025-08-07,PROD007,WH003,137,0,22,115,0
2025-08-07,PROD008,WH003,92,0,28,64,0
2025-08-07,PROD009,WH004,86,339,36,389,0
2025-08-07,PROD010,WH001,182,0,27,155,0
2025-08-07,PROD011,WH001,428,0,77,351,0
2025-08-07,PROD012,WH001,231,0,30,201,0
2025-08-07,PROD013,WH004,991,0,78,913,0
2025-08-07,PROD014,WH004,638,0,105,533,0
2025-08-07,PROD015,WH004,253,0,26,227,0
2025-08-07,PROD016,WH004,77,0,15,62,0
2025-08-07,PROD017,WH003,281,0,36,245,0
2025-08-07,PROD018,WH003,199,0,37,162,0
2025-08-07,PROD019,WH001,72,0,13,59,0
2025-08-07,PROD020,WH001,49,0,8,41,0
2025-08-08,PROD001,WH001,17,47,5,59,0
2025-08-08,PROD002,WH001,46,0,5,41,0
2025-08-08,PROD003,WH002,174,0,8,166,0
2025-08-08,PROD004,WH002,231,0,21,210,0
2025-08-08,PROD005,WH003,166,0,30,136,0
2025-08-08,PROD006,WH003,40,0,11,29,0
2025-08-08,PROD007,WH003,115,0,18,97,0
2025-08-08,PROD008,WH003,64,184,22,226,0
2025-08-08,PROD009,WH004,389,0,49,340,0
2025-08-08,PROD010,WH001,155,0,34,121,0
2025-08-08,PROD011,WH001,351,0,132,219,0
2025-08-08,PROD012,WH001,201,0,18,183,0
2025-08-08,PROD013,WH004,913,0,151,762,0
2025-08-08,PROD014,WH004,533,0,72,461,0
2025-08-08,PROD015,WH004,227,0,292,0,65
2025-08-08,PROD016,WH004,62,0,19,43,0
2025-08-08,PROD017,WH003,245,0,45,200,0
2025-08-08,PROD018,WH003,162,0,30,132,0
2025-08-08,PROD019,WH001,59,0,8,51,0
2025-08-08,PROD020,WH001,41,0,4,37,0
2025-08-09,PROD001,WH001,59,0,6,53,0
2025-08-09,PROD002,WH001,41,0,5,36,0
2025-08-09,PROD003,WH002,166,0,14,152,0
2025-08-09,PROD004,WH002,210,0,25,185,0
2025-08-09,PROD005,WH003,136,0,38,98,0
2025-08-09,PROD006,WH003,29,82,6,105,0
2025-08-09,PROD007,WH003,97,0,19,78,0
2025-08-09,PROD008,WH003,226,0,26,200,0
2025-08-09,PROD009,WH004,340,0,18,322,0
2025-08-09,PROD010,WH001,121,283,67,337,0
2025-08-09,PROD011,WH001,219,0,88,131,0
2025-08-09,PROD012,WH001,183,0,23,160,0
2025-08-09,PROD013,WH004,762,0,96,666,0
2025-08-09,PROD014,WH004,461,0,60,401,0
2025-08-09,PROD015,WH004,0,224,35,189,0
2025-08-09,PROD016,WH004,43,136,15,164,0
2025-08-09,PROD017,WH003,200,0,29,171,0
2025-08-09,PROD018,WH003,132,0,49,83,0
2025-08-09,PROD019,WH001,51,0,8,43,0
2025-08-09,PROD020,WH001,37,0,10,27,0
2025-08-10,PROD001,WH001,53,0,8,45,0
2025-08-10,PROD002,WH001,36,0,4,32,0
2025-08-10,PROD003,WH002,152,0,7,145,0
2025-08-10,PROD004,WH002,185,0,12,173,0
2025-08-10,PROD005,WH003,98,0,19,79,0
2025-08-10,PROD006,WH003,105,0,12,93,0
2025-08-10,PROD007,WH003,78,0,16,62,0
2025-08-10,PROD008,WH003,200,0,37,163,0
2025-08-10,PROD009,WH004,322,0,33,289,0
2025-08-10,PROD010,WH001,337,0,40,297,0
2025-08-10,PROD011,WH001,131,423,73,481,0
2025-08-10,PROD012,WH001,160,0,13,147,0
2025-08-10,PROD013,WH004,666,0,107,559,0
2025-08-10,PROD014,WH004,401,0,52,349,0
2025-08-10,PROD015,WH004,189,0,15,174,0
2025-08-10,PROD016,WH004,164,0,250,0,86
2025-08-10,PROD017,WH003,171,0,34,137,0
2025-08-10,PROD018,WH003,83,270,31,322,0
2025-08-10,PROD019,WH001,43,0,7,36,0
2025-08-10,PROD020,WH001,27,72,13,86,0
2025-08-11,PROD001,WH001,45,0,6,39,0
2025-08-11,PROD002,WH001,32,0,4,28,0
2025-08-11,PROD003,WH002,145,0,16,129,0
2025-08-11,PROD004,WH002,173,0,28,145,0
2025-08-11,PROD005,WH003,79,0,30,49,0
2025-08-11,PROD006,WH003,93,0,3,90,0
2025-08-11,PROD007,WH003,62,0,17,45,0
2025-08-11,PROD008,WH003,163,0,36,127,0
2025-08-11,PROD009,WH004,289,0,33,256,0
2025-08-11,PROD010,WH001,297,0,50,247,0
2025-08-11,PROD011,WH001,481,0,76,405,0
2025-08-11,PROD012,WH001,147,0,25,122,0
2025-08-11,PROD013,WH004,559,0,99,460,0
2025-08-11,PROD014,WH004,349,0,58,291,0
2025-08-11,PROD015,WH004,174,0,36,138,0
2025-08-11,PROD016,WH004,0,191,23,168,0
2025-08-11,PROD017,WH003,137,0,45,92,0
2025-08-11,PROD018,WH003,322,0,46,276,0
2025-08-11,PROD019,WH001,36,0,4,32,0
2025-08-11,PROD020,WH001,86,0,16,70,0
2025-08-12,PROD001,WH001,39,0,7,32,0
2025-08-12,PROD002,WH001,28,0,2,26,0
2025-08-12,PROD003,WH002,129,0,17,112,0
2025-08-12,PROD004,WH002,145,0,14,131,0
2025-08-12,PROD005,WH003,49,234,31,252,0
2025-08-12,PROD006,WH003,90,0,6,84,0
2025-08-12,PROD007,WH003,45,138,9,174,0
2025-08-12,PROD008,WH003,127,0,24,103,0
2025-08-12,PROD009,WH004,256,0,64,192,0
2025-08-12,PROD010,WH001,247,0,34,213,0
2025-08-12,PROD011,WH001,405,0,50,355,0
2025-08-12,PROD012,WH001,122,0,34,88,0
2025-08-12,PROD013,WH004,460,0,49,411,0
2025-08-12,PROD014,WH004,291,0,91,200,0
2025-08-12,PROD015,WH004,138,0,29,109,0
2025-08-12,PROD016,WH004,168,0,36,132,0
2025-08-12,PROD017,WH003,92,206,26,272,0
2025-08-12,PROD018,WH003,276,0,24,252,0
2025-08-12,PROD019,WH001,32,0,8,24,0
2025-08-12,PROD020,WH001,70,0,12,58,0
2025-08-13,PROD001,WH001,32,0,5,27,0
2025-08-13,PROD002,WH001,26,0,6,20,0
2025-08-13,PROD003,WH002,112,0,17,95,0
2025-08-13,PROD004,WH002,131,0,29,102,0
2025-08-13,PROD005,WH003,252,0,29,223,0
2025-08-13,PROD006,WH003,84,0,8,76,0
2025-08-13,PROD007,WH003,174,0,19,155,0
2025-08-13,PROD008,WH003,103,0,37,66,0
2025-08-13,PROD009,WH004,192,0,44,148,0
2025-08-13,PROD010,WH001,213,0,56,157,0
2025-08-13,PROD011,WH001,355,0,118,237,0
2025-08-13,PROD012,WH001,88,0,30,58,0
2025-08-13,PROD013,WH004,411,0,78,333,0
2025-08-13,PROD014,WH004,200,559,71,688,0
2025-08-13,PROD015,WH004,109,0,18,91,0
2025-08-13,PROD016,WH004,132,0,19,113,0
2025-08-13,PROD017,WH003,272,0,36,236,0
2025-08-13,PROD018,WH003,252,0,21,231,0
2025-08-13,PROD019,WH001,24,0,7,17,0
2025-08-13,PROD020,WH001,58,0,18,40,0
2025-08-14,PROD001,WH001,27,0,7,20,0
2025-08-14,PROD002,WH001,20,0,4,16,0
2025-08-14,PROD003,WH002,95,0,10,85,0
2025-08-14,PROD004,WH002,102,0,21,81,0
2025-08-14,PROD005,WH003,223,0,14,209,0
2025-08-14,PROD006,WH003,76,0,6,70,0
2025-08-14,PROD007,WH003,155,0,21,134,0
2025-08-14,PROD008,WH003,66,198,63,201,0
2025-08-14,PROD009,WH004,148,0,59,89,0
2025-08-14,PROD010,WH001,157,0,41,116,0
2025-08-14,PROD011,WH001,237,0,70,167,0
2025-08-14,PROD012,WH001,58,238,24,272,0
2025-08-14,PROD013,WH004,333,0,132,201,0
2025-08-14,PROD014,WH004,688,0,48,640,0
2025-08-14,PROD015,WH004,91,0,32,59,0
2025-08-14,PROD016,WH004,113,0,30,83,0
2025-08-14,PROD017,WH003,236,0,38,198,0
2025-08-14,PROD018,WH003,231,0,53,178,0
2025-08-14,PROD019,WH001,17,61,8,70,0
2025-08-14,PROD020,WH001,40,0,5,35,0
2025-08-15,PROD001,WH001,20,52,6,66,0
2025-08-15,PROD002,WH001,16,56,9,63,0
2025-08-15,PROD003,WH002,85,0,15,70,0
2025-08-15,PROD004,WH002,81,0,16,65,0
2025-08-15,PROD005,WH003,209,0,33,176,0
2025-08-15,PROD006,WH003,70,0,10,60,0
2025-08-15,PROD007,WH003,134,0,9,125,0
2025-08-15,PROD008,WH003,201,0,31,170,0
2025-08-15,PROD009,WH004,89,313,32,370,0
2025-08-15,PROD010,WH001,116,285,46,355,0
2025-08-15,PROD011,WH001,167,422,66,523,0
2025-08-15,PROD012,WH001,272,0,34,238,0
2025-08-15,PROD013,WH004,201,832,120,913,0
2025-08-15,PROD014,WH004,640,0,112,528,0
2025-08-15,PROD015,WH004,59,209,23,245,0
2025-08-15,PROD016,WH004,83,0,23,60,0
2025-08-15,PROD017,WH003,198,0,38,160,0
2025-08-15,PROD018,WH003,178,0,48,130,0
2025-08-15,PROD019,WH001,70,0,7,63,0
2025-08-15,PROD020,WH001,35,67,6,96,0
2025-08-16,PROD001,WH001,66,0,7,59,0
2025-08-16,PROD002,WH001,63,0,6,57,0
2025-08-16,PROD003,WH002,70,0,21,49,0
2025-08-16,PROD004,WH002,65,0,15,50,0
2025-08-16,PROD005,WH003,176,0,35,141,0
2025-08-16,PROD006,WH003,60,0,6,54,0
2025-08-16,PROD007,WH003,125,0,211,0,86
2025-08-16,PROD008,WH003,170,0,31,139,0
2025-08-16,PROD009,WH004,370,0,40,330,0
2025-08-16,PROD010,WH001,355,0,25,330,0
2025-08-16,PROD011,WH001,523,0,102,421,0
2025-08-16,PROD012,WH001,238,0,26,212,0
2025-08-16,PROD013,WH004,913,0,123,790,0
2025-08-16,PROD014,WH004,528,0,105,423,0
2025-08-16,PROD015,WH004,245,0,15,230,0
2025-08-16,PROD016,WH004,60,0,8,52,0
2025-08-16,PROD017,WH003,160,0,52,108,0
2025-08-16,PROD018,WH003,130,0,34,96,0
2025-08-16,PROD019,WH001,63,0,3,60,0
2025-08-16,PROD020,WH001,96,0,11,85,0
2025-08-17,PROD001,WH001,59,0,7,52,0
2025-08-17,PROD002,WH001,57,0,6,51,0
2025-08-17,PROD003,WH002,49,0,16,33,0
2025-08-17,PROD004,WH002,50,157,15,192,0
2025-08-17,PROD005,WH003,141,0,16,125,0
2025-08-17,PROD006,WH003,54,0,12,42,0
2025-08-17,PROD007,WH003,0,177,22,155,0
2025-08-17,PROD008,WH003,139,0,25,114,0
2025-08-17,PROD009,WH004,330,0,41,289,0
2025-08-17,PROD010,WH001,330,0,27,303,0
2025-08-17,PROD011,WH001,421,0,76,345,0
2025-08-17,PROD012,WH001,212,0,18,194,0
2025-08-17,PROD013,WH004,790,0,109,681,0
2025-08-17,PROD014,WH004,423,0,122,301,0
2025-08-17,PROD015,WH004,230,0,32,198,0
2025-08-17,PROD016,WH004,52,159,13,198,0
2025-08-17,PROD017,WH003,108,356,48,416,0
2025-08-17,PROD018,WH003,96,225,21,300,0
2025-08-17,PROD019,WH001,60,0,96,0,36
2025-08-17,PROD020,WH001,85,0,12,73,0
2025-08-18,PROD001,WH001,52,0,7,45,0
2025-08-18,PROD002,WH001,51,0,7,44,0
2025-08-18,PROD003,WH002,33,77,17,93,0
2025-08-18,PROD004,WH002,192,0,19,173,0
2025-08-18,PROD005,WH003,125,0,25,100,0
2025-08-18,PROD006,WH003,42,0,9,33,0
2025-08-18,PROD007,WH003,155,0,19,136,0
2025-08-18,PROD008,WH003,114,0,27,87,0
2025-08-18,PROD009,WH004,289,0,29,260,0
2025-08-18,PROD010,WH001,303,0,46,257,0
2025-08-18,PROD011,WH001,345,0,112,233,0
2025-08-18,PROD012,WH001,194,0,21,173,0
2025-08-18,PROD013,WH004,681,0,73,608,0
2025-08-18,PROD014,WH004,301,0,69,232,0
2025-08-18,PROD015,WH004,198,0,31,167,0
2025-08-18,PROD016,WH004,198,0,18,180,0
2025-08-18,PROD017,WH003,416,0,55,361,0
2025-08-18,PROD018,WH003,300,0,44,256,0
2025-08-18,PROD019,WH001,0,53,9,44,0
2025-08-18,PROD020,WH001,73,0,11,62,0
2025-08-19,PROD001,WH001,45,0,7,38,0
2025-08-19,PROD002,WH001,44,0,7,37,0
2025-08-19,PROD003,WH002,93,0,16,77,0
2025-08-19,PROD004,WH002,173,0,21,152,0
2025-08-19,PROD005,WH003,100,0,25,75,0
2025-08-19,PROD006,WH003,33,0,11,22,0
2025-08-19,PROD007,WH003,136,0,13,123,0
2025-08-19,PROD008,WH003,87,281,38,330,0
2025-08-19,PROD009,WH004,260,0,37,223,0
2025-08-19,PROD010,WH001,257,0,43,214,0
2025-08-19,PROD011,WH001,233,0,51,182,0
2025-08-19,PROD012,WH001,173,0,30,143,0
2025-08-19,PROD013,WH004,608,0,86,522,0
2025-08-19,PROD014,WH004,232,665,61,836,0
2025-08-19,PROD015,WH004,167,0,37,130,0
2025-08-19,PROD016,WH004,180,0,25,155,0
2025-08-19,PROD017,WH003,361,0,54,307,0
2025-08-19,PROD018,WH003,256,0,23,233,0
2025-08-19,PROD019,WH001,44,0,10,34,0
2025-08-19,PROD020,WH001,62,0,13,49,0
2025-08-20,PROD001,WH001,38,0,9,29,0
2025-08-20,PROD002,WH001,37,0,4,33,0
2025-08-20,PROD003,WH002,77,0,14,63,0
2025-08-20,PROD004,WH002,152,0,12,140,0
2025-08-20,PROD005,WH003,75,0,40,35,0
2025-08-20,PROD006,WH003,22,70,13,79,0
2025-08-20,PROD007,WH003,123,0,16,107,0
2025-08-20,PROD008,WH003,330,0,24,306,0
2025-08-20,PROD009,WH004,223,0,47,176,0
2025-08-20,PROD010,WH001,214,0,41,173,0
2025-08-20,PROD011,WH001,182,463,48,597,0
2025-08-20,PROD012,WH001,143,0,24,119,0
2025-08-20,PROD013,WH004,522,0,121,401,0
2025-08-20,PROD014,WH004,836,0,85,751,0
2025-08-20,PROD015,WH004,130,0,29,101,0
2025-08-20,PROD016,WH004,155,0,9,146,0
2025-08-20,PROD017,WH003,307,0,60,247,0
2025-08-20,PROD018,WH003,233,0,46,187,0
2025-08-20,PROD019,WH001,34,0,8,26,0
2025-08-20,PROD020,WH001,49,0,8,41,0
2025-08-21,PROD001,WH001,29,0,7,22,0
2025-08-21,PROD002,WH001,33,0,9,24,0
2025-08-21,PROD003,WH002,63,0,13,50,0
2025-08-21,PROD004,WH002,140,0,19,121,0
2025-08-21,PROD005,WH003,35,202,19,218,0
2025-08-21,PROD006,WH003,79,0,9,70,0
2025-08-21,PROD007,WH003,107,0,9,98,0
2025-08-21,PROD008,WH003,306,0,49,257,0
2025-08-21,PROD009,WH004,176,0,34,142,0
2025-08-21,PROD010,WH001,173,0,44,129,0
2025-08-21,PROD011,WH001,597,0,68,529,0
2025-08-21,PROD012,WH001,119,0,26,93,0
2025-08-21,PROD013,WH004,401,0,80,321,0
2025-08-21,PROD014,WH004,751,0,73,678,0
2025-08-21,PROD015,WH004,101,0,26,75,0
2025-08-21,PROD016,WH004,146,0,16,130,0
2025-08-21,PROD017,WH003,247,0,42,205,0
2025-08-21,PROD018,WH003,187,0,38,149,0
2025-08-21,PROD019,WH001,26,0,6,20,0
2025-08-21,PROD020,WH001,41,0,14,27,0
2025-08-22,PROD001,WH001,22,76,7,91,0
2025-08-22,PROD002,WH001,24,0,5,19,0
2025-08-22,PROD003,WH002,50,0,18,32,0
2025-08-22,PROD004,WH002,121,0,21,100,0
2025-08-22,PROD005,WH003,218,0,13,205,0
2025-08-22,PROD006,WH003,70,0,11,59,0
2025-08-22,PROD007,WH003,98,0,18,80,0
2025-08-22,PROD008,WH003,257,0,24,233,0
2025-08-22,PROD009,WH004,142,0,43,99,0
2025-08-22,PROD010,WH001,129,275,46,358,0
2025-08-22,PROD011,WH001,529,0,44,485,0
2025-08-22,PROD012,WH001,93,0,25,68,0
2025-08-22,PROD013,WH004,321,0,107,214,0
2025-08-22,PROD014,WH004,678,0,100,578,0
2025-08-22,PROD015,WH004,75,155,34,196,0
2025-08-22,PROD016,WH004,130,0,17,113,0
2025-08-22,PROD017,WH003,205,0,38,167,0
2025-08-22,PROD018,WH003,149,0,35,114,0
2025-08-22,PROD019,WH001,20,42,6,56,0
2025-08-22,PROD020,WH001,27,106,9,124,0
2025-08-23,PROD001,WH001,91,0,7,84,0
2025-08-23,PROD002,WH001,19,0,6,13,0
2025-08-23,PROD003,WH002,32,94,24,102,0
2025-08-23,PROD004,WH002,100,0,16,84,0
2025-08-23,PROD005,WH003,205,0,29,176,0
2025-08-23,PROD006,WH003,59,0,13,46,0
2025-08-23,PROD007,WH003,80,0,16,64,0
2025-08-23,PROD008,WH003,233,0,38,195,0
2025-08-23,PROD009,WH004,99,281,40,340,0
2025-08-23,PROD010,WH001,358,0,46,312,0
2025-08-23,PROD011,WH001,485,0,85,400,0
2025-08-23,PROD012,WH001,68,176,26,218,0
2025-08-23,PROD013,WH004,214,945,77,1082,0
2025-08-23,PROD014,WH004,578,0,73,505,0
2025-08-23,PROD015,WH004,196,0,43,153,0
2025-08-23,PROD016,WH004,113,0,19,94,0
2025-08-23,PROD017,WH003,167,0,20,147,0
2025-08-23,PROD018,WH003,114,0,39,75,0
2025-08-23,PROD019,WH001,56,0,12,44,0
2025-08-23,PROD020,WH001,124,0,14,110,0
2025-08-24,PROD001,WH001,84,0,6,78,0
2025-08-24,PROD002,WH001,13,51,8,56,0
2025-08-24,PROD003,WH002,102,0,15,87,0
2025-08-24,PROD004,WH002,84,0,17,67,0
2025-08-24,PROD005,WH003,176,0,19,157,0
2025-08-24,PROD006,WH003,46,0,10,36,0
2025-08-24,PROD007,WH003,64,0,21,43,0
2025-08-24,PROD008,WH003,195,0,22,173,0
2025-08-24,PROD009,WH004,340,0,38,302,0
2025-08-24,PROD010,WH001,312,0,33,279,0
2025-08-24,PROD011,WH001,400,0,50,350,0
2025-08-24,PROD012,WH001,218,0,31,187,0
2025-08-24,PROD013,WH004,1082,0,121,961,0
2025-08-24,PROD014,WH004,505,0,40,465,0
2025-08-24,PROD015,WH004,153,0,30,123,0
2025-08-24,PROD016,WH004,94,0,13,81,0
2025-08-24,PROD017,WH003,147,0,32,115,0
2025-08-24,PROD018,WH003,75,311,39,347,0
2025-08-24,PROD019,WH001,44,0,81,0,37
2025-08-24,PROD020,WH001,110,0,15,95,0
2025-08-25,PROD001,WH001,78,0,10,68,0
2025-08-25,PROD002,WH001,56,0,5,51,0
2025-08-25,PROD003,WH002,87,0,16,71,0
2025-08-25,PROD004,WH002,67,0,26,41,0
2025-08-25,PROD005,WH003,157,0,36,121,0
2025-08-25,PROD006,WH003,36,0,6,30,0
2025-08-25,PROD007,WH003,43,165,15,193,0
2025-08-25,PROD008,WH003,173,0,40,133,0
2025-08-25,PROD009,WH004,302,0,36,266,0
2025-08-25,PROD010,WH001,279,0,48,231,0
2025-08-25,PROD011,WH001,350,0,63,287,0
2025-08-25,PROD012,WH001,187,0,28,159,0
2025-08-25,PROD013,WH004,961,0,78,883,0
2025-08-25,PROD014,WH004,465,0,64,401,0
2025-08-25,PROD015,WH004,123,0,30,93,0
2025-08-25,PROD016,WH004,81,0,17,64,0
2025-08-25,PROD017,WH003,115,286,52,349,0
2025-08-25,PROD018,WH003,347,0,51,296,0
2025-08-25,PROD019,WH001,0,78,9,69,0
2025-08-25,PROD020,WH001,95,0,11,84,0
2025-08-26,PROD001,WH001,68,0,6,62,0
2025-08-26,PROD002,WH001,51,0,5,46,0
2025-08-26,PROD003,WH002,71,0,19,52,0
2025-08-26,PROD004,WH002,41,185,23,203,0
2025-08-26,PROD005,WH003,121,0,14,107,0
2025-08-26,PROD006,WH003,30,0,13,17,0
2025-08-26,PROD007,WH003,193,0,23,170,0
2025-08-26,PROD008,WH003,133,0,23,110,0
2025-08-26,PROD009,WH004,266,0,22,244,0
2025-08-26,PROD010,WH001,231,0,64,167,0
2025-08-26,PROD011,WH001,287,0,61,226,0
2025-08-26,PROD012,WH001,159,0,31,128,0
2025-08-26,PROD013,WH004,883,0,101,782,0
2025-08-26,PROD014,WH004,401,0,63,338,0
2025-08-26,PROD015,WH004,93,0,37,56,0
2025-08-26,PROD016,WH004,64,0,25,39,0
2025-08-26,PROD017,WH003,349,0,46,303,0
2025-08-26,PROD018,WH003,296,0,43,253,0
2025-08-26,PROD019,WH001,69,0,8,61,0
2025-08-26,PROD020,WH001,84,0,11,73,0
2025-08-27,PROD001,WH001,62,0,82,0,20
2025-08-27,PROD002,WH001,46,0,4,42,0
2025-08-27,PROD003,WH002,52,0,16,36,0
2025-08-27,PROD004,WH002,203,0,16,187,0
2025-08-27,PROD005,WH003,107,0,25,82,0
2025-08-27,PROD006,WH003,17,74,178,0,87
2025-08-27,PROD007,WH003,170,0,15,155,0
2025-08-27,PROD008,WH003,110,0,34,76,0
2025-08-27,PROD009,WH004,244,0,44,200,0
2025-08-27,PROD010,WH001,167,0,43,124,0
2025-08-27,PROD011,WH001,226,0,41,185,0
2025-08-27,PROD012,WH001,128,0,30,98,0
2025-08-27,PROD013,WH004,782,0,58,724,0
2025-08-27,PROD014,WH004,338,0,63,275,0
2025-08-27,PROD015,WH004,56,225,29,252,0
2025-08-27,PROD016,WH004,39,131,18,152,0
2025-08-27,PROD017,WH003,303,0,24,279,0
2025-08-27,PROD018,WH003,253,0,29,224,0
2025-08-27,PROD019,WH001,61,0,10,51,0
2025-08-27,PROD020,WH001,73,0,9,64,0
2025-08-28,PROD001,WH001,0,48,5,43,0
2025-08-28,PROD002,WH001,42,0,4,38,0
2025-08-28,PROD003,WH002,36,84,14,106,0
2025-08-28,PROD004,WH002,187,0,21,166,0
2025-08-28,PROD005,WH003,82,0,27,55,0
2025-08-28,PROD006,WH003,0,79,14,65,0
2025-08-28,PROD007,WH003,155,0,17,138,0
2025-08-28,PROD008,WH003,76,192,39,229,0
2025-08-28,PROD009,WH004,200,0,294,0,94
2025-08-28,PROD010,WH001,124,420,29,515,0
2025-08-28,PROD011,WH001,185,403,46,542,0
2025-08-28,PROD012,WH001,98,0,20,78,0
2025-08-28,PROD013,WH004,724,0,102,622,0
2025-08-28,PROD014,WH004,275,0,33,242,0
2025-08-28,PROD015,WH004,252,0,10,242,0
2025-08-28,PROD016,WH004,152,0,19,133,0
2025-08-28,PROD017,WH003,279,0,51,228,0
2025-08-28,PROD018,WH003,224,0,36,188,0
2025-08-28,PROD019,WH001,51,0,9,42,0
2025-08-28,PROD020,WH001,64,0,19,45,0
2025-08-29,PROD001,WH001,43,0,7,36,0
2025-08-29,PROD002,WH001,38,0,5,33,0
2025-08-29,PROD003,WH002,106,0,14,92,0
2025-08-29,PROD004,WH002,166,0,16,150,0
2025-08-29,PROD005,WH003,55,144,25,174,0
2025-08-29,PROD006,WH003,65,0,16,49,0
2025-08-29,PROD007,WH003,138,0,19,119,0
2025-08-29,PROD008,WH003,229,0,40,189,0
2025-08-29,PROD009,WH004,0,306,41,265,0
2025-08-29,PROD010,WH001,515,0,73,442,0
2025-08-29,PROD011,WH001,542,0,74,468,0
2025-08-29,PROD012,WH001,78,0,32,46,0
2025-08-29,PROD013,WH004,622,0,114,508,0
2025-08-29,PROD014,WH004,242,0,101,141,0
2025-08-29,PROD015,WH004,242,0,18,224,0
2025-08-29,PROD016,WH004,133,0,20,113,0
2025-08-29,PROD017,WH003,228,0,45,183,0
2025-08-29,PROD018,WH003,188,0,35,153,0
2025-08-29,PROD019,WH001,42,0,7,35,0
2025-08-29,PROD020,WH001,45,0,5,40,0
2025-08-30,PROD001,WH001,36,0,9,27,0
2025-08-30,PROD002,WH001,33,0,6,27,0
2025-08-30,PROD003,WH002,92,0,14,78,0
2025-08-30,PROD004,WH002,150,0,12,138,0
2025-08-30,PROD005,WH003,174,0,22,152,0
2025-08-30,PROD006,WH003,49,0,6,43,0
2025-08-30,PROD007,WH003,119,0,20,99,0
2025-08-30,PROD008,WH003,189,0,29,160,0
2025-08-30,PROD009,WH004,265,0,45,220,0
2025-08-30,PROD010,WH001,442,0,75,367,0
2025-08-30,PROD011,WH001,468,0,28,440,0
2025-08-30,PROD012,WH001,46,165,21,190,0
2025-08-30,PROD013,WH004,508,0,111,397,0
2025-08-30,PROD014,WH004,141,609,35,715,0
2025-08-30,PROD015,WH004,224,0,32,192,0
2025-08-30,PROD016,WH004,113,0,16,97,0
2025-08-30,PROD017,WH003,183,0,40,143,0
2025-08-30,PROD018,WH003,153,0,238,0,85
2025-08-30,PROD019,WH001,35,0,8,27,0
2025-08-30,PROD020,WH001,40,0,9,31,0
2025-08-31,PROD001,WH001,27,0,7,20,0
2025-08-31,PROD002,WH001,27,0,5,22,0
2025-08-31,PROD003,WH002,78,0,107,0,29
2025-08-31,PROD004,WH002,138,0,20,118,0
2025-08-31,PROD005,WH003,152,0,9,143,0
2025-08-31,PROD006,WH003,43,0,6,37,0
2025-08-31,PROD007,WH003,99,0,28,71,0
2025-08-31,PROD008,WH003,160,0,33,127,0
2025-08-31,PROD009,WH004,220,0,29,191,0
2025-08-31,PROD010,WH001,367,0,37,330,0
2025-08-31,PROD011,WH001,440,0,67,373,0
2025-08-31,PROD012,WH001,190,0,16,174,0
2025-08-31,PROD013,WH004,397,0,80,317,0
2025-08-31,PROD014,WH004,715,0,54,661,0
2025-08-31,PROD015,WH004,192,0,36,156,0
2025-08-31,PROD016,WH004,97,0,16,81,0
2025-08-31,PROD017,WH003,143,0,43,100,0
2025-08-31,PROD018,WH003,0,214,26,188,0
2025-08-31,PROD019,WH001,27,0,10,17,0
2025-08-31,PROD020,WH001,31,102,10,123,0
2025-09-01,PROD001,WH001,20,63,7,76,0
2025-09-01,PROD002,WH001,22,0,4,18,0
2025-09-01,PROD003,WH002,0,117,16,101,0
2025-09-01,PROD004,WH002,118,0,18,100,0
2025-09-01,PROD005,WH003,143,0,28,115,0
2025-09-01,PROD006,WH003,37,0,10,27,0
2025-09-01,PROD007,WH003,71,0,19,52,0
2025-09-01,PROD008,WH003,127,0,38,89,0
2025-09-01,PROD009,WH004,191,0,33,158,0
2025-09-01,PROD010,WH001,330,0,61,269,0
2025-09-01,PROD011,WH001,373,0,93,280,0
2025-09-01,PROD012,WH001,174,0,25,149,0
2025-09-01,PROD013,WH004,317,0,104,213,0
2025-09-01,PROD014,WH004,661,0,105,556,0
2025-09-01,PROD015,WH004,156,0,39,117,0
2025-09-01,PROD016,WH004,81,0,20,61,0
2025-09-01,PROD017,WH003,100,239,36,303,0
2025-09-01,PROD018,WH003,188,0,30,158,0
2025-09-01,PROD019,WH001,17,59,5,71,0
2025-09-01,PROD020,WH001,123,0,8,115,0
2025-09-02,PROD001,WH001,76,0,6,70,0
2025-09-02,PROD002,WH001,18,0,8,10,0
2025-09-02,PROD003,WH002,101,0,17,84,0
2025-09-02,PROD004,WH002,100,0,25,75,0
2025-09-02,PROD005,WH003,115,0,35,80,0
2025-09-02,PROD006,WH003,27,81,8,100,0
2025-09-02,PROD007,WH003,52,161,20,193,0
2025-09-02,PROD008,WH003,89,254,26,317,0
2025-09-02,PROD009,WH004,158,0,31,127,0
2025-09-02,PROD010,WH001,269,0,23,246,0
2025-09-02,PROD011,WH001,280,0,64,216,0
2025-09-02,PROD012,WH001,149,0,33,116,0
2025-09-02,PROD013,WH004,213,937,141,1009,0
2025-09-02,PROD014,WH004,556,0,104,452,0
2025-09-02,PROD015,WH004,117,0,40,77,0
2025-09-02,PROD016,WH004,61,0,16,45,0
2025-09-02,PROD017,WH003,303,0,44,259,0
2025-09-02,PROD018,WH003,158,0,28,130,0
2025-09-02,PROD019,WH001,71,0,10,61,0
2025-09-02,PROD020,WH001,115,0,9,106,0
2025-09-03,PROD001,WH001,70,0,5,65,0
2025-09-03,PROD002,WH001,10,59,5,64,0
2025-09-03,PROD003,WH002,84,0,14,70,0
2025-09-03,PROD004,WH002,75,0,15,60,0
2025-09-03,PROD005,WH003,80,0,22,58,0
2025-09-03,PROD006,WH003,100,0,7,93,0
2025-09-03,PROD007,WH003,193,0,18,175,0
2025-09-03,PROD008,WH003,317,0,38,279,0
2025-09-03,PROD009,WH004,127,0,21,106,0
2025-09-03,PROD010,WH001,246,0,52,194,0
2025-09-03,PROD011,WH001,216,0,57,159,0
2025-09-03,PROD012,WH001,116,0,25,91,0
2025-09-03,PROD013,WH004,1009,0,74,935,0
2025-09-03,PROD014,WH004,452,0,70,382,0
2025-09-03,PROD015,WH004,77,211,30,258,0
2025-09-03,PROD016,WH004,45,170,28,187,0
2025-09-03,PROD017,WH003,259,0,41,218,0
2025-09-03,PROD018,WH003,130,0,33,97,0
2025-09-03,PROD019,WH001,61,0,8,53,0
2025-09-03,PROD020,WH001,106,0,10,96,0
2025-09-04,PROD001,WH001,65,0,8,57,0
2025-09-04,PROD002,WH001,64,0,6,58,0
2025-09-04,PROD003,WH002,70,0,28,42,0
2025-09-04,PROD004,WH002,60,0,15,45,0
2025-09-04,PROD005,WH003,58,235,25,268,0
2025-09-04,PROD006,WH003,93,0,9,84,0
2025-09-04,PROD007,WH003,175,0,26,149,0
2025-09-04,PROD008,WH003,279,0,26,253,0
2025-09-04,PROD009,WH004,106,0,26,80,0
2025-09-04,PROD010,WH001,194,0,59,135,0
2025-09-04,PROD011,WH001,159,600,85,674,0
2025-09-04,PROD012,WH001,91,0,23,68,0
2025-09-04,PROD013,WH004,935,0,111,824,0
2025-09-04,PROD014,WH004,382,0,47,335,0
2025-09-04,PROD015,WH004,258,0,27,231,0
2025-09-04,PROD016,WH004,187,0,14,173,0
2025-09-04,PROD017,WH003,218,0,55,163,0
2025-09-04,PROD018,WH003,97,327,38,386,0
2025-09-04,PROD019,WH001,53,0,10,43,0
2025-09-04,PROD020,WH001,96,0,10,86,0
2025-09-05,PROD001,WH001,57,0,11,46,0
2025-09-05,PROD002,WH001,58,0,8,50,0
2025-09-05,PROD003,WH002,42,94,8,128,0
2025-09-05,PROD004,WH002,45,108,23,130,0
2025-09-05,PROD005,WH003,268,0,22,246,0
2025-09-05,PROD006,WH003,84,0,10,74,0
2025-09-05,PROD007,WH003,149,0,14,135,0
2025-09-05,PROD008,WH003,253,0,34,219,0
2025-09-05,PROD009,WH004,80,346,35,391,0
2025-09-05,PROD010,WH001,135,0,55,80,0
2025-09-05,PROD011,WH001,674,0,61,613,0
2025-09-05,PROD012,WH001,68,171,20,219,0
2025-09-05,PROD013,WH004,824,0,152,672,0
2025-09-05,PROD014,WH004,335,0,62,273,0
2025-09-05,PROD015,WH004,231,0,32,199,0
2025-09-05,PROD016,WH004,173,0,17,156,0
2025-09-05,PROD017,WH003,163,0,52,111,0
2025-09-05,PROD018,WH003,386,0,39,347,0
2025-09-05,PROD019,WH001,43,0,7,36,0
2025-09-05,PROD020,WH001,86,0,15,71,0
2025-09-06,PROD001,WH001,46,0,5,41,0
2025-09-06,PROD002,WH001,50,0,9,41,0
2025-09-06,PROD003,WH002,128,0,19,109,0
2025-09-06,PROD004,WH002,130,0,28,102,0
2025-09-06,PROD005,WH003,246,0,21,225,0
2025-09-06,PROD006,WH003,74,0,10,64,0
2025-09-06,PROD007,WH003,135,0,16,119,0
2025-09-06,PROD008,WH003,219,0,32,187,0
2025-09-06,PROD009,WH004,391,0,26,365,0
2025-09-06,PROD010,WH001,80,422,39,463,0
2025-09-06,PROD011,WH001,613,0,77,536,0
2025-09-06,PROD012,WH001,219,0,31,188,0
2025-09-06,PROD013,WH004,672,0,825,0,153
2025-09-06,PROD014,WH004,273,0,99,174,0
2025-09-06,PROD015,WH004,199,0,25,174,0
2025-09-06,PROD016,WH004,156,0,24,132,0
2025-09-06,PROD017,WH003,111,272,63,320,0
2025-09-06,PROD018,WH003,347,0,36,311,0
2025-09-06,PROD019,WH001,36,0,10,26,0
2025-09-06,PROD020,WH001,71,0,14,57,0
2025-09-07,PROD001,WH001,41,0,8,33,0
2025-09-07,PROD002,WH001,41,0,7,34,0
2025-09-07,PROD003,WH002,109,0,24,85,0
2025-09-07,PROD004,WH002,102,0,22,80,0
2025-09-07,PROD005,WH003,225,0,26,199,0
2025-09-07,PROD006,WH003,64,0,12,52,0
2025-09-07,PROD007,WH003,119,0,13,106,0
2025-09-07,PROD008,WH003,187,0,34,153,0
2025-09-07,PROD009,WH004,365,0,30,335,0
2025-09-07,PROD010,WH001,463,0,115,348,0
2025-09-07,PROD011,WH001,536,0,61,475,0
2025-09-07,PROD012,WH001,188,0,37,151,0
2025-09-07,PROD013,WH004,0,618,100,518,0
2025-09-07,PROD014,WH004,174,426,114,486,0
2025-09-07,PROD015,WH004,174,0,32,142,0
2025-09-07,PROD016,WH004,132,0,21,111,0
2025-09-07,PROD017,WH003,320,0,34,286,0
2025-09-07,PROD018,WH003,311,0,19,292,0
2025-09-07,PROD019,WH001,26,0,15,11,0
2025-09-07,PROD020,WH001,57,0,15,42,0
2025-09-08,PROD001,WH001,33,0,7,26,0
2025-09-08,PROD002,WH001,34,0,6,28,0
2025-09-08,PROD003,WH002,85,0,14,71,0
2025-09-08,PROD004,WH002,80,0,46,34,0
2025-09-08,PROD005,WH003,199,0,18,181,0
2025-09-08,PROD006,WH003,52,0,10,42,0
2025-09-08,PROD007,WH003,106,0,24,82,0
2025-09-08,PROD008,WH003,153,0,24,129,0
2025-09-08,PROD009,WH004,335,0,26,309,0
2025-09-08,PROD010,WH001,348,0,81,267,0
2025-09-08,PROD011,WH001,475,0,56,419,0
2025-09-08,PROD012,WH001,151,0,29,122,0
2025-09-08,PROD013,WH004,518,0,70,448,0
2025-09-08,PROD014,WH004,486,0,55,431,0
2025-09-08,PROD015,WH004,142,0,20,122,0
2025-09-08,PROD016,WH004,111,0,17,94,0
2025-09-08,PROD017,WH003,286,0,47,239,0
2025-09-08,PROD018,WH003,292,0,34,258,0
2025-09-08,PROD019,WH001,11,68,4,75,0
2025-09-08,PROD020,WH001,42,0,13,29,0
2025-09-09,PROD001,WH001,26,0,6,20,0
2025-09-09,PROD002,WH001,28,0,9,19,0
2025-09-09,PROD003,WH002,71,0,11,60,0
2025-09-09,PROD004,WH002,34,177,21,190,0
2025-09-09,PROD005,WH003,181,0,28,153,0
2025-09-09,PROD006,WH003,42,0,9,33,0
2025-09-09,PROD007,WH003,82,0,24,58,0
2025-09-09,PROD008,WH003,129,0,36,93,0
2025-09-09,PROD009,WH004,309,0,33,276,0
2025-09-09,PROD010,WH001,267,0,49,218,0
2025-09-09,PROD011,WH001,419,0,51,368,0
2025-09-09,PROD012,WH001,122,0,18,104,0
2025-09-09,PROD013,WH004,448,0,87,361,0
2025-09-09,PROD014,WH004,431,0,71,360,0
2025-09-09,PROD015,WH004,122,0,36,86,0
2025-09-09,PROD016,WH004,94,0,21,73,0
2025-09-09,PROD017,WH003,239,0,38,201,0
2025-09-09,PROD018,WH003,258,0,44,214,0
2025-09-09,PROD019,WH001,75,0,7,68,0
2025-09-09,PROD020,WH001,29,96,12,113,0
2025-09-10,PROD001,WH001,20,68,10,78,0
2025-09-10,PROD002,WH001,19,0,7,12,0
2025-09-10,PROD003,WH002,60,0,16,44,0
2025-09-10,PROD004,WH002,190,0,17,173,0
2025-09-10,PROD005,WH003,153,0,22,131,0
2025-09-10,PROD006,WH003,33,0,6,27,0
2025-09-10,PROD007,WH003,58,0,16,42,0
2025-09-10,PROD008,WH003,93,0,33,60,0
2025-09-10,PROD009,WH004,276,0,27,249,0
2025-09-10,PROD010,WH001,218,0,52,166,0
2025-09-10,PROD011,WH001,368,0,69,299,0
2025-09-10,PROD012,WH001,104,0,32,72,0
2025-09-10,PROD013,WH004,361,0,95,266,0
2025-09-10,PROD014,WH004,360,0,69,291,0
2025-09-10,PROD015,WH004,86,204,16,274,0
2025-09-10,PROD016,WH004,73,0,26,47,0
2025-09-10,PROD017,WH003,201,0,35,166,0
2025-09-10,PROD018,WH003,214,0,48,166,0
2025-09-10,PROD019,WH001,68,0,3,65,0
2025-09-10,PROD020,WH001,113,0,7,106,0
2025-09-11,PROD001,WH001,78,0,7,71,0
2025-09-11,PROD002,WH001,12,31,3,40,0
2025-09-11,PROD003,WH002,44,107,13,138,0
2025-09-11,PROD004,WH002,173,0,15,158,0
2025-09-11,PROD005,WH003,131,0,29,102,0
2025-09-11,PROD006,WH003,27,82,9,100,0
2025-09-11,PROD007,WH003,42,103,24,121,0
2025-09-11,PROD008,WH003,60,152,47,165,0
2025-09-11,PROD009,WH004,249,0,37,212,0
2025-09-11,PROD010,WH001,166,0,40,126,0
2025-09-11,PROD011,WH001,299,0,67,232,0
2025-09-11,PROD012,WH001,72,152,11,213,0
2025-09-11,PROD013,WH004,266,508,82,692,0
2025-09-11,PROD014,WH004,291,0,91,200,0
2025-09-11,PROD015,WH004,274,0,35,239,0
2025-09-11,PROD016,WH004,47,156,14,189,0
2025-09-11,PROD017,WH003,166,0,29,137,0
2025-09-11,PROD018,WH003,166,0,39,127,0
2025-09-11,PROD019,WH001,65,0,8,57,0
2025-09-11,PROD020,WH001,106,0,18,88,0
2025-09-12,PROD001,WH001,71,0,3,68,0
2025-09-12,PROD002,WH001,40,0,7,33,0
2025-09-12,PROD003,WH002,138,0,12,126,0
2025-09-12,PROD004,WH002,158,0,13,145,0
2025-09-12,PROD005,WH003,102,0,19,83,0
2025-09-12,PROD006,WH003,100,0,9,91,0
2025-09-12,PROD007,WH003,121,0,18,103,0
2025-09-12,PROD008,WH003,165,0,25,140,0
2025-09-12,PROD009,WH004,212,0,40,172,0
2025-09-12,PROD010,WH001,126,336,52,410,0
2025-09-12,PROD011,WH001,232,0,49,183,0
2025-09-12,PROD012,WH001,213,0,24,189,0
2025-09-12,PROD013,WH004,692,0,98,594,0
2025-09-12,PROD014,WH004,200,425,88,537,0
2025-09-12,PROD015,WH004,239,0,28,211,0
2025-09-12,PROD016,WH004,189,0,24,165,0
2025-09-12,PROD017,WH003,137,0,28,109,0
2025-09-12,PROD018,WH003,127,0,36,91,0
2025-09-12,PROD019,WH001,57,0,6,51,0
2025-09-12,PROD020,WH001,88,0,13,75,0
2025-09-13,PROD001,WH001,68,0,5,63,0
2025-09-13,PROD002,WH001,33,0,6,27,0
2025-09-13,PROD003,WH002,126,0,17,109,0
2025-09-13,PROD004,WH002,145,0,17,128,0
2025-09-13,PROD005,WH003,83,0,37,46,0
2025-09-13,PROD006,WH003,91,0,9,82,0
2025-09-13,PROD007,WH003,103,0,21,82,0
2025-09-13,PROD008,WH003,140,0,227,0,87
2025-09-13,PROD009,WH004,172,0,46,126,0
2025-09-13,PROD010,WH001,410,0,40,370,0
2025-09-13,PROD011,WH001,183,475,86,572,0
2025-09-13,PROD012,WH001,189,0,16,173,0
2025-09-13,PROD013,WH004,594,0,110,484,0
2025-09-13,PROD014,WH004,537,0,77,460,0
2025-09-13,PROD015,WH004,211,0,35,176,0
2025-09-13,PROD016,WH004,165,0,18,147,0
2025-09-13,PROD017,WH003,109,323,22,410,0
2025-09-13,PROD018,WH003,91,232,43,280,0
2025-09-13,PROD019,WH001,51,0,6,45,0
2025-09-13,PROD020,WH001,75,0,6,69,0
2025-09-14,PROD001,WH001,63,0,8,55,0
2025-09-14,PROD002,WH001,27,0,7,20,0
2025-09-14,PROD003,WH002,109,0,16,93,0
2025-09-14,PROD004,WH002,128,0,21,107,0
2025-09-14,PROD005,WH003,46,237,19,264,0
2025-09-14,PROD006,WH003,82,0,9,73,0
2025-09-14,PROD007,WH003,82,0,11,71,0
2025-09-14,PROD008,WH003,0,209,42,167,0
2025-09-14,PROD009,WH004,126,0,33,93,0
2025-09-14,PROD010,WH001,370,0,40,330,0
2025-09-14,PROD011,WH001,572,0,81,491,0
2025-09-14,PROD012,WH001,173,0,30,143,0
2025-09-14,PROD013,WH004,484,0,148,336,0
2025-09-14,PROD014,WH004,460,0,78,382,0
2025-09-14,PROD015,WH004,176,0,31,145,0
2025-09-14,PROD016,WH004,147,0,14,133,0
2025-09-14,PROD017,WH003,410,0,33,377,0
2025-09-14,PROD018,WH003,280,0,25,255,0
2025-09-14,PROD019,WH001,45,0,7,38,0
2025-09-14,PROD020,WH001,69,0,11,58,0
2025-09-15,PROD001,WH001,55,0,11,44,0
2025-09-15,PROD002,WH001,20,0,6,14,0
2025-09-15,PROD003,WH002,93,0,17,76,0
2025-09-15,PROD004,WH002,107,0,25,82,0
2025-09-15,PROD005,WH003,264,0,19,245,0
2025-09-15,PROD006,WH003,73,0,9,64,0
2025-09-15,PROD007,WH003,71,0,18,53,0
2025-09-15,PROD008,WH003,167,0,31,136,0
2025-09-15,PROD009,WH004,93,262,31,324,0
2025-09-15,PROD010,WH001,330,0,51,279,0
2025-09-15,PROD011,WH001,491,0,89,402,0
2025-09-15,PROD012,WH001,143,0,21,122,0
2025-09-15,PROD013,WH004,336,0,109,227,0
2025-09-15,PROD014,WH004,382,0,70,312,0
2025-09-15,PROD015,WH004,145,0,43,102,0
2025-09-15,PROD016,WH004,133,0,224,0,91
2025-09-15,PROD017,WH003,377,0,34,343,0
2025-09-15,PROD018,WH003,255,0,40,215,0
2025-09-15,PROD019,WH001,38,0,6,32,0
2025-09-15,PROD020,WH001,58,0,9,49,0
2025-09-16,PROD001,WH001,44,0,7,37,0
2025-09-16,PROD002,WH001,14,33,4,43,0
2025-09-16,PROD003,WH002,76,0,13,63,0
2025-09-16,PROD004,WH002,82,0,22,60,0
2025-09-16,PROD005,WH003,245,0,31,214,0
2025-09-16,PROD006,WH003,64,0,7,57,0
2025-09-16,PROD007,WH003,53,107,25,135,0
2025-09-16,PROD008,WH003,136,0,24,112,0
2025-09-16,PROD009,WH004,324,0,37,287,0
2025-09-16,PROD010,WH001,279,0,42,237,0
2025-09-16,PROD011,WH001,402,0,78,324,0
2025-09-16,PROD012,WH001,122,0,37,85,0
2025-09-16,PROD013,WH004,227,742,125,844,0
2025-09-16,PROD014,WH004,312,0,84,228,0
2025-09-16,PROD015,WH004,102,0,36,66,0
2025-09-16,PROD016,WH004,0,150,18,132,0
2025-09-16,PROD017,WH003,343,0,42,301,0
2025-09-16,PROD018,WH003,215,0,46,169,0
2025-09-16,PROD019,WH001,32,0,8,24,0
2025-09-16,PROD020,WH001,49,0,8,41,0
2025-09-17,PROD001,WH001,37,0,8,29,0
2025-09-17,PROD002,WH001,43,0,4,39,0
2025-09-17,PROD003,WH002,63,0,17,46,0
2025-09-17,PROD004,WH002,60,0,17,43,0
2025-09-17,PROD005,WH003,214,0,22,192,0
2025-09-17,PROD006,WH003,57,0,11,46,0
2025-09-17,PROD007,WH003,135,0,16,119,0
2025-09-17,PROD008,WH003,112,0,23,89,0
2025-09-17,PROD009,WH004,287,0,32,255,0
2025-09-17,PROD010,WH001,237,0,32,205,0
2025-09-17,PROD011,WH001,324,0,102,222,0
2025-09-17,PROD012,WH001,85,0,25,60,0
2025-09-17,PROD013,WH004,844,0,76,768,0
2025-09-17,PROD014,WH004,228,690,92,826,0
2025-09-17,PROD015,WH004,66,278,32,312,0
2025-09-17,PROD016,WH004,132,0,11,121,0
2025-09-17,PROD017,WH003,301,0,545,0,244
2025-09-17,PROD018,WH003,169,0,23,146,0
2025-09-17,PROD019,WH001,24,0,8,16,0
2025-09-17,PROD020,WH001,41,0,15,26,0
2025-09-18,PROD001,WH001,29,0,7,22,0
2025-09-18,PROD002,WH001,39,0,6,33,0
2025-09-18,PROD003,WH002,46,0,20,26,0
2025-09-18,PROD004,WH002,43,152,21,174,0
2025-09-18,PROD005,WH003,192,0,32,160,0
2025-09-18,PROD006,WH003,46,0,10,36,0
2025-09-18,PROD007,WH003,119,0,23,96,0
2025-09-18,PROD008,WH003,89,176,29,236,0
2025-09-18,PROD009,WH004,255,0,41,214,0
2025-09-18,PROD010,WH001,205,0,46,159,0
2025-09-18,PROD011,WH001,222,0,69,153,0
2025-09-18,PROD012,WH001,60,145,18,187,0
2025-09-18,PROD013,WH004,768,0,85,683,0
2025-09-18,PROD014,WH004,826,0,61,765,0
2025-09-18,PROD015,WH004,312,0,30,282,0
2025-09-18,PROD016,WH004,121,0,11,110,0
2025-09-18,PROD017,WH003,0,348,38,310,0
2025-09-18,PROD018,WH003,146,0,58,88,0
2025-09-18,PROD019,WH001,16,48,5,59,0
2025-09-18,PROD020,WH001,26,83,11,98,0
2025-09-19,PROD001,WH001,22,65,11,76,0
2025-09-19,PROD002,WH001,33,0,8,25,0
2025-09-19,PROD003,WH002,26,86,14,98,0
2025-09-19,PROD004,WH002,174,0,20,154,0
2025-09-19,PROD005,WH003,160,0,31,129,0
2025-09-19,PROD006,WH003,36,0,10,26,0
2025-09-19,PROD007,WH003,96,0,26,70,0
2025-09-19,PROD008,WH003,236,0,37,199,0
2025-09-19,PROD009,WH004,214,0,31,183,0
2025-09-19,PROD010,WH001,159,0,44,115,0
2025-09-19,PROD011,WH001,153,621,61,713,0
2025-09-19,PROD012,WH001,187,0,19,168,0
2025-09-19,PROD013,WH004,683,0,105,578,0
2025-09-19,PROD014,WH004,765,0,46,719,0
2025-09-19,PROD015,WH004,282,0,36,246,0
2025-09-19,PROD016,WH004,110,0,21,89,0
2025-09-19,PROD017,WH003,310,0,37,273,0
2025-09-19,PROD018,WH003,88,196,29,255,0
2025-09-19,PROD019,WH001,59,0,7,52,0
2025-09-19,PROD020,WH001,98,0,13,85,0
2025-09-20,PROD001,WH001,76,0,9,67,0
2025-09-20,PROD002,WH001,25,0,1,24,0
2025-09-20,PROD003,WH002,98,0,12,86,0
2025-09-20,PROD004,WH002,154,0,24,130,0
2025-09-20,PROD005,WH003,129,0,18,111,0
2025-09-20,PROD006,WH003,26,51,9,68,0
2025-09-20,PROD007,WH003,70,0,23,47,0
2025-09-20,PROD008,WH003,199,0,35,164,0
2025-09-20,PROD009,WH004,183,0,38,145,0
2025-09-20,PROD010,WH001,115,255,48,322,0
2025-09-20,PROD011,WH001,713,0,91,622,0
2025-09-20,PROD012,WH001,168,0,27,141,0
2025-09-20,PROD013,WH004,578,0,117,461,0
2025-09-20,PROD014,WH004,719,0,65,654,0
2025-09-20,PROD015,WH004,246,0,40,206,0
2025-09-20,PROD016,WH004,89,0,16,73,0
2025-09-20,PROD017,WH003,273,0,27,246,0
2025-09-20,PROD018,WH003,255,0,33,222,0
2025-09-20,PROD019,WH001,52,0,8,44,0
2025-09-20,PROD020,WH001,85,0,10,75,0
2025-09-21,PROD001,WH001,67,0,7,60,0
2025-09-21,PROD002,WH001,24,0,4,20,0
2025-09-21,PROD003,WH002,86,0,16,70,0
2025-09-21,PROD004,WH002,130,0,20,110,0
2025-09-21,PROD005,WH003,111,0,23,88,0
2025-09-21,PROD006,WH003,68,0,10,58,0
2025-09-21,PROD007,WH003,47,134,13,168,0
2025-09-21,PROD008,WH003,164,0,27,137,0
2025-09-21,PROD009,WH004,145,0,40,105,0
2025-09-21,PROD010,WH001,322,0,41,281,0
2025-09-21,PROD011,WH001,622,0,101,521,0
2025-09-21,PROD012,WH001,141,0,29,112,0
2025-09-21,PROD013,WH004,461,0,88,373,0
2025-09-21,PROD014,WH004,654,0,81,573,0
2025-09-21,PROD015,WH004,206,0,34,172,0
2025-09-21,PROD016,WH004,73,0,17,56,0
2025-09-21,PROD017,WH003,246,0,37,209,0
2025-09-21,PROD018,WH003,222,0,29,193,0
2025-09-21,PROD019,WH001,44,0,6,38,0
2025-09-21,PROD020,WH001,75,0,11,64,0
2025-09-22,PROD001,WH001,60,0,11,49,0
2025-09-22,PROD002,WH001,20,0,6,14,0
2025-09-22,PROD003,WH002,70,0,15,55,0
2025-09-22,PROD004,WH002,110,0,22,88,0
2025-09-22,PROD005,WH003,88,0,35,53,0
2025-09-22,PROD006,WH003,58,0,8,50,0
2025-09-22,PROD007,WH003,168,0,17,151,0
2025-09-22,PROD008,WH003,137,0,35,102,0
2025-09-22,PROD009,WH004,105,0,32,73,0
2025-09-22,PROD010,WH001,281,0,32,249,0
2025-09-22,PROD011,WH001,521,0,88,433,0
2025-09-22,PROD012,WH001,112,0,22,90,0
2025-09-22,PROD013,WH004,373,0,73,300,0
2025-09-22,PROD014,WH004,573,0,57,516,0
2025-09-22,PROD015,WH004,172,0,30,142,0
2025-09-22,PROD016,WH004,56,185,13,228,0
2025-09-22,PROD017,WH003,209,0,53,156,0
2025-09-22,PROD018,WH003,193,0,33,160,0
2025-09-22,PROD019,WH001,38,0,16,22,0
2025-09-22,PROD020,WH001,64,0,15,49,0
2025-09-23,PROD001,WH001,49,0,8,41,0
2025-09-23,PROD002,WH001,14,51,4,61,0
2025-09-23,PROD003,WH002,55,0,15,40,0
2025-09-23,PROD004,WH002,88,0,18,70,0
2025-09-23,PROD005,WH003,53,229,23,259,0
2025-09-23,PROD006,WH003,50,0,8,42,0
2025-09-23,PROD007,WH003,151,0,235,0,84
2025-09-23,PROD008,WH003,102,0,38,64,0
2025-09-23,PROD009,WH004,73,306,38,341,0
2025-09-23,PROD010,WH001,249,0,78,171,0
2025-09-23,PROD011,WH001,433,0,75,358,0
2025-09-23,PROD012,WH001,90,0,25,65,0
2025-09-23,PROD013,WH004,300,0,97,203,0
2025-09-23,PROD014,WH004,516,0,65,451,0
2025-09-23,PROD015,WH004,142,0,34,108,0
2025-09-23,PROD016,WH004,228,0,24,204,0
2025-09-23,PROD017,WH003,156,0,41,115,0
2025-09-23,PROD018,WH003,160,0,34,126,0
2025-09-23,PROD019,WH001,22,46,5,63,0
2025-09-23,PROD020,WH001,49,0,11,38,0
2025-09-24,PROD001,WH001,41,0,5,36,0
2025-09-24,PROD002,WH001,61,0,8,53,0
2025-09-24,PROD003,WH002,40,89,22,107,0
2025-09-24,PROD004,WH002,70,0,17,53,0
2025-09-24,PROD005,WH003,259,0,17,242,0
2025-09-24,PROD006,WH003,42,0,8,34,0
2025-09-24,PROD007,WH003,0,124,13,111,0
2025-09-24,PROD008,WH003,64,181,26,219,0
2025-09-24,PROD009,WH004,341,0,26,315,0
2025-09-24,PROD010,WH001,171,0,40,131,0
2025-09-24,PROD011,WH001,358,0,99,259,0
2025-09-24,PROD012,WH001,65,249,24,290,0
2025-09-24,PROD013,WH004,203,907,114,996,0
2025-09-24,PROD014,WH004,451,0,67,384,0
2025-09-24,PROD015,WH004,108,0,28,80,0
2025-09-24,PROD016,WH004,204,0,13,191,0
2025-09-24,PROD017,WH003,115,285,48,352,0
2025-09-24,PROD018,WH003,126,0,38,88,0
2025-09-24,PROD019,WH001,63,0,5,58,0
2025-09-24,PROD020,WH001,38,0,11,27,0
2025-09-25,PROD001,WH001,36,0,7,29,0
2025-09-25,PROD002,WH001,53,0,5,48,0
2025-09-25,PROD003,WH002,107,0,22,85,0
2025-09-25,PROD004,WH002,53,113,22,144,0
2025-09-25,PROD005,WH003,242,0,23,219,0
2025-09-25,PROD006,WH003,34,0,7,27,0
2025-09-25,PROD007,WH003,111,0,13,98,0
2025-09-25,PROD008,WH003,219,0,31,188,0
2025-09-25,PROD009,WH004,315,0,42,273,0
2025-09-25,PROD010,WH001,131,279,68,342,0
2025-09-25,PROD011,WH001,259,0,87,172,0
2025-09-25,PROD012,WH001,290,0,25,265,0
2025-09-25,PROD013,WH004,996,0,82,914,0
2025-09-25,PROD014,WH004,384,0,73,311,0
2025-09-25,PROD015,WH004,80,200,24,256,0
2025-09-25,PROD016,WH004,191,0,25,166,0
2025-09-25,PROD017,WH003,352,0,45,307,0
2025-09-25,PROD018,WH003,88,290,37,341,0
2025-09-25,PROD019,WH001,58,0,11,47,0
2025-09-25,PROD020,WH001,27,118,12,133,0
2025-09-26,PROD001,WH001,29,0,8,21,0
2025-09-26,PROD002,WH001,48,0,5,43,0
2025-09-26,PROD003,WH002,85,0,18,67,0
2025-09-26,PROD004,WH002,144,0,16,128,0
2025-09-26,PROD005,WH003,219,0,21,198,0
2025-09-26,PROD006,WH003,27,55,4,78,0
2025-09-26,PROD007,WH003,98,0,27,71,0
2025-09-26,PROD008,WH003,188,0,28,160,0
2025-09-26,PROD009,WH004,273,0,37,236,0
2025-09-26,PROD010,WH001,342,0,39,303,0
2025-09-26,PROD011,WH001,172,457,53,576,0
2025-09-26,PROD012,WH001,265,0,27,238,0
2025-09-26,PROD013,WH004,914,0,92,822,0
2025-09-26,PROD014,WH004,311,0,80,231,0
2025-09-26,PROD015,WH004,256,0,24,232,0
2025-09-26,PROD016,WH004,166,0,24,142,0
2025-09-26,PROD017,WH003,307,0,51,256,0
2025-09-26,PROD018,WH003,341,0,37,304,0
2025-09-26,PROD019,WH001,47,0,4,43,0
2025-09-26,PROD020,WH001,133,0,15,118,0
2025-09-27,PROD001,WH001,21,54,11,64,0
2025-09-27,PROD002,WH001,43,0,7,36,0
2025-09-27,PROD003,WH002,67,0,30,37,0
2025-09-27,PROD004,WH002,128,0,18,110,0
2025-09-27,PROD005,WH003,198,0,29,169,0
2025-09-27,PROD006,WH003,78,0,12,66,0
2025-09-27,PROD007,WH003,71,0,17,54,0
2025-09-27,PROD008,WH003,160,0,36,124,0
2025-09-27,PROD009,WH004,236,0,36,200,0
2025-09-27,PROD010,WH001,303,0,31,272,0
2025-09-27,PROD011,WH001,576,0,91,485,0
2025-09-27,PROD012,WH001,238,0,24,214,0
2025-09-27,PROD013,WH004,822,0,93,729,0
2025-09-27,PROD014,WH004,231,758,91,898,0
2025-09-27,PROD015,WH004,232,0,30,202,0
2025-09-27,PROD016,WH004,142,0,18,124,0
2025-09-27,PROD017,WH003,256,0,42,214,0
2025-09-27,PROD018,WH003,304,0,35,269,0
2025-09-27,PROD019,WH001,43,0,9,34,0
2025-09-27,PROD020,WH001,118,0,11,107,0
2025-09-28,PROD001,WH001,64,0,8,56,0
2025-09-28,PROD002,WH001,36,0,7,29,0
2025-09-28,PROD003,WH002,37,110,20,127,0
2025-09-28,PROD004,WH002,110,0,12,98,0
2025-09-28,PROD005,WH003,169,0,21,148,0
2025-09-28,PROD006,WH003,66,0,12,54,0
2025-09-28,PROD007,WH003,54,0,12,42,0
2025-09-28,PROD008,WH003,124,0,36,88,0
2025-09-28,PROD009,WH004,200,0,36,164,0
2025-09-28,PROD010,WH001,272,0,45,227,0
2025-09-28,PROD011,WH001,485,0,63,422,0
2025-09-28,PROD012,WH001,214,0,27,187,0
2025-09-28,PROD013,WH004,729,0,100,629,0
2025-09-28,PROD014,WH004,898,0,47,851,0
2025-09-28,PROD015,WH004,202,0,27,175,0
2025-09-28,PROD016,WH004,124,0,14,110,0
2025-09-28,PROD017,WH003,214,0,43,171,0
2025-09-28,PROD018,WH003,269,0,331,0,62
2025-09-28,PROD019,WH001,34,0,9,25,0
2025-09-28,PROD020,WH001,107,0,11,96,0
2025-09-29,PROD001,WH001,56,0,6,50,0
2025-09-29,PROD002,WH001,29,0,4,25,0
2025-09-29,PROD003,WH002,127,0,15,112,0
2025-09-29,PROD004,WH002,98,0,19,79,0
2025-09-29,PROD005,WH003,148,0,30,118,0
2025-09-29,PROD006,WH003,54,0,7,47,0
2025-09-29,PROD007,WH003,42,156,19,179,0
2025-09-29,PROD008,WH003,88,272,28,332,0
2025-09-29,PROD009,WH004,164,0,24,140,0
2025-09-29,PROD010,WH001,227,0,26,201,0
2025-09-29,PROD011,WH001,422,0,62,360,0
2025-09-29,PROD012,WH001,187,0,25,162,0
2025-09-29,PROD013,WH004,629,0,123,506,0
2025-09-29,PROD014,WH004,851,0,105,746,0
2025-09-29,PROD015,WH004,175,0,16,159,0
2025-09-29,PROD016,WH004,110,0,19,91,0
2025-09-29,PROD017,WH003,171,0,43,128,0
2025-09-29,PROD018,WH003,0,311,49,262,0
2025-09-29,PROD019,WH001,25,0,7,18,0
2025-09-29,PROD020,WH001,96,0,9,87,0
2025-09-30,PROD001,WH001,50,0,7,43,0
2025-09-30,PROD002,WH001,25,0,5,20,0
2025-09-30,PROD003,WH002,112,0,10,102,0
2025-09-30,PROD004,WH002,79,0,24,55,0
2025-09-30,PROD005,WH003,118,0,25,93,0
2025-09-30,PROD006,WH003,47,0,16,31,0
2025-09-30,PROD007,WH003,179,0,12,167,0
2025-09-30,PROD008,WH003,332,0,29,303,0
2025-09-30,PROD009,WH004,140,0,29,111,0
2025-09-30,PROD010,WH001,201,0,23,178,0
2025-09-30,PROD011,WH001,360,0,107,253,0
2025-09-30,PROD012,WH001,162,0,26,136,0
2025-09-30,PROD013,WH004,506,0,160,346,0
2025-09-30,PROD014,WH004,746,0,83,663,0
2025-09-30,PROD015,WH004,159,0,26,133,0
2025-09-30,PROD016,WH004,91,0,22,69,0
2025-09-30,PROD017,WH003,128,0,37,91,0
2025-09-30,PROD018,WH003,262,0,35,227,0
2025-09-30,PROD019,WH001,18,64,9,73,0
2025-09-30,PROD020,WH001,87,0,12,75,0
2025-10-01,PROD001,WH001,43,0,8,35,0
2025-10-01,PROD002,WH001,20,0,6,14,0
2025-10-01,PROD003,WH002,102,0,13,89,0
2025-10-01,PROD004,WH002,55,173,21,207,0
2025-10-01,PROD005,WH003,93,0,23,70,0
2025-10-01,PROD006,WH003,31,0,11,20,0
2025-10-01,PROD007,WH003,167,0,22,145,0
2025-10-01,PROD008,WH003,303,0,34,269,0
2025-10-01,PROD009,WH004,111,0,182,0,71
2025-10-01,PROD010,WH001,178,0,51,127,0
2025-10-01,PROD011,WH001,253,0,103,150,0
2025-10-01,PROD012,WH001,136,0,21,115,0
2025-10-01,PROD013,WH004,346,0,112,234,0
2025-10-01,PROD014,WH004,663,0,73,590,0
2025-10-01,PROD015,WH004,133,0,33,100,0
2025-10-01,PROD016,WH004,69,0,19,50,0
2025-10-01,PROD017,WH003,91,355,51,395,0
2025-10-01,PROD018,WH003,227,0,28,199,0
2025-10-01,PROD019,WH001,73,0,7,66,0
2025-10-01,PROD020,WH001,75,0,15,60,0
2025-10-02,PROD001,WH001,35,0,6,29,0
2025-10-02,PROD002,WH001,14,32,9,37,0
2025-10-02,PROD003,WH002,89,0,14,75,0
2025-10-02,PROD004,WH002,207,0,27,180,0
2025-10-02,PROD005,WH003,70,210,30,250,0
2025-10-02,PROD006,WH003,20,52,10,62,0
2025-10-02,PROD007,WH003,145,0,14,131,0
2025-10-02,PROD008,WH003,269,0,31,238,0
2025-10-02,PROD009,WH004,0,180,36,144,0
2025-10-02,PROD010,WH001,127,438,54,511,0
2025-10-02,PROD011,WH001,150,626,59,717,0
2025-10-02,PROD012,WH001,115,0,18,97,0
2025-10-02,PROD013,WH004,234,544,95,683,0
2025-10-02,PROD014,WH004,590,0,105,485,0
2025-10-02,PROD015,WH004,100,0,39,61,0
2025-10-02,PROD016,WH004,50,138,18,170,0
2025-10-02,PROD017,WH003,395,0,40,355,0
2025-10-02,PROD018,WH003,199,0,27,172,0
2025-10-02,PROD019,WH001,66,0,6,60,0
2025-10-02,PROD020,WH001,60,0,9,51,0
2025-10-03,PROD001,WH001,29,0,8,21,0
2025-10-03,PROD002,WH001,37,0,5,32,0
2025-10-03,PROD003,WH002,75,0,14,61,0
2025-10-03,PROD004,WH002,180,0,17,163,0
2025-10-03,PROD005,WH003,250,0,17,233,0
2025-10-03,PROD006,WH003,62,0,9,53,0
2025-10-03,PROD007,WH003,131,0,4,127,0
2025-10-03,PROD008,WH003,238,0,32,206,0
2025-10-03,PROD009,WH004,144,0,33,111,0
2025-10-03,PROD010,WH001,511,0,43,468,0
2025-10-03,PROD011,WH001,717,0,91,626,0
2025-10-03,PROD012,WH001,97,0,25,72,0
2025-10-03,PROD013,WH004,683,0,119,564,0
2025-10-03,PROD014,WH004,485,0,877,0,392
2025-10-03,PROD015,WH004,61,190,54,197,0
2025-10-03,PROD016,WH004,170,0,20,150,0
2025-10-03,PROD017,WH003,355,0,79,276,0
2025-10-03,PROD018,WH003,172,0,38,134,0
2025-10-03,PROD019,WH001,60,0,6,54,0
2025-10-03,PROD020,WH001,51,0,12,39,0
2025-10-04,PROD001,WH001,21,47,16,52,0
2025-10-04,PROD002,WH001,32,0,8,24,0
2025-10-04,PROD003,WH002,61,0,14,47,0
2025-10-04,PROD004,WH002,163,0,27,136,0
2025-10-04,PROD005,WH003,233,0,18,215,0
2025-10-04,PROD006,WH003,53,0,11,42,0
2025-10-04,PROD007,WH003,127,0,15,112,0
2025-10-04,PROD008,WH003,206,0,33,173,0
2025-10-04,PROD009,WH004,111,0,57,54,0
2025-10-04,PROD010,WH001,468,0,49,419,0
2025-10-04,PROD011,WH001,626,0,79,547,0
2025-10-04,PROD012,WH001,72,138,31,179,0
2025-10-04,PROD013,WH004,564,0,85,479,0
2025-10-04,PROD014,WH004,0,694,94,600,0
2025-10-04,PROD015,WH004,197,0,47,150,0
2025-10-04,PROD016,WH004,150,0,27,123,0
2025-10-04,PROD017,WH003,276,0,41,235,0
2025-10-04,PROD018,WH003,134,0,42,92,0
2025-10-04,PROD019,WH001,54,0,6,48,0
2025-10-04,PROD020,WH001,39,0,19,20,0
2025-10-05,PROD001,WH001,52,0,4,48,0
2025-10-05,PROD002,WH001,24,0,4,20,0
2025-10-05,PROD003,WH002,47,0,21,26,0
2025-10-05,PROD004,WH002,136,0,14,122,0
2025-10-05,PROD005,WH003,215,0,33,182,0
2025-10-05,PROD006,WH003,42,0,13,29,0
2025-10-05,PROD007,WH003,112,0,15,97,0
2025-10-05,PROD008,WH003,173,0,49,124,0
2025-10-05,PROD009,WH004,54,297,32,319,0
2025-10-05,PROD010,WH001,419,0,54,365,0
2025-10-05,PROD011,WH001,547,0,63,484,0
2025-10-05,PROD012,WH001,179,0,24,155,0
2025-10-05,PROD013,WH004,479,0,105,374,0
2025-10-05,PROD014,WH004,600,0,67,533,0
2025-10-05,PROD015,WH004,150,0,45,105,0
2025-10-05,PROD016,WH004,123,0,19,104,0
2025-10-05,PROD017,WH003,235,0,34,201,0
2025-10-05,PROD018,WH003,92,196,22,266,0
2025-10-05,PROD019,WH001,48,0,9,39,0
2025-10-05,PROD020,WH001,20,83,13,90,0
2025-10-06,PROD001,WH001,48,0,7,41,0
2025-10-06,PROD002,WH001,20,0,6,14,0
2025-10-06,PROD003,WH002,26,88,12,102,0
2025-10-06,PROD004,WH002,122,0,18,104,0
2025-10-06,PROD005,WH003,182,0,22,160,0
2025-10-06,PROD006,WH003,29,95,16,108,0
2025-10-06,PROD007,WH003,97,0,18,79,0
2025-10-06,PROD008,WH003,124,0,27,97,0
2025-10-06,PROD009,WH004,319,0,49,270,0
2025-10-06,PROD010,WH001,365,0,61,304,0
2025-10-06,PROD011,WH001,484,0,48,436,0
2025-10-06,PROD012,WH001,155,0,21,134,0
2025-10-06,PROD013,WH004,374,0,109,265,0
2025-10-06,PROD014,WH004,533,0,102,431,0
2025-10-06,PROD015,WH004,105,0,37,68,0
2025-10-06,PROD016,WH004,104,0,14,90,0
2025-10-06,PROD017,WH003,201,0,31,170,0
2025-10-06,PROD018,WH003,266,0,28,238,0
2025-10-06,PROD019,WH001,39,0,8,31,0
2025-10-06,PROD020,WH001,90,0,18,72,0
2025-10-07,PROD001,WH001,41,0,6,35,0
2025-10-07,PROD002,WH001,14,58,6,66,0
2025-10-07,PROD003,WH002,102,0,18,84,0
2025-10-07,PROD004,WH002,104,0,26,78,0
2025-10-07,PROD005,WH003,160,0,25,135,0
2025-10-07,PROD006,WH003,108,0,12,96,0
2025-10-07,PROD007,WH003,79,0,15,64,0
2025-10-07,PROD008,WH003,97,0,22,75,0
2025-10-07,PROD009,WH004,270,0,26,244,0
2025-10-07,PROD010,WH001,304,0,25,279,0
2025-10-07,PROD011,WH001,436,0,73,363,0
2025-10-07,PROD012,WH001,134,0,24,110,0
2025-10-07,PROD013,WH004,265,773,86,952,0
2025-10-07,PROD014,WH004,431,0,109,322,0
2025-10-07,PROD015,WH004,68,268,25,311,0
2025-10-07,PROD016,WH004,90,0,20,70,0
2025-10-07,PROD017,WH003,170,0,45,125,0
2025-10-07,PROD018,WH003,238,0,37,201,0
2025-10-07,PROD019,WH001,31,0,8,23,0
2025-10-07,PROD020,WH001,72,0,12,60,0
2025-10-08,PROD001,WH001,35,0,4,31,0
2025-10-08,PROD002,WH001,66,0,6,60,0
2025-10-08,PROD003,WH002,84,0,14,70,0
2025-10-08,PROD004,WH002,78,0,21,57,0
2025-10-08,PROD005,WH003,135,0,32,103,0
2025-10-08,PROD006,WH003,96,0,7,89,0
2025-10-08,PROD007,WH003,64,0,15,49,0
2025-10-08,PROD008,WH003,75,239,31,283,0
2025-10-08,PROD009,WH004,244,0,28,216,0
2025-10-08,PROD010,WH001,279,0,40,239,0
2025-10-08,PROD011,WH001,363,0,51,312,0
2025-10-08,PROD012,WH001,110,0,30,80,0
2025-10-08,PROD013,WH004,952,0,51,901,0
2025-10-08,PROD014,WH004,322,0,66,256,0
2025-10-08,PROD015,WH004,311,0,544,0,233
2025-10-08,PROD016,WH004,70,0,23,47,0
2025-10-08,PROD017,WH003,125,0,56,69,0
2025-10-08,PROD018,WH003,201,0,38,163,0
2025-10-08,PROD019,WH001,23,42,12,53,0
2025-10-08,PROD020,WH001,60,0,7,53,0
2025-10-09,PROD001,WH001,31,0,8,23,0
2025-10-09,PROD002,WH001,60,0,5,55,0
2025-10-09,PROD003,WH002,70,0,13,57,0
2025-10-09,PROD004,WH002,57,133,29,161,0
2025-10-09,PROD005,WH003,103,0,16,87,0
2025-10-09,PROD006,WH003,89,0,7,82,0
2025-10-09,PROD007,WH003,49,175,16,208,0
2025-10-09,PROD008,WH003,283,0,19,264,0
2025-10-09,PROD009,WH004,216,0,32,184,0
2025-10-09,PROD010,WH001,239,0,55,184,0
2025-10-09,PROD011,WH001,312,0,67,245,0
2025-10-09,PROD012,WH001,80,0,25,55,0
2025-10-09,PROD013,WH004,901,0,77,824,0
2025-10-09,PROD014,WH004,256,0,103,153,0
2025-10-09,PROD015,WH004,0,196,25,171,0
2025-10-09,PROD016,WH004,47,168,28,187,0
2025-10-09,PROD017,WH003,69,208,42,235,0
2025-10-09,PROD018,WH003,163,0,52,111,0
2025-10-09,PROD019,WH001,53,0,6,47,0
2025-10-09,PROD020,WH001,53,0,10,43,0
2025-10-10,PROD001,WH001,23,56,4,75,0
2025-10-10,PROD002,WH001,55,0,3,52,0
2025-10-10,PROD003,WH002,57,0,13,44,0
2025-10-10,PROD004,WH002,161,0,18,143,0
2025-10-10,PROD005,WH003,87,0,25,62,0
2025-10-10,PROD006,WH003,82,0,10,72,0
2025-10-10,PROD007,WH003,208,0,26,182,0
2025-10-10,PROD008,WH003,264,0,29,235,0
2025-10-10,PROD009,WH004,184,0,27,157,0
2025-10-10,PROD010,WH001,184,0,63,121,0
2025-10-10,PROD011,WH001,245,0,69,176,0
2025-10-10,PROD012,WH001,55,197,23,229,0
2025-10-10,PROD013,WH004,824,0,89,735,0
2025-10-10,PROD014,WH004,153,451,88,516,0
2025-10-10,PROD015,WH004,171,0,31,140,0
2025-10-10,PROD016,WH004,187,0,16,171,0
2025-10-10,PROD017,WH003,235,0,38,197,0
2025-10-10,PROD018,WH003,111,0,32,79,0
2025-10-10,PROD019,WH001,47,0,7,40,0
2025-10-10,PROD020,WH001,43,0,63,0,20
2025-10-11,PROD001,WH001,75,0,9,66,0
2025-10-11,PROD002,WH001,52,0,6,46,0
2025-10-11,PROD003,WH002,44,137,16,165,0
2025-10-11,PROD004,WH002,143,0,13,130,0
2025-10-11,PROD005,WH003,62,146,27,181,0
2025-10-11,PROD006,WH003,72,0,9,63,0
2025-10-11,PROD007,WH003,182,0,15,167,0
2025-10-11,PROD008,WH003,235,0,25,210,0
2025-10-11,PROD009,WH004,157,0,34,123,0
2025-10-11,PROD010,WH001,121,311,43,389,0
2025-10-11,PROD011,WH001,176,546,59,663,0
2025-10-11,PROD012,WH001,229,0,40,189,0
2025-10-11,PROD013,WH004,735,0,74,661,0
2025-10-11,PROD014,WH004,516,0,103,413,0
2025-10-11,PROD015,WH004,140,0,33,107,0
2025-10-11,PROD016,WH004,171,0,22,149,0
2025-10-11,PROD017,WH003,197,0,53,144,0
2025-10-11,PROD018,WH003,79,255,17,317,0
2025-10-11,PROD019,WH001,40,0,8,32,0
2025-10-11,PROD020,WH001,0,70,89,0,19
2025-10-12,PROD001,WH001,66,0,14,52,0
2025-10-12,PROD002,WH001,46,0,4,42,0
2025-10-12,PROD003,WH002,165,0,17,148,0
2025-10-12,PROD004,WH002,130,0,22,108,0
2025-10-12,PROD005,WH003,181,0,25,156,0
2025-10-12,PROD006,WH003,63,0,11,52,0
2025-10-12,PROD007,WH003,167,0,15,152,0
2025-10-12,PROD008,WH003,210,0,25,185,0
2025-10-12,PROD009,WH004,123,0,24,99,0
2025-10-12,PROD010,WH001,389,0,40,349,0
2025-10-12,PROD011,WH001,663,0,89,574,0
2025-10-12,PROD012,WH001,189,0,21,168,0
2025-10-12,PROD013,WH004,661,0,108,553,0
2025-10-12,PROD014,WH004,413,0,81,332,0
2025-10-12,PROD015,WH004,107,0,37,70,0
2025-10-12,PROD016,WH004,149,0,27,122,0
2025-10-12,PROD017,WH003,144,0,30,114,0
2025-10-12,PROD018,WH003,317,0,23,294,0
2025-10-12,PROD019,WH001,32,0,11,21,0
2025-10-12,PROD020,WH001,0,106,5,101,0
2025-10-13,PROD001,WH001,52,0,10,42,0
2025-10-13,PROD002,WH001,42,0,7,35,0
2025-10-13,PROD003,WH002,148,0,11,137,0
2025-10-13,PROD004,WH002,108,0,21,87,0
2025-10-13,PROD005,WH003,156,0,25,131,0
2025-10-13,PROD006,WH003,52,0,12,40,0
2025-10-13,PROD007,WH003,152,0,12,140,0
2025-10-13,PROD008,WH003,185,0,41,144,0
2025-10-13,PROD009,WH004,99,195,46,248,0
2025-10-13,PROD010,WH001,349,0,34,315,0
2025-10-13,PROD011,WH001,574,0,93,481,0
2025-10-13,PROD012,WH001,168,0,34,134,0
2025-10-13,PROD013,WH004,553,0,117,436,0
2025-10-13,PROD014,WH004,332,0,59,273,0
2025-10-13,PROD015,WH004,70,158,35,193,0
2025-10-13,PROD016,WH004,122,0,23,99,0
2025-10-13,PROD017,WH003,114,232,34,312,0
2025-10-13,PROD018,WH003,294,0,37,257,0
2025-10-13,PROD019,WH001,21,45,7,59,0
2025-10-13,PROD020,WH001,101,0,9,92,0
2025-10-14,PROD001,WH001,42,0,8,34,0
2025-10-14,PROD002,WH001,35,0,7,28,0
2025-10-14,PROD003,WH002,137,0,14,123,0
2025-10-14,PROD004,WH002,87,0,22,65,0
2025-10-14,PROD005,WH003,131,0,21,110,0
2025-10-14,PROD006,WH003,40,0,8,32,0
2025-10-14,PROD007,WH003,140,0,20,120,0
2025-10-14,PROD008,WH003,144,0,23,121,0
2025-10-14,PROD009,WH004,248,0,31,217,0
2025-10-14,PROD010,WH001,315,0,63,252,0
2025-10-14,PROD011,WH001,481,0,77,404,0
2025-10-14,PROD012,WH001,134,0,23,111,0
2025-10-14,PROD013,WH004,436,0,130,306,0
2025-10-14,PROD014,WH004,273,0,63,210,0
2025-10-14,PROD015,WH004,193,0,35,158,0
2025-10-14,PROD016,WH004,99,0,17,82,0
2025-10-14,PROD017,WH003,312,0,40,272,0
2025-10-14,PROD018,WH003,257,0,53,204,0
2025-10-14,PROD019,WH001,59,0,8,51,0
2025-10-14,PROD020,WH001,92,0,7,85,0
2025-10-15,PROD001,WH001,34,0,7,27,0
2025-10-15,PROD002,WH001,28,0,7,21,0
2025-10-15,PROD003,WH002,123,0,15,108,0
2025-10-15,PROD004,WH002,65,0,10,55,0
2025-10-15,PROD005,WH003,110,0,35,75,0
2025-10-15,PROD006,WH003,32,0,11,21,0
2025-10-15,PROD007,WH003,120,0,11,109,0
2025-10-15,PROD008,WH003,121,0,19,102,0
2025-10-15,PROD009,WH004,217,0,29,188,0
2025-10-15,PROD010,WH001,252,0,41,211,0
2025-10-15,PROD011,WH001,404,0,92,312,0
2025-10-15,PROD012,WH001,111,0,22,89,0
2025-10-15,PROD013,WH004,306,0,99,207,0
2025-10-15,PROD014,WH004,210,728,65,873,0
2025-10-15,PROD015,WH004,158,0,39,119,0
2025-10-15,PROD016,WH004,82,0,17,65,0
2025-10-15,PROD017,WH003,272,0,29,243,0
2025-10-15,PROD018,WH003,204,0,29,175,0
2025-10-15,PROD019,WH001,51,0,5,46,0
2025-10-15,PROD020,WH001,85,0,9,76,0
2025-10-16,PROD001,WH001,27,0,13,14,0
2025-10-16,PROD002,WH001,21,0,5,16,0
2025-10-16,PROD003,WH002,108,0,14,94,0
2025-10-16,PROD004,WH002,55,126,22,159,0
2025-10-16,PROD005,WH003,75,0,14,61,0
2025-10-16,PROD006,WH003,21,59,11,69,0
2025-10-16,PROD007,WH003,109,0,19,90,0
2025-10-16,PROD008,WH003,102,0,38,64,0
2025-10-16,PROD009,WH004,188,0,22,166,0
2025-10-16,PROD010,WH001,211,0,19,192,0
2025-10-16,PROD011,WH001,312,0,54,258,0
2025-10-16,PROD012,WH001,89,0,14,75,0
2025-10-16,PROD013,WH004,207,865,94,978,0
2025-10-16,PROD014,WH004,873,0,48,825,0
2025-10-16,PROD015,WH004,119,0,25,94,0
2025-10-16,PROD016,WH004,65,0,11,54,0
2025-10-16,PROD017,WH003,243,0,32,211,0
2025-10-16,PROD018,WH003,175,0,33,142,0
2025-10-16,PROD019,WH001,46,0,5,41,0
2025-10-16,PROD020,WH001,76,0,8,68,0
2025-10-17,PROD001,WH001,14,57,5,66,0
2025-10-17,PROD002,WH001,16,38,3,51,0
2025-10-17,PROD003,WH002,94,0,8,86,0
2025-10-17,PROD004,WH002,159,0,19,140,0
2025-10-17,PROD005,WH003,61,155,22,194,0
2025-10-17,PROD006,WH003,69,0,10,59,0
2025-10-17,PROD007,WH003,90,0,13,77,0
2025-10-17,PROD008,WH003,64,178,46,196,0
2025-10-17,PROD009,WH004,166,0,41,125,0
2025-10-17,PROD010,WH001,192,0,48,144,0
2025-10-17,PROD011,WH001,258,0,113,145,0
2025-10-17,PROD012,WH001,75,0,28,47,0
2025-10-17,PROD013,WH004,978,0,86,892,0
2025-10-17,PROD014,WH004,825,0,67,758,0
2025-10-17,PROD015,WH004,94,0,14,80,0
2025-10-17,PROD016,WH004,54,198,34,218,0
2025-10-17,PROD017,WH003,211,0,34,177,0
2025-10-17,PROD018,WH003,142,0,50,92,0
2025-10-17,PROD019,WH001,41,0,64,0,23
2025-10-17,PROD020,WH001,68,0,8,60,0
2025-10-18,PROD001,WH001,66,0,11,55,0
2025-10-18,PROD002,WH001,51,0,4,47,0
2025-10-18,PROD003,WH002,86,0,16,70,0
2025-10-18,PROD004,WH002,140,0,23,117,0
2025-10-18,PROD005,WH003,194,0,20,174,0
2025-10-18,PROD006,WH003,59,0,6,53,0
2025-10-18,PROD007,WH003,77,0,14,63,0
2025-10-18,PROD008,WH003,196,0,35,161,0
2025-10-18,PROD009,WH004,125,0,46,79,0
2025-10-18,PROD010,WH001,144,0,37,107,0
2025-10-18,PROD011,WH001,145,560,62,643,0
2025-10-18,PROD012,WH001,47,200,19,228,0
2025-10-18,PROD013,WH004,892,0,119,773,0
2025-10-18,PROD014,WH004,758,0,100,658,0
2025-10-18,PROD015,WH004,80,176,38,218,0
2025-10-18,PROD016,WH004,218,0,28,190,0
2025-10-18,PROD017,WH003,177,0,46,131,0
2025-10-18,PROD018,WH003,92,262,34,320,0
2025-10-18,PROD019,WH001,0,50,9,41,0
2025-10-18,PROD020,WH001,60,0,15,45,0
2025-10-19,PROD001,WH001,55,0,7,48,0
2025-10-19,PROD002,WH001,47,0,5,42,0
2025-10-19,PROD003,WH002,70,0,16,54,0
2025-10-19,PROD004,WH002,117,0,16,101,0
2025-10-19,PROD005,WH003,174,0,21,153,0
2025-10-19,PROD006,WH003,53,0,8,45,0
2025-10-19,PROD007,WH003,63,0,16,47,0
2025-10-19,PROD008,WH003,161,0,26,135,0
2025-10-19,PROD009,WH004,79,184,38,225,0
2025-10-19,PROD010,WH001,107,357,32,432,0
2025-10-19,PROD011,WH001,643,0,91,552,0
2025-10-19,PROD012,WH001,228,0,22,206,0
2025-10-19,PROD013,WH004,773,0,121,652,0
2025-10-19,PROD014,WH004,658,0,67,591,0
2025-10-19,PROD015,WH004,218,0,17,201,0
2025-10-19,PROD016,WH004,190,0,22,168,0
2025-10-19,PROD017,WH003,131,0,55,76,0
2025-10-19,PROD018,WH003,320,0,26,294,0
2025-10-19,PROD019,WH001,41,0,6,35,0
2025-10-19,PROD020,WH001,45,0,13,32,0
2025-10-20,PROD001,WH001,48,0,9,39,0
2025-10-20,PROD002,WH001,42,0,4,38,0
2025-10-20,PROD003,WH002,54,0,8,46,0
2025-10-20,PROD004,WH002,101,0,21,80,0
2025-10-20,PROD005,WH003,153,0,26,127,0
2025-10-20,PROD006,WH003,45,0,12,33,0
2025-10-20,PROD007,WH003,47,138,17,168,0
2025-10-20,PROD008,WH003,135,0,27,108,0
2025-10-20,PROD009,WH004,225,0,45,180,0
2025-10-20,PROD010,WH001,432,0,55,377,0
2025-10-20,PROD011,WH001,552,0,60,492,0
2025-10-20,PROD012,WH001,206,0,42,164,0
2025-10-20,PROD013,WH004,652,0,150,502,0
2025-10-20,PROD014,WH004,591,0,88,503,0
2025-10-20,PROD015,WH004,201,0,28,173,0
2025-10-20,PROD016,WH004,168,0,19,149,0
2025-10-20,PROD017,WH003,76,278,32,322,0
2025-10-20,PROD018,WH003,294,0,41,253,0
2025-10-20,PROD019,WH001,35,0,7,28,0
2025-10-20,PROD020,WH001,32,101,13,120,0
2025-10-21,PROD001,WH001,39,0,7,32,0
2025-10-21,PROD002,WH001,38,0,10,28,0
2025-10-21,PROD003,WH002,46,0,17,29,0
2025-10-21,PROD004,WH002,80,0,14,66,0
2025-10-21,PROD005,WH003,127,0,30,97,0
2025-10-21,PROD006,WH003,33,0,12,21,0
2025-10-21,PROD007,WH003,168,0,18,150,0
2025-10-21,PROD008,WH003,108,0,22,86,0
2025-10-21,PROD009,WH004,180,0,44,136,0
2025-10-21,PROD010,WH001,377,0,30,347,0
2025-10-21,PROD011,WH001,492,0,83,409,0
2025-10-21,PROD012,WH001,164,0,26,138,0
2025-10-21,PROD013,WH004,502,0,89,413,0
2025-10-21,PROD014,WH004,503,0,84,419,0
2025-10-21,PROD015,WH004,173,0,34,139,0
2025-10-21,PROD016,WH004,149,0,28,121,0
2025-10-21,PROD017,WH003,322,0,38,284,0
2025-10-21,PROD018,WH003,253,0,31,222,0
2025-10-21,PROD019,WH001,28,0,5,23,0
2025-10-21,PROD020,WH001,120,0,14,106,0
2025-10-22,PROD001,WH001,32,0,7,25,0
2025-10-22,PROD002,WH001,28,0,5,23,0
2025-10-22,PROD003,WH002,29,123,22,130,0
2025-10-22,PROD004,WH002,66,0,16,50,0
2025-10-22,PROD005,WH003,97,0,24,73,0
2025-10-22,PROD006,WH003,21,88,15,94,0
2025-10-22,PROD007,WH003,150,0,14,136,0
2025-10-22,PROD008,WH003,86,214,27,273,0
2025-10-22,PROD009,WH004,136,0,12,124,0
2025-10-22,PROD010,WH001,347,0,44,303,0
2025-10-22,PROD011,WH001,409,0,91,318,0
2025-10-22,PROD012,WH001,138,0,41,97,0
2025-10-22,PROD013,WH004,413,0,85,328,0
2025-10-22,PROD014,WH004,419,0,59,360,0
2025-10-22,PROD015,WH004,139,0,30,109,0
2025-10-22,PROD016,WH004,121,0,21,100,0
2025-10-22,PROD017,WH003,284,0,27,257,0
2025-10-22,PROD018,WH003,222,0,40,182,0
2025-10-22,PROD019,WH001,23,40,8,55,0
2025-10-22,PROD020,WH001,106,0,11,95,0
2025-10-23,PROD001,WH001,25,0,8,17,0
2025-10-23,PROD002,WH001,23,0,6,17,0
2025-10-23,PROD003,WH002,130,0,24,106,0
2025-10-23,PROD004,WH002,50,160,26,184,0
2025-10-23,PROD005,WH003,73,198,27,244,0
2025-10-23,PROD006,WH003,94,0,13,81,0
2025-10-23,PROD007,WH003,136,0,18,118,0
2025-10-23,PROD008,WH003,273,0,36,237,0
2025-10-23,PROD009,WH004,124,0,31,93,0
2025-10-23,PROD010,WH001,303,0,54,249,0
2025-10-23,PROD011,WH001,318,0,62,256,0
2025-10-23,PROD012,WH001,97,0,25,72,0
2025-10-23,PROD013,WH004,328,0,81,247,0
2025-10-23,PROD014,WH004,360,0,95,265,0
2025-10-23,PROD015,WH004,109,0,31,78,0
2025-10-23,PROD016,WH004,100,0,23,77,0
2025-10-23,PROD017,WH003,257,0,63,194,0
2025-10-23,PROD018,WH003,182,0,41,141,0
2025-10-23,PROD019,WH001,55,0,6,49,0
2025-10-23,PROD020,WH001,95,0,14,81,0
2025-10-24,PROD001,WH001,17,72,11,78,0
2025-10-24,PROD002,WH001,17,37,4,50,0
2025-10-24,PROD003,WH002,106,0,13,93,0
2025-10-24,PROD004,WH002,184,0,24,160,0
2025-10-24,PROD005,WH003,244,0,23,221,0
2025-10-24,PROD006,WH003,81,0,11,70,0
2025-10-24,PROD007,WH003,118,0,15,103,0
2025-10-24,PROD008,WH003,237,0,34,203,0
2025-10-24,PROD009,WH004,93,324,26,391,0
2025-10-24,PROD010,WH001,249,0,36,213,0
2025-10-24,PROD011,WH001,256,0,28,228,0
2025-10-24,PROD012,WH001,72,240,26,286,0
2025-10-24,PROD013,WH004,247,766,105,908,0
2025-10-24,PROD014,WH004,265,0,99,166,0
2025-10-24,PROD015,WH004,78,171,22,227,0
2025-10-24,PROD016,WH004,77,0,22,55,0
2025-10-24,PROD017,WH003,194,0,33,161,0
2025-10-24,PROD018,WH003,141,0,55,86,0
2025-10-24,PROD019,WH001,49,0,9,40,0
2025-10-24,PROD020,WH001,81,0,14,67,0
2025-10-25,PROD001,WH001,78,0,9,69,0
2025-10-25,PROD002,WH001,50,0,8,42,0
2025-10-25,PROD003,WH002,93,0,8,85,0
2025-10-25,PROD004,WH002,160,0,17,143,0
2025-10-25,PROD005,WH003,221,0,22,199,0
2025-10-25,PROD006,WH003,70,0,15,55,0
2025-10-25,PROD007,WH003,103,0,18,85,0
2025-10-25,PROD008,WH003,203,0,14,189,0
2025-10-25,PROD009,WH004,391,0,27,364,0
2025-10-25,PROD010,WH001,213,0,55,158,0
2025-10-25,PROD011,WH001,228,0,64,164,0
2025-10-25,PROD012,WH001,286,0,36,250,0
2025-10-25,PROD013,WH004,908,0,83,825,0
2025-10-25,PROD014,WH004,166,588,1110,0,356
2025-10-25,PROD015,WH004,227,0,26,201,0
2025-10-25,PROD016,WH004,55,192,26,221,0
2025-10-25,PROD017,WH003,161,0,36,125,0
2025-10-25,PROD018,WH003,86,175,36,225,0
2025-10-25,PROD019,WH001,40,0,5,35,0
2025-10-25,PROD020,WH001,67,0,13,54,0
2025-10-26,PROD001,WH001,69,0,5,64,0
2025-10-26,PROD002,WH001,42,0,5,37,0
2025-10-26,PROD003,WH002,85,0,11,74,0
2025-10-26,PROD004,WH002,143,0,13,130,0
2025-10-26,PROD005,WH003,199,0,38,161,0
2025-10-26,PROD006,WH003,55,0,6,49,0
2025-10-26,PROD007,WH003,85,0,17,68,0
2025-10-26,PROD008,WH003,189,0,33,156,0
2025-10-26,PROD009,WH004,364,0,43,321,0
2025-10-26,PROD010,WH001,158,0,49,109,0
2025-10-26,PROD011,WH001,164,520,68,616,0
2025-10-26,PROD012,WH001,250,0,24,226,0
2025-10-26,PROD013,WH004,825,0,84,741,0
2025-10-26,PROD014,WH004,0,663,91,572,0
2025-10-26,PROD015,WH004,201,0,20,181,0
2025-10-26,PROD016,WH004,221,0,23,198,0
2025-10-26,PROD017,WH003,125,0,34,91,0
2025-10-26,PROD018,WH003,225,0,16,209,0
2025-10-26,PROD019,WH001,35,0,9,26,0
2025-10-26,PROD020,WH001,54,0,9,45,0
2025-10-27,PROD001,WH001,64,0,10,54,0
2025-10-27,PROD002,WH001,37,0,5,32,0
2025-10-27,PROD003,WH002,74,0,12,62,0
2025-10-27,PROD004,WH002,130,0,33,97,0
2025-10-27,PROD005,WH003,161,0,18,143,0
2025-10-27,PROD006,WH003,49,0,8,41,0
2025-10-27,PROD007,WH003,68,0,20,48,0
2025-10-27,PROD008,WH003,156,0,27,129,0
2025-10-27,PROD009,WH004,321,0,37,284,0
2025-10-27,PROD010,WH001,109,297,43,363,0
2025-10-27,PROD011,WH001,616,0,47,569,0
2025-10-27,PROD012,WH001,226,0,31,195,0
2025-10-27,PROD013,WH004,741,0,210,531,0
2025-10-27,PROD014,WH004,572,0,97,475,0
2025-10-27,PROD015,WH004,181,0,33,148,0
2025-10-27,PROD016,WH004,198,0,24,174,0
2025-10-27,PROD017,WH003,91,223,50,264,0
2025-10-27,PROD018,WH003,209,0,29,180,0
2025-10-27,PROD019,WH001,26,0,8,18,0
2025-10-27,PROD020,WH001,45,0,11,34,0
2025-10-28,PROD001,WH001,54,0,7,47,0
2025-10-28,PROD002,WH001,32,0,6,26,0
2025-10-28,PROD003,WH002,62,0,14,48,0
2025-10-28,PROD004,WH002,97,0,16,81,0
2025-10-28,PROD005,WH003,143,0,8,135,0
2025-10-28,PROD006,WH003,41,0,14,27,0
2025-10-28,PROD007,WH003,48,145,20,173,0
2025-10-28,PROD008,WH003,129,0,23,106,0
2025-10-28,PROD009,WH004,284,0,33,251,0
2025-10-28,PROD010,WH001,363,0,47,316,0
2025-10-28,PROD011,WH001,569,0,63,506,0
2025-10-28,PROD012,WH001,195,0,20,175,0
2025-10-28,PROD013,WH004,531,0,79,452,0
2025-10-28,PROD014,WH004,475,0,35,440,0
2025-10-28,PROD015,WH004,148,0,19,129,0
2025-10-28,PROD016,WH004,174,0,22,152,0
2025-10-28,PROD017,WH003,264,0,31,233,0
2025-10-28,PROD018,WH003,180,0,49,131,0
2025-10-28,PROD019,WH001,18,79,9,88,0
2025-10-28,PROD020,WH001,34,68,9,93,0
2025-10-29,PROD001,WH001,47,0,9,38,0
2025-10-29,PROD002,WH001,26,0,5,21,0
2025-10-29,PROD003,WH002,48,0,12,36,0
2025-10-29,PROD004,WH002,81,0,20,61,0
2025-10-29,PROD005,WH003,135,0,24,111,0
2025-10-29,PROD006,WH003,27,56,8,75,0
2025-10-29,PROD007,WH003,173,0,19,154,0
2025-10-29,PROD008,WH003,106,0,11,95,0
2025-10-29,PROD009,WH004,251,0,49,202,0
2025-10-29,PROD010,WH001,316,0,43,273,0
2025-10-29,PROD011,WH001,506,0,104,402,0
2025-10-29,PROD012,WH001,175,0,22,153,0
2025-10-29,PROD013,WH004,452,0,110,342,0
2025-10-29,PROD014,WH004,440,0,58,382,0
2025-10-29,PROD015,WH004,129,0,25,104,0
2025-10-29,PROD016,WH004,152,0,12,140,0
2025-10-29,PROD017,WH003,233,0,46,187,0
2025-10-29,PROD018,WH003,131,0,20,111,0
2025-10-29,PROD019,WH001,88,0,7,81,0
2025-10-29,PROD020,WH001,93,0,10,83,0
2025-10-30,PROD001,WH001,38,0,9,29,0
2025-10-30,PROD002,WH001,21,0,5,16,0
2025-10-30,PROD003,WH002,36,94,21,109,0
2025-10-30,PROD004,WH002,61,0,20,41,0
2025-10-30,PROD005,WH003,111,0,34,77,0
2025-10-30,PROD006,WH003,75,0,8,67,0
2025-10-30,PROD007,WH003,154,0,6,148,0
2025-10-30,PROD008,WH003,95,0,35,60,0
2025-10-30,PROD009,WH004,202,0,42,160,0
2025-10-30,PROD010,WH001,273,0,54,219,0
2025-10-30,PROD011,WH001,402,0,72,330,0
2025-10-30,PROD012,WH001,153,0,16,137,0
2025-10-30,PROD013,WH004,342,0,73,269,0
2025-10-30,PROD014,WH004,382,0,89,293,0
2025-10-30,PROD015,WH004,104,0,19,85,0
2025-10-30,PROD016,WH004,140,0,16,124,0
2025-10-30,PROD017,WH003,187,0,41,146,0
2025-10-30,PROD018,WH003,111,0,37,74,0
2025-10-30,PROD019,WH001,81,0,10,71,0
2025-10-30,PROD020,WH001,83,0,9,74,0
2025-10-31,PROD001,WH001,29,0,8,21,0
2025-10-31,PROD002,WH001,16,40,5,51,0
2025-10-31,PROD003,WH002,109,0,15,94,0
2025-10-31,PROD004,WH002,41,119,16,144,0
2025-10-31,PROD005,WH003,77,0,36,41,0
2025-10-31,PROD006,WH003,67,0,5,62,0
2025-10-31,PROD007,WH003,148,0,250,0,102
2025-10-31,PROD008,WH003,60,193,15,238,0
2025-10-31,PROD009,WH004,160,0,47,113,0
2025-10-31,PROD010,WH001,219,0,16,203,0
2025-10-31,PROD011,WH001,330,0,109,221,0
2025-10-31,PROD012,WH001,137,0,24,113,0
2025-10-31,PROD013,WH004,269,864,111,1022,0
2025-10-31,PROD014,WH004,293,0,56,237,0
2025-10-31,PROD015,WH004,85,151,30,206,0
2025-10-31,PROD016,WH004,124,0,24,100,0
2025-10-31,PROD017,WH003,146,0,48,98,0
2025-10-31,PROD018,WH003,74,237,35,276,0
2025-10-31,PROD019,WH001,71,0,6,65,0
2025-10-31,PROD020,WH001,74,0,8,66,0
2025-11-01,PROD001,WH001,21,65,8,78,0
2025-11-01,PROD002,WH001,51,0,7,44,0
2025-11-01,PROD003,WH002,94,0,14,80,0
2025-11-01,PROD004,WH002,144,0,20,124,0
2025-11-01,PROD005,WH003,41,224,425,0,160
2025-11-01,PROD006,WH003,62,0,8,54,0
2025-11-01,PROD007,WH003,0,143,16,127,0
2025-11-01,PROD008,WH003,238,0,33,205,0
2025-11-01,PROD009,WH004,113,0,39,74,0
2025-11-01,PROD010,WH001,203,0,67,136,0
2025-11-01,PROD011,WH001,221,0,69,152,0
2025-11-01,PROD012,WH001,113,0,18,95,0
2025-11-01,PROD013,WH004,1022,0,63,959,0
2025-11-01,PROD014,WH004,237,696,62,871,0
2025-11-01,PROD015,WH004,206,0,27,179,0
2025-11-01,PROD016,WH004,100,0,17,83,0
2025-11-01,PROD017,WH003,98,207,47,258,0
2025-11-01,PROD018,WH003,276,0,30,246,0
2025-11-01,PROD019,WH001,65,0,9,56,0
2025-11-01,PROD020,WH001,66,0,13,53,0
2025-11-02,PROD001,WH001,78,0,10,68,0
2025-11-02,PROD002,WH001,44,0,8,36,0
2025-11-02,PROD003,WH002,80,0,11,69,0
2025-11-02,PROD004,WH002,124,0,28,96,0
2025-11-02,PROD005,WH003,0,166,24,142,0
2025-11-02,PROD006,WH003,54,0,11,43,0
2025-11-02,PROD007,WH003,127,0,14,113,0
2025-11-02,PROD008,WH003,205,0,32,173,0
2025-11-02,PROD009,WH004,74,249,25,298,0
2025-11-02,PROD010,WH001,136,0,52,84,0
2025-11-02,PROD011,WH001,152,498,45,605,0
2025-11-02,PROD012,WH001,95,0,19,76,0
2025-11-02,PROD013,WH004,959,0,1834,0,875
2025-11-02,PROD014,WH004,871,0,67,804,0
2025-11-02,PROD015,WH004,179,0,27,152,0
2025-11-02,PROD016,WH004,83,0,19,64,0
2025-11-02,PROD017,WH003,258,0,35,223,0
2025-11-02,PROD018,WH003,246,0,28,218,0
2025-11-02,PROD019,WH001,56,0,5,51,0
2025-11-02,PROD020,WH001,53,0,13,40,0
2025-11-03,PROD001,WH001,68,0,8,60,0
2025-11-03,PROD002,WH001,36,0,8,28,0
2025-11-03,PROD003,WH002,69,0,101,0,32
2025-11-03,PROD004,WH002,96,0,15,81,0
2025-11-03,PROD005,WH003,142,0,31,111,0
2025-11-03,PROD006,WH003,43,0,6,37,0
2025-11-03,PROD007,WH003,113,0,19,94,0
2025-11-03,PROD008,WH003,173,0,48,125,0
2025-11-03,PROD009,WH004,298,0,35,263,0
2025-11-03,PROD010,WH001,84,312,51,345,0
2025-11-03,PROD011,WH001,605,0,73,532,0
2025-11-03,PROD012,WH001,76,0,25,51,0
2025-11-03,PROD013,WH004,0,828,106,722,0
2025-11-03,PROD014,WH004,804,0,67,737,0
2025-11-03,PROD015,WH004,152,0,26,126,0
2025-11-03,PROD016,WH004,64,0,18,46,0
2025-11-03,PROD017,WH003,223,0,39,184,0
2025-11-03,PROD018,WH003,218,0,42,176,0
2025-11-03,PROD019,WH001,51,0,6,45,0
2025-11-03,PROD020,WH001,40,0,17,23,0
2025-11-04,PROD001,WH001,60,0,6,54,0
2025-11-04,PROD002,WH001,28,0,41,0,13
2025-11-04,PROD003,WH002,0,120,17,103,0
2025-11-04,PROD004,WH002,81,0,27,54,0
2025-11-04,PROD005,WH003,111,0,19,92,0
2025-11-04,PROD006,WH003,37,0,9,28,0
2025-11-04,PROD007,WH003,94,0,24,70,0
2025-11-04,PROD008,WH003,125,0,23,102,0
2025-11-04,PROD009,WH004,263,0,44,219,0
2025-11-04,PROD010,WH001,345,0,26,319,0
2025-11-04,PROD011,WH001,532,0,68,464,0
2025-11-04,PROD012,WH001,51,240,17,274,0
2025-11-04,PROD013,WH004,722,0,125,597,0
2025-11-04,PROD014,WH004,737,0,71,666,0
2025-11-04,PROD015,WH004,126,0,34,92,0
2025-11-04,PROD016,WH004,46,199,23,222,0
2025-11-04,PROD017,WH003,184,0,72,112,0
2025-11-04,PROD018,WH003,176,0,37,139,0
2025-11-04,PROD019,WH001,45,0,8,37,0
2025-11-04,PROD020,WH001,23,86,9,100,0
2025-11-05,PROD001,WH001,54,0,6,48,0
2025-11-05,PROD002,WH001,0,30,4,26,0
2025-11-05,PROD003,WH002,103,0,16,87,0
2025-11-05,PROD004,WH002,54,101,19,136,0
2025-11-05,PROD005,WH003,92,0,27,65,0
2025-11-05,PROD006,WH003,28,98,7,119,0
2025-11-05,PROD007,WH003,70,0,23,47,0
2025-11-05,PROD008,WH003,102,0,33,69,0
2025-11-05,PROD009,WH004,219,0,36,183,0
2025-11-05,PROD010,WH001,319,0,54,265,0
2025-11-05,PROD011,WH001,464,0,74,390,0
2025-11-05,PROD012,WH001,274,0,22,252,0
2025-11-05,PROD013,WH004,597,0,107,490,0
2025-11-05,PROD014,WH004,666,0,28,638,0
2025-11-05,PROD015,WH004,92,0,45,47,0
2025-11-05,PROD016,WH004,222,0,11,211,0
2025-11-05,PROD017,WH003,112,227,34,305,0
2025-11-05,PROD018,WH003,139,0,27,112,0
2025-11-05,PROD019,WH001,37,0,7,30,0
2025-11-05,PROD020,WH001,100,0,11,89,0
2025-11-06,PROD001,WH001,48,0,7,41,0
2025-11-06,PROD002,WH001,26,0,4,22,0
2025-11-06,PROD003,WH002,87,0,19,68,0
2025-11-06,PROD004,WH002,136,0,19,117,0
2025-11-06,PROD005,WH003,65,181,22,224,0
2025-11-06,PROD006,WH003,119,0,8,111,0
2025-11-06,PROD007,WH003,47,93,34,106,0
2025-11-06,PROD008,WH003,69,250,428,0,109
2025-11-06,PROD009,WH004,183,0,31,152,0
2025-11-06,PROD010,WH001,265,0,28,237,0
2025-11-06,PROD011,WH001,390,0,52,338,0
2025-11-06,PROD012,WH001,252,0,22,230,0
2025-11-06,PROD013,WH004,490,0,90,400,0
2025-11-06,PROD014,WH004,638,0,72,566,0
2025-11-06,PROD015,WH004,47,255,30,272,0
2025-11-06,PROD016,WH004,211,0,25,186,0
2025-11-06,PROD017,WH003,305,0,43,262,0
2025-11-06,PROD018,WH003,112,0,32,80,0
2025-11-06,PROD019,WH001,30,0,6,24,0
2025-11-06,PROD020,WH001,89,0,14,75,0
2025-11-07,PROD001,WH001,41,0,7,34,0
2025-11-07,PROD002,WH001,22,0,5,17,0
2025-11-07,PROD003,WH002,68,0,14,54,0
2025-11-07,PROD004,WH002,117,0,22,95,0
2025-11-07,PROD005,WH003,224,0,28,196,0
2025-11-07,PROD006,WH003,111,0,10,101,0
2025-11-07,PROD007,WH003,106,0,17,89,0
2025-11-07,PROD008,WH003,0,218,34,184,0
2025-11-07,PROD009,WH004,152,0,20,132,0
2025-11-07,PROD010,WH001,237,0,41,196,0
2025-11-07,PROD011,WH001,338,0,66,272,0
2025-11-07,PROD012,WH001,230,0,23,207,0
2025-11-07,PROD013,WH004,400,0,110,290,0
2025-11-07,PROD014,WH004,566,0,86,480,0
2025-11-07,PROD015,WH004,272,0,33,239,0
2025-11-07,PROD016,WH004,186,0,17,169,0
2025-11-07,PROD017,WH003,262,0,37,225,0
2025-11-07,PROD018,WH003,80,329,39,370,0
2025-11-07,PROD019,WH001,24,0,11,13,0
2025-11-07,PROD020,WH001,75,0,16,59,0
2025-11-08,PROD001,WH001,34,0,9,25,0
2025-11-08,PROD002,WH001,17,48,7,58,0
2025-11-08,PROD003,WH002,54,0,10,44,0
2025-11-08,PROD004,WH002,95,0,20,75,0
2025-11-08,PROD005,WH003,196,0,27,169,0
2025-11-08,PROD006,WH003,101,0,14,87,0
2025-11-08,PROD007,WH003,89,0,150,0,61
2025-11-08,PROD008,WH003,184,0,25,159,0
2025-11-08,PROD009,WH004,132,0,191,0,59
2025-11-08,PROD010,WH001,196,0,58,138,0
2025-11-08,PROD011,WH001,272,0,86,186,0
2025-11-08,PROD012,WH001,207,0,13,194,0
2025-11-08,PROD013,WH004,290,564,76,778,0
2025-11-08,PROD014,WH004,480,0,84,396,0
2025-11-08,PROD015,WH004,239,0,45,194,0
2025-11-08,PROD016,WH004,169,0,18,151,0
2025-11-08,PROD017,WH003,225,0,46,179,0
2025-11-08,PROD018,WH003,370,0,43,327,0
2025-11-08,PROD019,WH001,13,63,7,69,0
2025-11-08,PROD020,WH001,59,0,12,47,0
2025-11-09,PROD001,WH001,25,0,7,18,0
2025-11-09,PROD002,WH001,58,0,5,53,0
2025-11-09,PROD003,WH002,44,116,24,136,0
2025-11-09,PROD004,WH002,75,0,18,57,0
2025-11-09,PROD005,WH003,169,0,29,140,0
2025-11-09,PROD006,WH003,87,0,8,79,0
2025-11-09,PROD007,WH003,0,140,24,116,0
2025-11-09,PROD008,WH003,159,0,31,128,0
2025-11-09,PROD009,WH004,0,201,40,161,0
2025-11-09,PROD010,WH001,138,0,61,77,0
2025-11-09,PROD011,WH001,186,660,75,771,0
2025-11-09,PROD012,WH001,194,0,39,155,0
2025-11-09,PROD013,WH004,778,0,85,693,0
2025-11-09,PROD014,WH004,396,0,48,348,0
2025-11-09,PROD015,WH004,194,0,20,174,0
2025-11-09,PROD016,WH004,151,0,24,127,0
2025-11-09,PROD017,WH003,179,0,50,129,0
2025-11-09,PROD018,WH003,327,0,516,0,189
2025-11-09,PROD019,WH001,69,0,7,62,0
2025-11-09,PROD020,WH001,47,0,9,38,0
2025-11-10,PROD001,WH001,18,57,8,67,0
2025-11-10,PROD002,WH001,53,0,5,48,0
2025-11-10,PROD003,WH002,136,0,15,121,0
2025-11-10,PROD004,WH002,57,189,21,225,0
2025-11-10,PROD005,WH003,140,0,18,122,0
2025-11-10,PROD006,WH003,79,0,8,71,0
2025-11-10,PROD007,WH003,116,0,13,103,0
2025-11-10,PROD008,WH003,128,0,27,101,0
2025-11-10,PROD009,WH004,161,0,28,133,0
2025-11-10,PROD010,WH001,77,268,43,302,0
2025-11-10,PROD011,WH001,771,0,89,682,0
2025-11-10,PROD012,WH001,155,0,26,129,0
2025-11-10,PROD013,WH004,693,0,83,610,0
2025-11-10,PROD014,WH004,348,0,112,236,0
2025-11-10,PROD015,WH004,174,0,31,143,0
2025-11-10,PROD016,WH004,127,0,20,107,0
2025-11-10,PROD017,WH003,129,0,34,95,0
2025-11-10,PROD018,WH003,0,196,22,174,0
2025-11-10,PROD019,WH001,62,0,5,57,0
2025-11-10,PROD020,WH001,38,0,10,28,0
2025-11-11,PROD001,WH001,67,0,7,60,0
2025-11-11,PROD002,WH001,48,0,7,41,0
2025-11-11,PROD003,WH002,121,0,17,104,0
2025-11-11,PROD004,WH002,225,0,15,210,0
2025-11-11,PROD005,WH003,122,0,16,106,0
2025-11-11,PROD006,WH003,71,0,9,62,0
2025-11-11,PROD007,WH003,103,0,18,85,0
2025-11-11,PROD008,WH003,101,0,21,80,0
2025-11-11,PROD009,WH004,133,0,40,93,0
2025-11-11,PROD010,WH001,302,0,46,256,0
2025-11-11,PROD011,WH001,682,0,54,628,0
2025-11-11,PROD012,WH001,129,0,43,86,0
2025-11-11,PROD013,WH004,610,0,79,531,0
2025-11-11,PROD014,WH004,236,597,67,766,0
2025-11-11,PROD015,WH004,143,0,32,111,0
2025-11-11,PROD016,WH004,107,0,17,90,0
2025-11-11,PROD017,WH003,95,229,32,292,0
2025-11-11,PROD018,WH003,174,0,55,119,0
2025-11-11,PROD019,WH001,57,0,5,52,0
2025-11-11,PROD020,WH001,28,112,12,128,0
2025-11-12,PROD001,WH001,60,0,12,48,0
2025-11-12,PROD002,WH001,41,0,5,36,0
2025-11-12,PROD003,WH002,104,0,15,89,0
2025-11-12,PROD004,WH002,210,0,20,190,0
2025-11-12,PROD005,WH003,106,0,26,80,0
2025-11-12,PROD006,WH003,62,0,10,52,0
2025-11-12,PROD007,WH003,85,0,22,63,0
2025-11-12,PROD008,WH003,80,186,26,240,0
2025-11-12,PROD009,WH004,93,227,37,283,0
2025-11-12,PROD010,WH001,256,0,38,218,0
2025-11-12,PROD011,WH001,628,0,90,538,0
2025-11-12,PROD012,WH001,86,0,15,71,0
2025-11-12,PROD013,WH004,531,0,116,415,0
2025-11-12,PROD014,WH004,766,0,78,688,0
2025-11-12,PROD015,WH004,111,0,38,73,0
2025-11-12,PROD016,WH004,90,0,19,71,0
2025-11-12,PROD017,WH003,292,0,31,261,0
2025-11-12,PROD018,WH003,119,0,37,82,0
2025-11-12,PROD019,WH001,52,0,8,44,0
2025-11-12,PROD020,WH001,128,0,15,113,0
2025-11-13,PROD001,WH001,48,0,5,43,0
2025-11-13,PROD002,WH001,36,0,3,33,0
2025-11-13,PROD003,WH002,89,0,157,0,68
2025-11-13,PROD004,WH002,190,0,9,181,0
2025-11-13,PROD005,WH003,80,0,17,63,0
2025-11-13,PROD006,WH003,52,0,10,42,0
2025-11-13,PROD007,WH003,63,0,30,33,0
2025-11-13,PROD008,WH003,240,0,37,203,0
2025-11-13,PROD009,WH004,283,0,50,233,0
2025-11-13,PROD010,WH001,218,0,26,192,0
2025-11-13,PROD011,WH001,538,0,49,489,0
2025-11-13,PROD012,WH001,71,144,27,188,0
2025-11-13,PROD013,WH004,415,0,76,339,0
2025-11-13,PROD014,WH004,688,0,48,640,0
2025-11-13,PROD015,WH004,73,206,47,232,0
2025-11-13,PROD016,WH004,71,0,17,54,0
2025-11-13,PROD017,WH003,261,0,50,211,0
2025-11-13,PROD018,WH003,82,271,29,324,0
2025-11-13,PROD019,WH001,44,0,8,36,0
2025-11-13,PROD020,WH001,113,0,15,98,0
2025-11-14,PROD001,WH001,43,0,6,37,0
2025-11-14,PROD002,WH001,33,0,4,29,0
2025-11-14,PROD003,WH002,0,96,17,79,0
2025-11-14,PROD004,WH002,181,0,12,169,0
2025-11-14,PROD005,WH003,63,249,27,285,0
2025-11-14,PROD006,WH003,42,0,8,34,0
2025-11-14,PROD007,WH003,33,157,248,0,58
2025-11-14,PROD008,WH003,203,0,24,179,0
2025-11-14,PROD009,WH004,233,0,30,203,0
2025-11-14,PROD010,WH001,192,0,46,146,0
2025-11-14,PROD011,WH001,489,0,100,389,0
2025-11-14,PROD012,WH001,188,0,22,166,0
2025-11-14,PROD013,WH004,339,0,602,0,263
2025-11-14,PROD014,WH004,640,0,63,577,0
2025-11-14,PROD015,WH004,232,0,31,201,0
2025-11-14,PROD016,WH004,54,143,20,177,0
2025-11-14,PROD017,WH003,211,0,32,179,0
2025-11-14,PROD018,WH003,324,0,44,280,0
2025-11-14,PROD019,WH001,36,0,5,31,0
2025-11-14,PROD020,WH001,98,0,28,70,0
2025-11-15,PROD001,WH001,37,0,7,30,0
2025-11-15,PROD002,WH001,29,0,5,24,0
2025-11-15,PROD003,WH002,79,0,15,64,0
2025-11-15,PROD004,WH002,169,0,20,149,0
2025-11-15,PROD005,WH003,285,0,24,261,0
2025-11-15,PROD006,WH003,34,0,10,24,0
2025-11-15,PROD007,WH003,0,132,18,114,0
2025-11-15,PROD008,WH003,179,0,28,151,0
2025-11-15,PROD009,WH004,203,0,23,180,0
2025-11-15,PROD010,WH001,146,0,60,86,0
2025-11-15,PROD011,WH001,389,0,91,298,0
2025-11-15,PROD012,WH001,166,0,20,146,0
2025-11-15,PROD013,WH004,0,626,63,563,0
2025-11-15,PROD014,WH004,577,0,71,506,0
2025-11-15,PROD015,WH004,201,0,36,165,0
2025-11-15,PROD016,WH004,177,0,16,161,0
2025-11-15,PROD017,WH003,179,0,49,130,0
2025-11-15,PROD018,WH003,280,0,50,230,0
2025-11-15,PROD019,WH001,31,0,6,25,0
2025-11-15,PROD020,WH001,70,0,129,0,59
2025-11-16,PROD001,WH001,30,0,10,20,0
2025-11-16,PROD002,WH001,24,0,4,20,0
2025-11-16,PROD003,WH002,64,0,77,0,13
2025-11-16,PROD004,WH002,149,0,20,129,0
2025-11-16,PROD005,WH003,261,0,20,241,0
2025-11-16,PROD006,WH003,24,63,12,75,0
2025-11-16,PROD007,WH003,114,0,21,93,0
2025-11-16,PROD008,WH003,151,0,32,119,0
2025-11-16,PROD009,WH004,180,0,36,144,0
2025-11-16,PROD010,WH001,86,268,38,316,0
2025-11-16,PROD011,WH001,298,0,86,212,0
2025-11-16,PROD012,WH001,146,0,29,117,0
2025-11-16,PROD013,WH004,563,0,99,464,0
2025-11-16,PROD014,WH004,506,0,94,412,0
2025-11-16,PROD015,WH004,165,0,28,137,0
2025-11-16,PROD016,WH004,161,0,24,137,0
2025-11-16,PROD017,WH003,130,0,45,85,0
2025-11-16,PROD018,WH003,230,0,23,207,0
2025-11-16,PROD019,WH001,25,0,4,21,0
2025-11-16,PROD020,WH001,0,105,8,97,0
2025-11-17,PROD001,WH001,20,78,10,88,0
2025-11-17,PROD002,WH001,20,0,4,16,0
2025-11-17,PROD003,WH002,0,98,40,58,0
2025-11-17,PROD004,WH002,129,0,18,111,0
2025-11-17,PROD005,WH003,241,0,21,220,0
2025-11-17,PROD006,WH003,75,0,10,65,0
2025-11-17,PROD007,WH003,93,0,18,75,0
2025-11-17,PROD008,WH003,119,0,39,80,0
2025-11-17,PROD009,WH004,144,0,30,114,0
2025-11-17,PROD010,WH001,316,0,39,277,0
2025-11-17,PROD011,WH001,212,0,63,149,0
2025-11-17,PROD012,WH001,117,0,15,102,0
2025-11-17,PROD013,WH004,464,0,104,360,0
2025-11-17,PROD014,WH004,412,0,104,308,0
2025-11-17,PROD015,WH004,137,0,28,109,0
2025-11-17,PROD016,WH004,137,0,20,117,0
2025-11-17,PROD017,WH003,85,384,47,422,0
2025-11-17,PROD018,WH003,207,0,32,175,0
2025-11-17,PROD019,WH001,21,48,5,64,0
2025-11-17,PROD020,WH001,97,0,16,81,0
2025-11-18,PROD001,WH001,88,0,9,79,0
2025-11-18,PROD002,WH001,16,50,5,61,0
2025-11-18,PROD003,WH002,58,0,18,40,0
2025-11-18,PROD004,WH002,111,0,14,97,0
2025-11-18,PROD005,WH003,220,0,26,194,0
2025-11-18,PROD006,WH003,65,0,10,55,0
2025-11-18,PROD007,WH003,75,0,24,51,0
2025-11-18,PROD008,WH003,80,167,40,207,0
2025-11-18,PROD009,WH004,114,0,24,90,0
2025-11-18,PROD010,WH001,277,0,66,211,0
2025-11-18,PROD011,WH001,149,529,118,560,0
2025-11-18,PROD012,WH001,102,0,21,81,0
2025-11-18,PROD013,WH004,360,0,115,245,0
2025-11-18,PROD014,WH004,308,0,82,226,0
2025-11-18,PROD015,WH004,109,0,27,82,0
2025-11-18,PROD016,WH004,117,0,21,96,0
2025-11-18,PROD017,WH003,422,0,45,377,0
2025-11-18,PROD018,WH003,175,0,39,136,0
2025-11-18,PROD019,WH001,64,0,8,56,0
2025-11-18,PROD020,WH001,81,0,2,79,0
2025-11-19,PROD001,WH001,79,0,7,72,0
2025-11-19,PROD002,WH001,61,0,8,53,0
2025-11-19,PROD003,WH002,40,95,21,114,0
2025-11-19,PROD004,WH002,97,0,23,74,0
2025-11-19,PROD005,WH003,194,0,24,170,0
2025-11-19,PROD006,WH003,55,0,13,42,0
2025-11-19,PROD007,WH003,51,141,16,176,0
2025-11-19,PROD008,WH003,207,0,37,170,0
2025-11-19,PROD009,WH004,90,290,40,340,0
2025-11-19,PROD010,WH001,211,0,51,160,0
2025-11-19,PROD011,WH001,560,0,55,505,0
2025-11-19,PROD012,WH001,81,0,17,64,0
2025-11-19,PROD013,WH004,245,732,72,905,0
2025-11-19,PROD014,WH004,226,467,86,607,0
2025-11-19,PROD015,WH004,82,246,43,285,0
2025-11-19,PROD016,WH004,96,0,18,78,0
2025-11-19,PROD017,WH003,377,0,41,336,0
2025-11-19,PROD018,WH003,136,0,37,99,0
2025-11-19,PROD019,WH001,56,0,12,44,0
2025-11-19,PROD020,WH001,79,0,12,67,0
2025-11-20,PROD001,WH001,72,0,7,65,0
2025-11-20,PROD002,WH001,53,0,4,49,0
2025-11-20,PROD003,WH002,114,0,14,100,0
2025-11-20,PROD004,WH002,74,0,20,54,0
2025-11-20,PROD005,WH003,170,0,21,149,0
2025-11-20,PROD006,WH003,42,0,11,31,0
2025-11-20,PROD007,WH003,176,0,21,155,0
2025-11-20,PROD008,WH003,170,0,26,144,0
2025-11-20,PROD009,WH004,340,0,36,304,0
2025-11-20,PROD010,WH001,160,0,45,115,0
2025-11-20,PROD011,WH001,505,0,50,455,0
2025-11-20,PROD012,WH001,64,182,24,222,0
2025-11-20,PROD013,WH004,905,0,101,804,0
2025-11-20,PROD014,WH004,607,0,71,536,0
2025-11-20,PROD015,WH004,285,0,25,260,0
2025-11-20,PROD016,WH004,78,0,17,61,0
2025-11-20,PROD017,WH003,336,0,597,0,261
2025-11-20,PROD018,WH003,99,248,44,303,0
2025-11-20,PROD019,WH001,44,0,10,34,0
2025-11-20,PROD020,WH001,67,0,6,61,0
2025-11-21,PROD001,WH001,65,0,11,54,0
2025-11-21,PROD002,WH001,49,0,7,42,0
2025-11-21,PROD003,WH002,100,0,13,87,0
2025-11-21,PROD004,WH002,54,111,19,146,0
2025-11-21,PROD005,WH003,149,0,18,131,0
2025-11-21,PROD006,WH003,31,0,7,24,0
2025-11-21,PROD007,WH003,155,0,17,138,0
2025-11-21,PROD008,WH003,144,0,19,125,0
2025-11-21,PROD009,WH004,304,0,44,260,0
2025-11-21,PROD010,WH001,115,384,37,462,0
2025-11-21,PROD011,WH001,455,0,71,384,0
2025-11-21,PROD012,WH001,222,0,24,198,0
2025-11-21,PROD013,WH004,804,0,95,709,0
2025-11-21,PROD014,WH004,536,0,65,471,0
2025-11-21,PROD015,WH004,260,0,19,241,0
2025-11-21,PROD016,WH004,61,0,13,48,0
2025-11-21,PROD017,WH003,0,295,26,269,0
2025-11-21,PROD018,WH003,303,0,15,288,0
2025-11-21,PROD019,WH001,34,0,6,28,0
2025-11-21,PROD020,WH001,61,0,6,55,0
2025-11-22,PROD001,WH001,54,0,9,45,0
2025-11-22,PROD002,WH001,42,0,8,34,0
2025-11-22,PROD003,WH002,87,0,14,73,0
2025-11-22,PROD004,WH002,146,0,24,122,0
2025-11-22,PROD005,WH003,131,0,31,100,0
2025-11-22,PROD006,WH003,24,89,11,102,0
2025-11-22,PROD007,WH003,138,0,18,120,0
2025-11-22,PROD008,WH003,125,0,40,85,0
2025-11-22,PROD009,WH004,260,0,33,227,0
2025-11-22,PROD010,WH001,462,0,65,397,0
2025-11-22,PROD011,WH001,384,0,55,329,0
2025-11-22,PROD012,WH001,198,0,26,172,0
2025-11-22,PROD013,WH004,709,0,110,599,0
2025-11-22,PROD014,WH004,471,0,80,391,0
2025-11-22,PROD015,WH004,241,0,35,206,0
2025-11-22,PROD016,WH004,48,192,15,225,0
2025-11-22,PROD017,WH003,269,0,31,238,0
2025-11-22,PROD018,WH003,288,0,47,241,0
2025-11-22,PROD019,WH001,28,0,7,21,0
2025-11-22,PROD020,WH001,55,0,17,38,0
2025-11-23,PROD001,WH001,45,0,11,34,0
2025-11-23,PROD002,WH001,34,0,7,27,0
2025-11-23,PROD003,WH002,73,0,15,58,0
2025-11-23,PROD004,WH002,122,0,22,100,0
2025-11-23,PROD005,WH003,100,0,16,84,0
2025-11-23,PROD006,WH003,102,0,7,95,0
2025-11-23,PROD007,WH003,120,0,16,104,0
2025-11-23,PROD008,WH003,85,184,39,230,0
2025-11-23,PROD009,WH004,227,0,21,206,0
2025-11-23,PROD010,WH001,397,0,22,375,0
2025-11-23,PROD011,WH001,329,0,87,242,0
2025-11-23,PROD012,WH001,172,0,18,154,0
2025-11-23,PROD013,WH004,599,0,175,424,0
2025-11-23,PROD014,WH004,391,0,90,301,0
2025-11-23,PROD015,WH004,206,0,16,190,0
2025-11-23,PROD016,WH004,225,0,20,205,0
2025-11-23,PROD017,WH003,238,0,55,183,0
2025-11-23,PROD018,WH003,241,0,24,217,0
2025-11-23,PROD019,WH001,21,74,7,88,0
2025-11-23,PROD020,WH001,38,0,11,27,0
2025-11-24,PROD001,WH001,34,0,6,28,0
2025-11-24,PROD002,WH001,27,0,6,21,0
2025-11-24,PROD003,WH002,58,0,17,41,0
2025-11-24,PROD004,WH002,100,0,19,81,0
2025-11-24,PROD005,WH003,84,0,10,74,0
2025-11-24,PROD006,WH003,95,0,3,92,0
2025-11-24,PROD007,WH003,104,0,15,89,0
2025-11-24,PROD008,WH003,230,0,26,204,0
2025-11-24,PROD009,WH004,206,0,33,173,0
2025-11-24,PROD010,WH001,375,0,53,322,0
2025-11-24,PROD011,WH001,242,0,59,183,0
2025-11-24,PROD012,WH001,154,0,28,126,0
2025-11-24,PROD013,WH004,424,0,90,334,0
2025-11-24,PROD014,WH004,301,0,71,230,0
2025-11-24,PROD015,WH004,190,0,27,163,0
2025-11-24,PROD016,WH004,205,0,369,0,164
2025-11-24,PROD017,WH003,183,0,49,134,0
2025-11-24,PROD018,WH003,217,0,35,182,0
2025-11-24,PROD019,WH001,88,0,6,82,0
2025-11-24,PROD020,WH001,27,119,11,135,0
2025-11-25,PROD001,WH001,28,0,10,18,0
2025-11-25,PROD002,WH001,21,0,7,14,0
2025-11-25,PROD003,WH002,41,99,10,130,0
2025-11-25,PROD004,WH002,81,0,12,69,0
2025-11-25,PROD005,WH003,74,212,24,262,0
2025-11-25,PROD006,WH003,92,0,11,81,0
2025-11-25,PROD007,WH003,89,0,18,71,0
2025-11-25,PROD008,WH003,204,0,22,182,0
2025-11-25,PROD009,WH004,173,0,38,135,0
2025-11-25,PROD010,WH001,322,0,42,280,0
2025-11-25,PROD011,WH001,183,447,73,557,0
2025-11-25,PROD012,WH001,126,0,27,99,0
2025-11-25,PROD013,WH004,334,0,105,229,0
2025-11-25,PROD014,WH004,230,489,90,629,0
2025-11-25,PROD015,WH004,163,0,29,134,0
2025-11-25,PROD016,WH004,0,106,25,81,0
2025-11-25,PROD017,WH003,134,0,43,91,0
2025-11-25,PROD018,WH003,182,0,29,153,0
2025-11-25,PROD019,WH001,82,0,6,76,0
2025-11-25,PROD020,WH001,135,0,8,127,0
2025-11-26,PROD001,WH001,18,68,9,77,0
2025-11-26,PROD002,WH001,14,52,6,60,0
2025-11-26,PROD003,WH002,130,0,18,112,0
2025-11-26,PROD004,WH002,69,0,16,53,0
2025-11-26,PROD005,WH003,262,0,18,244,0
2025-11-26,PROD006,WH003,81,0,9,72,0
2025-11-26,PROD007,WH003,71,0,22,49,0
2025-11-26,PROD008,WH003,182,0,23,159,0
2025-11-26,PROD009,WH004,135,0,45,90,0
2025-11-26,PROD010,WH001,280,0,50,230,0
2025-11-26,PROD011,WH001,557,0,72,485,0
2025-11-26,PROD012,WH001,99,0,19,80,0
2025-11-26,PROD013,WH004,229,997,100,1126,0
2025-11-26,PROD014,WH004,629,0,84,545,0
2025-11-26,PROD015,WH004,134,0,43,91,0
2025-11-26,PROD016,WH004,81,0,19,62,0
2025-11-26,PROD017,WH003,91,224,48,267,0
2025-11-26,PROD018,WH003,153,0,29,124,0
2025-11-26,PROD019,WH001,76,0,8,68,0
2025-11-26,PROD020,WH001,127,0,15,112,0
2025-11-27,PROD001,WH001,77,0,7,70,0
2025-11-27,PROD002,WH001,60,0,7,53,0
2025-11-27,PROD003,WH002,112,0,11,101,0
2025-11-27,PROD004,WH002,53,194,27,220,0
2025-11-27,PROD005,WH003,244,0,26,218,0
2025-11-27,PROD006,WH003,72,0,11,61,0
2025-11-27,PROD007,WH003,49,99,15,133,0
2025-11-27,PROD008,WH003,159,0,17,142,0
2025-11-27,PROD009,WH004,90,307,23,374,0
2025-11-27,PROD010,WH001,230,0,47,183,0
2025-11-27,PROD011,WH001,485,0,57,428,0
2025-11-27,PROD012,WH001,80,0,20,60,0
2025-11-27,PROD013,WH004,1126,0,1425,0,299
2025-11-27,PROD014,WH004,545,0,49,496,0
2025-11-27,PROD015,WH004,91,0,35,56,0
2025-11-27,PROD016,WH004,62,0,25,37,0
2025-11-27,PROD017,WH003,267,0,49,218,0
2025-11-27,PROD018,WH003,124,0,33,91,0
2025-11-27,PROD019,WH001,68,0,5,63,0
2025-11-27,PROD020,WH001,112,0,19,93,0
2025-11-28,PROD001,WH001,70,0,7,63,0
2025-11-28,PROD002,WH001,53,0,9,44,0
2025-11-28,PROD003,WH002,101,0,17,84,0
2025-11-28,PROD004,WH002,220,0,14,206,0
2025-11-28,PROD005,WH003,218,0,29,189,0
2025-11-28,PROD006,WH003,61,0,13,48,0
2025-11-28,PROD007,WH003,133,0,16,117,0
2025-11-28,PROD008,WH003,142,0,33,109,0
2025-11-28,PROD009,WH004,374,0,24,350,0
2025-11-28,PROD010,WH001,183,0,39,144,0
2025-11-28,PROD011,WH001,428,0,92,336,0
2025-11-28,PROD012,WH001,60,221,502,0,221
2025-11-28,PROD013,WH004,0,789,148,641,0
2025-11-28,PROD014,WH004,496,0,114,382,0
2025-11-28,PROD015,WH004,56,195,37,214,0
2025-11-28,PROD016,WH004,37,134,10,161,0
2025-11-28,PROD017,WH003,218,0,49,169,0
2025-11-28,PROD018,WH003,91,310,40,361,0
2025-11-28,PROD019,WH001,63,0,3,60,0
2025-11-28,PROD020,WH001,93,0,16,77,0
2025-11-29,PROD001,WH001,63,0,7,56,0
2025-11-29,PROD002,WH001,44,0,4,40,0
2025-11-29,PROD003,WH002,84,0,18,66,0
2025-11-29,PROD004,WH002,206,0,32,174,0
2025-11-29,PROD005,WH003,189,0,42,147,0
2025-11-29,PROD006,WH003,48,0,14,34,0
2025-11-29,PROD007,WH003,117,0,18,99,0
2025-11-29,PROD008,WH003,109,0,18,91,0
2025-11-29,PROD009,WH004,350,0,29,321,0
2025-11-29,PROD010,WH001,144,0,56,88,0
2025-11-29,PROD011,WH001,336,0,85,251,0
2025-11-29,PROD012,WH001,0,189,29,160,0
2025-11-29,PROD013,WH004,641,0,55,586,0
2025-11-29,PROD014,WH004,382,0,61,321,0
2025-11-29,PROD015,WH004,214,0,46,168,0
2025-11-29,PROD016,WH004,161,0,20,141,0
2025-11-29,PROD017,WH003,169,0,56,113,0
2025-11-29,PROD018,WH003,361,0,28,333,0
2025-11-29,PROD019,WH001,60,0,8,52,0
2025-11-29,PROD020,WH001,77,0,18,59,0
2025-11-30,PROD001,WH001,56,0,6,50,0
2025-11-30,PROD002,WH001,40,0,7,33,0
2025-11-30,PROD003,WH002,66,0,14,52,0
2025-11-30,PROD004,WH002,174,0,24,150,0
2025-11-30,PROD005,WH003,147,0,13,134,0
2025-11-30,PROD006,WH003,34,0,8,26,0
2025-11-30,PROD007,WH003,99,0,16,83,0
2025-11-30,PROD008,WH003,91,0,34,57,0
2025-11-30,PROD009,WH004,321,0,32,289,0
2025-11-30,PROD010,WH001,88,435,61,462,0
2025-11-30,PROD011,WH001,251,0,57,194,0
2025-11-30,PROD012,WH001,160,0,25,135,0
2025-11-30,PROD013,WH004,586,0,121,465,0
2025-11-30,PROD014,WH004,321,0,126,195,0
2025-11-30,PROD015,WH004,168,0,27,141,0
2025-11-30,PROD016,WH004,141,0,20,121,0
2025-11-30,PROD017,WH003,113,326,53,386,0
2025-11-30,PROD018,WH003,333,0,57,276,0
2025-11-30,PROD019,WH001,52,0,5,47,0
2025-11-30,PROD020,WH001,59,0,11,48,0
2025-12-01,PROD001,WH001,50,0,5,45,0
2025-12-01,PROD002,WH001,33,0,6,27,0
2025-12-01,PROD003,WH002,52,0,19,33,0
2025-12-01,PROD004,WH002,150,0,17,133,0
2025-12-01,PROD005,WH003,134,0,23,111,0
2025-12-01,PROD006,WH003,26,51,8,69,0
2025-12-01,PROD007,WH003,83,0,24,59,0
2025-12-01,PROD008,WH003,57,245,21,281,0
2025-12-01,PROD009,WH004,289,0,28,261,0
2025-12-01,PROD010,WH001,462,0,34,428,0
2025-12-01,PROD011,WH001,194,519,69,644,0
2025-12-01,PROD012,WH001,135,0,29,106,0
2025-12-01,PROD013,WH004,465,0,111,354,0
2025-12-01,PROD014,WH004,195,401,74,522,0
2025-12-01,PROD015,WH004,141,0,34,107,0
2025-12-01,PROD016,WH004,121,0,20,101,0
2025-12-01,PROD017,WH003,386,0,45,341,0
2025-12-01,PROD018,WH003,276,0,47,229,0
2025-12-01,PROD019,WH001,47,0,5,42,0
2025-12-01,PROD020,WH001,48,0,9,39,0
2025-12-02,PROD001,WH001,45,0,6,39,0
2025-12-02,PROD002,WH001,27,0,4,23,0
2025-12-02,PROD003,WH002,33,137,18,152,0
2025-12-02,PROD004,WH002,133,0,35,98,0
2025-12-02,PROD005,WH003,111,0,23,88,0
2025-12-02,PROD006,WH003,69,0,12,57,0
2025-12-02,PROD007,WH003,59,0,21,38,0
2025-12-02,PROD008,WH003,281,0,25,256,0
2025-12-02,PROD009,WH004,261,0,22,239,0
2025-12-02,PROD010,WH001,428,0,38,390,0
2025-12-02,PROD011,WH001,644,0,55,589,0
2025-12-02,PROD012,WH001,106,0,19,87,0
2025-12-02,PROD013,WH004,354,0,92,262,0
2025-12-02,PROD014,WH004,522,0,76,446,0
2025-12-02,PROD015,WH004,107,0,34,73,0
2025-12-02,PROD016,WH004,101,0,16,85,0
2025-12-02,PROD017,WH003,341,0,34,307,0
2025-12-02,PROD018,WH003,229,0,37,192,0
2025-12-02,PROD019,WH001,42,0,10,32,0
2025-12-02,PROD020,WH001,39,0,10,29,0
2025-12-03,PROD001,WH001,39,0,5,34,0
2025-12-03,PROD002,WH001,23,0,5,18,0
2025-12-03,PROD003,WH002,152,0,12,140,0
2025-12-03,PROD004,WH002,98,0,31,67,0
2025-12-03,PROD005,WH003,88,0,21,67,0
2025-12-03,PROD006,WH003,57,0,11,46,0
2025-12-03,PROD007,WH003,38,135,20,153,0
2025-12-03,PROD008,WH003,256,0,20,236,0
2025-12-03,PROD009,WH004,239,0,27,212,0
2025-12-03,PROD010,WH001,390,0,48,342,0
2025-12-03,PROD011,WH001,589,0,106,483,0
2025-12-03,PROD012,WH001,87,0,32,55,0
2025-12-03,PROD013,WH004,262,682,110,834,0
2025-12-03,PROD014,WH004,446,0,54,392,0
2025-12-03,PROD015,WH004,73,260,42,291,0
2025-12-03,PROD016,WH004,85,0,22,63,0
2025-12-03,PROD017,WH003,307,0,25,282,0
2025-12-03,PROD018,WH003,192,0,36,156,0
2025-12-03,PROD019,WH001,32,0,6,26,0
2025-12-03,PROD020,WH001,29,111,12,128,0
2025-12-04,PROD001,WH001,34,0,6,28,0
2025-12-04,PROD002,WH001,18,0,4,14,0
2025-12-04,PROD003,WH002,140,0,14,126,0
2025-12-04,PROD004,WH002,67,0,24,43,0
2025-12-04,PROD005,WH003,67,140,25,182,0
2025-12-04,PROD006,WH003,46,0,12,34,0
2025-12-04,PROD007,WH003,153,0,13,140,0
2025-12-04,PROD008,WH003,236,0,27,209,0
2025-12-04,PROD009,WH004,212,0,31,181,0
2025-12-04,PROD010,WH001,342,0,24,318,0
2025-12-04,PROD011,WH001,483,0,120,363,0
2025-12-04,PROD012,WH001,55,130,26,159,0
2025-12-04,PROD013,WH004,834,0,81,753,0
2025-12-04,PROD014,WH004,392,0,62,330,0
2025-12-04,PROD015,WH004,291,0,32,259,0
2025-12-04,PROD016,WH004,63,0,18,45,0
2025-12-04,PROD017,WH003,282,0,39,243,0
2025-12-04,PROD018,WH003,156,0,32,124,0
2025-12-04,PROD019,WH001,26,0,10,16,0
2025-12-04,PROD020,WH001,128,0,15,113,0
2025-12-05,PROD001,WH001,28,0,42,0,14
2025-12-05,PROD002,WH001,14,52,6,60,0
2025-12-05,PROD003,WH002,126,0,14,112,0
2025-12-05,PROD004,WH002,43,170,21,192,0
2025-12-05,PROD005,WH003,182,0,17,165,0
2025-12-05,PROD006,WH003,34,0,7,27,0
2025-12-05,PROD007,WH003,140,0,16,124,0
2025-12-05,PROD008,WH003,209,0,31,178,0
2025-12-05,PROD009,WH004,181,0,33,148,0
2025-12-05,PROD010,WH001,318,0,61,257,0
2025-12-05,PROD011,WH001,363,0,60,303,0
2025-12-05,PROD012,WH001,159,0,48,111,0
2025-12-05,PROD013,WH004,753,0,117,636,0
2025-12-05,PROD014,WH004,330,0,79,251,0
2025-12-05,PROD015,WH004,259,0,32,227,0
2025-12-05,PROD016,WH004,45,105,9,141,0
2025-12-05,PROD017,WH003,243,0,26,217,0
2025-12-05,PROD018,WH003,124,0,30,94,0
2025-12-05,PROD019,WH001,16,53,11,58,0
2025-12-05,PROD020,WH001,113,0,10,103,0
2025-12-06,PROD001,WH001,0,59,10,49,0
2025-12-06,PROD002,WH001,60,0,5,55,0
2025-12-06,PROD003,WH002,112,0,15,97,0
2025-12-06,PROD004,WH002,192,0,20,172,0
2025-12-06,PROD005,WH003,165,0,20,145,0
2025-12-06,PROD006,WH003,27,55,13,69,0
2025-12-06,PROD007,WH003,124,0,23,101,0
2025-12-06,PROD008,WH003,178,0,318,0,140
2025-12-06,PROD009,WH004,148,0,31,117,0
2025-12-06,PROD010,WH001,257,0,39,218,0
2025-12-06,PROD011,WH001,303,0,74,229,0
2025-12-06,PROD012,WH001,111,0,16,95,0
2025-12-06,PROD013,WH004,636,0,111,525,0
2025-12-06,PROD014,WH004,251,0,58,193,0
2025-12-06,PROD015,WH004,227,0,16,211,0
2025-12-06,PROD016,WH004,141,0,209,0,68
2025-12-06,PROD017,WH003,217,0,36,181,0
2025-12-06,PROD018,WH003,94,329,31,392,0
2025-12-06,PROD019,WH001,58,0,6,52,0
2025-12-06,PROD020,WH001,103,0,10,93,0
2025-12-07,PROD001,WH001,49,0,10,39,0
2025-12-07,PROD002,WH001,55,0,5,50,0
2025-12-07,PROD003,WH002,97,0,15,82,0
2025-12-07,PROD004,WH002,172,0,22,150,0
2025-12-07,PROD005,WH003,145,0,26,119,0
2025-12-07,PROD006,WH003,69,0,7,62,0
2025-12-07,PROD007,WH003,101,0,15,86,0
2025-12-07,PROD008,WH003,0,261,26,235,0
2025-12-07,PROD009,WH004,117,0,212,0,95
2025-12-07,PROD010,WH001,218,0,41,177,0
2025-12-07,PROD011,WH001,229,0,88,141,0
2025-12-07,PROD012,WH001,95,0,14,81,0
2025-12-07,PROD013,WH004,525,0,108,417,0
2025-12-07,PROD014,WH004,193,484,96,581,0
2025-12-07,PROD015,WH004,211,0,23,188,0
2025-12-07,PROD016,WH004,0,188,30,158,0
2025-12-07,PROD017,WH003,181,0,22,159,0
2025-12-07,PROD018,WH003,392,0,38,354,0
2025-12-07,PROD019,WH001,52,0,10,42,0
2025-12-07,PROD020,WH001,93,0,12,81,0
2025-12-08,PROD001,WH001,39,0,6,33,0
2025-12-08,PROD002,WH001,50,0,5,45,0
2025-12-08,PROD003,WH002,82,0,21,61,0
2025-12-08,PROD004,WH002,150,0,22,128,0
2025-12-08,PROD005,WH003,119,0,24,95,0
2025-12-08,PROD006,WH003,62,0,8,54,0
2025-12-08,PROD007,WH003,86,0,8,78,0
2025-12-08,PROD008,WH003,235,0,28,207,0
2025-12-08,PROD009,WH004,0,276,31,245,0
2025-12-08,PROD010,WH001,177,0,49,128,0
2025-12-08,PROD011,WH001,141,392,55,478,0
2025-12-08,PROD012,WH001,81,0,24,57,0
2025-12-08,PROD013,WH004,417,0,98,319,0
2025-12-08,PROD014,WH004,581,0,74,507,0
2025-12-08,PROD015,WH004,188,0,23,165,0
2025-12-08,PROD016,WH004,158,0,21,137,0
2025-12-08,PROD017,WH003,159,0,38,121,0
2025-12-08,PROD018,WH003,354,0,40,314,0
2025-12-08,PROD019,WH001,42,0,8,34,0
2025-12-08,PROD020,WH001,81,0,12,69,0
2025-12-09,PROD001,WH001,33,0,9,24,0
2025-12-09,PROD002,WH001,45,0,8,37,0
2025-12-09,PROD003,WH002,61,0,14,47,0
2025-12-09,PROD004,WH002,128,0,20,108,0
2025-12-09,PROD005,WH003,95,0,52,43,0
2025-12-09,PROD006,WH003,54,0,9,45,0
2025-12-09,PROD007,WH003,78,0,15,63,0
2025-12-09,PROD008,WH003,207,0,34,173,0
2025-12-09,PROD009,WH004,245,0,19,226,0
2025-12-09,PROD010,WH001,128,390,1005,0,487
2025-12-09,PROD011,WH001,478,0,60,418,0
2025-12-09,PROD012,WH001,57,221,33,245,0
2025-12-09,PROD013,WH004,319,0,93,226,0
2025-12-09,PROD014,WH004,507,0,70,437,0
2025-12-09,PROD015,WH004,165,0,39,126,0
2025-12-09,PROD016,WH004,137,0,13,124,0
2025-12-09,PROD017,WH003,121,0,72,49,0
2025-12-09,PROD018,WH003,314,0,35,279,0
2025-12-09,PROD019,WH001,34,0,7,27,0
2025-12-09,PROD020,WH001,69,0,12,57,0
2025-12-10,PROD001,WH001,24,0,7,17,0
2025-12-10,PROD002,WH001,37,0,6,31,0
2025-12-10,PROD003,WH002,47,0,19,28,0
2025-12-10,PROD004,WH002,108,0,20,88,0
2025-12-10,PROD005,WH003,43,145,26,162,0
2025-12-10,PROD006,WH003,45,0,11,34,0
2025-12-10,PROD007,WH003,63,0,18,45,0
2025-12-10,PROD008,WH003,173,0,24,149,0
2025-12-10,PROD009,WH004,226,0,42,184,0
2025-12-10,PROD010,WH001,0,366,38,328,0
2025-12-10,PROD011,WH001,418,0,83,335,0
2025-12-10,PROD012,WH001,245,0,29,216,0
2025-12-10,PROD013,WH004,226,700,114,812,0
2025-12-10,PROD014,WH004,437,0,74,363,0
2025-12-10,PROD015,WH004,126,0,41,85,0
2025-12-10,PROD016,WH004,124,0,13,111,0
2025-12-10,PROD017,WH003,49,341,46,344,0
2025-12-10,PROD018,WH003,279,0,37,242,0
2025-12-10,PROD019,WH001,27,0,10,17,0
2025-12-10,PROD020,WH001,57,0,7,50,0
2025-12-11,PROD001,WH001,17,55,7,65,0
2025-12-11,PROD002,WH001,31,0,6,25,0
2025-12-11,PROD003,WH002,28,119,13,134,0
2025-12-11,PROD004,WH002,88,0,19,69,0
2025-12-11,PROD005,WH003,162,0,20,142,0
2025-12-11,PROD006,WH003,34,0,11,23,0
2025-12-11,PROD007,WH003,45,162,11,196,0
2025-12-11,PROD008,WH003,149,0,19,130,0
2025-12-11,PROD009,WH004,184,0,20,164,0
2025-12-11,PROD010,WH001,328,0,35,293,0
2025-12-11,PROD011,WH001,335,0,86,249,0
2025-12-11,PROD012,WH001,216,0,27,189,0
2025-12-11,PROD013,WH004,812,0,1214,0,402
2025-12-11,PROD014,WH004,363,0,86,277,0
2025-12-11,PROD015,WH004,85,172,51,206,0
2025-12-11,PROD016,WH004,111,0,23,88,0
2025-12-11,PROD017,WH003,344,0,21,323,0
2025-12-11,PROD018,WH003,242,0,38,204,0
2025-12-11,PROD019,WH001,17,67,7,77,0
2025-12-11,PROD020,WH001,50,0,24,26,0
2025-12-12,PROD001,WH001,65,0,7,58,0
2025-12-12,PROD002,WH001,25,0,3,22,0
2025-12-12,PROD003,WH002,134,0,14,120,0
2025-12-12,PROD004,WH002,69,0,21,48,0
2025-12-12,PROD005,WH003,142,0,26,116,0
2025-12-12,PROD006,WH003,23,52,6,69,0
2025-12-12,PROD007,WH003,196,0,16,180,0
2025-12-12,PROD008,WH003,130,0,30,100,0
2025-12-12,PROD009,WH004,164,0,44,120,0
2025-12-12,PROD010,WH001,293,0,47,246,0
2025-12-12,PROD011,WH001,249,0,77,172,0
2025-12-12,PROD012,WH001,189,0,25,164,0
2025-12-12,PROD013,WH004,0,705,1293,0,588
2025-12-12,PROD014,WH004,277,0,84,193,0
2025-12-12,PROD015,WH004,206,0,35,171,0
2025-12-12,PROD016,WH004,88,0,19,69,0
2025-12-12,PROD017,WH003,323,0,36,287,0
2025-12-12,PROD018,WH003,204,0,46,158,0
2025-12-12,PROD019,WH001,77,0,8,69,0
2025-12-12,PROD020,WH001,26,97,7,116,0
2025-12-13,PROD001,WH001,58,0,10,48,0
2025-12-13,PROD002,WH001,22,0,6,16,0
2025-12-13,PROD003,WH002,120,0,5,115,0
2025-12-13,PROD004,WH002,48,133,20,161,0
2025-12-13,PROD005,WH003,116,0,42,74,0
2025-12-13,PROD006,WH003,69,0,11,58,0
2025-12-13,PROD007,WH003,180,0,22,158,0
2025-12-13,PROD008,WH003,100,0,39,61,0
2025-12-13,PROD009,WH004,120,0,41,79,0
2025-12-13,PROD010,WH001,246,0,61,185,0
2025-12-13,PROD011,WH001,172,461,50,583,0
2025-12-13,PROD012,WH001,164,0,23,141,0
2025-12-13,PROD013,WH004,0,598,79,519,0
2025-12-13,PROD014,WH004,193,746,73,866,0
2025-12-13,PROD015,WH004,171,0,46,125,0
2025-12-13,PROD016,WH004,69,0,10,59,0
2025-12-13,PROD017,WH003,287,0,41,246,0
2025-12-13,PROD018,WH003,158,0,38,120,0
2025-12-13,PROD019,WH001,69,0,9,60,0
2025-12-13,PROD020,WH001,116,0,11,105,0
2025-12-14,PROD001,WH001,48,0,5,43,0
2025-12-14,PROD002,WH001,16,45,7,54,0
2025-12-14,PROD003,WH002,115,0,8,107,0
2025-12-14,PROD004,WH002,161,0,7,154,0
2025-12-14,PROD005,WH003,74,163,34,203,0
2025-12-14,PROD006,WH003,58,0,8,50,0
2025-12-14,PROD007,WH003,158,0,18,140,0
2025-12-14,PROD008,WH003,61,260,27,294,0
2025-12-14,PROD009,WH004,79,308,46,341,0
2025-12-14,PROD010,WH001,185,0,47,138,0
2025-12-14,PROD011,WH001,583,0,85,498,0
2025-12-14,PROD012,WH001,141,0,29,112,0
2025-12-14,PROD013,WH004,519,0,85,434,0
2025-12-14,PROD014,WH004,866,0,56,810,0
2025-12-14,PROD015,WH004,125,0,38,87,0
2025-12-14,PROD016,WH004,59,138,7,190,0
2025-12-14,PROD017,WH003,246,0,64,182,0
2025-12-14,PROD018,WH003,120,0,40,80,0
2025-12-14,PROD019,WH001,60,0,6,54,0
2025-12-14,PROD020,WH001,105,0,15,90,0
2025-12-15,PROD001,WH001,43,0,7,36,0
2025-12-15,PROD002,WH001,54,0,5,49,0
2025-12-15,PROD003,WH002,107,0,13,94,0
2025-12-15,PROD004,WH002,154,0,15,139,0
2025-12-15,PROD005,WH003,203,0,19,184,0
2025-12-15,PROD006,WH003,50,0,11,39,0
2025-12-15,PROD007,WH003,140,0,25,115,0
2025-12-15,PROD008,WH003,294,0,24,270,0
2025-12-15,PROD009,WH004,341,0,27,314,0
2025-12-15,PROD010,WH001,138,0,52,86,0
2025-12-15,PROD011,WH001,498,0,48,450,0
2025-12-15,PROD012,WH001,112,0,22,90,0
2025-12-15,PROD013,WH004,434,0,62,372,0
2025-12-15,PROD014,WH004,810,0,89,721,0
2025-12-15,PROD015,WH004,87,240,40,287,0
2025-12-15,PROD016,WH004,190,0,21,169,0
2025-12-15,PROD017,WH003,182,0,35,147,0
2025-12-15,PROD018,WH003,80,209,54,235,0
2025-12-15,PROD019,WH001,54,0,8,46,0
2025-12-15,PROD020,WH001,90,0,133,0,43
2025-12-16,PROD001,WH001,36,0,9,27,0
2025-12-16,PROD002,WH001,49,0,4,45,0
2025-12-16,PROD003,WH002,94,0,19,75,0
2025-12-16,PROD004,WH002,139,0,20,119,0
2025-12-16,PROD005,WH003,184,0,26,158,0
2025-12-16,PROD006,WH003,39,0,61,0,22
2025-12-16,PROD007,WH003,115,0,15,100,0
2025-12-16,PROD008,WH003,270,0,22,248,0
2025-12-16,PROD009,WH004,314,0,35,279,0
2025-12-16,PROD010,WH001,86,268,42,312,0
2025-12-16,PROD011,WH001,450,0,142,308,0
2025-12-16,PROD012,WH001,90,0,19,71,0
2025-12-16,PROD013,WH004,372,0,144,228,0
2025-12-16,PROD014,WH004,721,0,68,653,0
2025-12-16,PROD015,WH004,287,0,28,259,0
2025-12-16,PROD016,WH004,169,0,16,153,0
2025-12-16,PROD017,WH003,147,0,23,124,0
2025-12-16,PROD018,WH003,235,0,33,202,0
2025-12-16,PROD019,WH001,46,0,9,37,0
2025-12-16,PROD020,WH001,0,69,101,0,32
2025-12-17,PROD001,WH001,27,0,4,23,0
2025-12-17,PROD002,WH001,45,0,4,41,0
2025-12-17,PROD003,WH002,75,0,17,58,0
2025-12-17,PROD004,WH002,119,0,25,94,0
2025-12-17,PROD005,WH003,158,0,33,125,0
2025-12-17,PROD006,WH003,0,91,9,82,0
2025-12-17,PROD007,WH003,100,0,22,78,0
2025-12-17,PROD008,WH003,248,0,31,217,0
2025-12-17,PROD009,WH004,279,0,24,255,0
2025-12-17,PROD010,WH001,312,0,37,275,0
2025-12-17,PROD011,WH001,308,0,103,205,0
2025-12-17,PROD012,WH001,71,237,23,285,0
2025-12-17,PROD013,WH004,228,529,124,633,0
2025-12-17,PROD014,WH004,653,0,73,580,0
2025-12-17,PROD015,WH004,259,0,35,224,0
2025-12-17,PROD016,WH004,153,0,26,127,0
2025-12-17,PROD017,WH003,124,0,35,89,0
2025-12-17,PROD018,WH003,202,0,42,160,0
2025-12-17,PROD019,WH001,37,0,5,32,0
2025-12-17,PROD020,WH001,0,73,15,58,0
2025-12-18,PROD001,WH001,23,67,4,86,0
2025-12-18,PROD002,WH001,41,0,4,37,0
2025-12-18,PROD003,WH002,58,0,11,47,0
2025-12-18,PROD004,WH002,94,0,28,66,0
2025-12-18,PROD005,WH003,125,0,18,107,0
2025-12-18,PROD006,WH003,82,0,11,71,0
2025-12-18,PROD007,WH003,78,0,15,63,0
2025-12-18,PROD008,WH003,217,0,28,189,0
2025-12-18,PROD009,WH004,255,0,50,205,0
2025-12-18,PROD010,WH001,275,0,36,239,0
2025-12-18,PROD011,WH001,205,450,83,572,0
2025-12-18,PROD012,WH001,285,0,33,252,0
2025-12-18,PROD013,WH004,633,0,93,540,0
2025-12-18,PROD014,WH004,580,0,99,481,0
2025-12-18,PROD015,WH004,224,0,24,200,0
2025-12-18,PROD016,WH004,127,0,27,100,0
2025-12-18,PROD017,WH003,89,396,33,452,0
2025-12-18,PROD018,WH003,160,0,36,124,0
2025-12-18,PROD019,WH001,32,0,7,25,0
2025-12-18,PROD020,WH001,58,0,12,46,0
2025-12-19,PROD001,WH001,86,0,9,77,0
2025-12-19,PROD002,WH001,37,0,7,30,0
2025-12-19,PROD003,WH002,47,0,17,30,0
2025-12-19,PROD004,WH002,66,0,20,46,0
2025-12-19,PROD005,WH003,107,0,17,90,0
2025-12-19,PROD006,WH003,71,0,12,59,0
2025-12-19,PROD007,WH003,63,0,19,44,0
2025-12-19,PROD008,WH003,189,0,28,161,0
2025-12-19,PROD009,WH004,205,0,40,165,0
2025-12-19,PROD010,WH001,239,0,42,197,0
2025-12-19,PROD011,WH001,572,0,73,499,0
2025-12-19,PROD012,WH001,252,0,34,218,0
2025-12-19,PROD013,WH004,540,0,95,445,0
2025-12-19,PROD014,WH004,481,0,86,395,0
2025-12-19,PROD015,WH004,200,0,36,164,0
2025-12-19,PROD016,WH004,100,0,24,76,0
2025-12-19,PROD017,WH003,452,0,36,416,0
2025-12-19,PROD018,WH003,124,0,41,83,0
2025-12-19,PROD019,WH001,25,0,6,19,0
2025-12-19,PROD020,WH001,46,0,10,36,0
2025-12-20,PROD001,WH001,77,0,10,67,0
2025-12-20,PROD002,WH001,30,0,6,24,0
2025-12-20,PROD003,WH002,30,108,12,126,0
2025-12-20,PROD004,WH002,46,195,22,219,0
2025-12-20,PROD005,WH003,90,0,18,72,0
2025-12-20,PROD006,WH003,59,0,4,55,0
2025-12-20,PROD007,WH003,44,121,22,143,0
2025-12-20,PROD008,WH003,161,0,23,138,0
2025-12-20,PROD009,WH004,165,0,24,141,0
2025-12-20,PROD010,WH001,197,0,45,152,0
2025-12-20,PROD011,WH001,499,0,72,427,0
2025-12-20,PROD012,WH001,218,0,323,0,105
2025-12-20,PROD013,WH004,445,0,92,353,0
2025-12-20,PROD014,WH004,395,0,68,327,0
2025-12-20,PROD015,WH004,164,0,20,144,0
2025-12-20,PROD016,WH004,76,0,21,55,0
2025-12-20,PROD017,WH003,416,0,49,367,0
2025-12-20,PROD018,WH003,83,185,36,232,0
2025-12-20,PROD019,WH001,19,47,9,57,0
2025-12-20,PROD020,WH001,36,0,10,26,0
2025-12-21,PROD001,WH001,67,0,10,57,0
2025-12-21,PROD002,WH001,24,0,10,14,0
2025-12-21,PROD003,WH002,126,0,11,115,0
2025-12-21,PROD004,WH002,219,0,13,206,0
2025-12-21,PROD005,WH003,72,149,23,198,0
2025-12-21,PROD006,WH003,55,0,12,43,0
2025-12-21,PROD007,WH003,143,0,24,119,0
2025-12-21,PROD008,WH003,138,0,46,92,0
2025-12-21,PROD009,WH004,141,0,36,105,0
2025-12-21,PROD010,WH001,152,0,61,91,0
2025-12-21,PROD011,WH001,427,0,72,355,0
2025-12-21,PROD012,WH001,0,192,368,0,176
2025-12-21,PROD013,WH004,353,0,95,258,0
2025-12-21,PROD014,WH004,327,0,56,271,0
2025-12-21,PROD015,WH004,144,0,24,120,0
2025-12-21,PROD016,WH004,55,188,11,232,0
2025-12-21,PROD017,WH003,367,0,25,342,0
2025-12-21,PROD018,WH003,232,0,44,188,0
2025-12-21,PROD019,WH001,57,0,6,51,0
2025-12-21,PROD020,WH001,26,95,12,109,0
2025-12-22,PROD001,WH001,57,0,7,50,0
2025-12-22,PROD002,WH001,14,54,7,61,0
2025-12-22,PROD003,WH002,115,0,16,99,0
2025-12-22,PROD004,WH002,206,0,24,182,0
2025-12-22,PROD005,WH003,198,0,245,0,47
2025-12-22,PROD006,WH003,43,0,13,30,0
2025-12-22,PROD007,WH003,119,0,17,102,0
2025-12-22,PROD008,WH003,92,0,28,64,0
2025-12-22,PROD009,WH004,105,0,40,65,0
2025-12-22,PROD010,WH001,91,320,61,350,0
2025-12-22,PROD011,WH001,355,0,54,301,0
2025-12-22,PROD012,WH001,0,224,20,204,0
2025-12-22,PROD013,WH004,258,847,128,977,0
2025-12-22,PROD014,WH004,271,0,64,207,0
2025-12-22,PROD015,WH004,120,0,34,86,0
2025-12-22,PROD016,WH004,232,0,15,217,0
2025-12-22,PROD017,WH003,342,0,36,306,0
2025-12-22,PROD018,WH003,188,0,45,143,0
2025-12-22,PROD019,WH001,51,0,7,44,0
2025-12-22,PROD020,WH001,109,0,9,100,0
2025-12-23,PROD001,WH001,50,0,10,40,0
2025-12-23,PROD002,WH001,61,0,6,55,0
2025-12-23,PROD003,WH002,99,0,22,77,0
2025-12-23,PROD004,WH002,182,0,24,158,0
2025-12-23,PROD005,WH003,0,138,30,108,0
2025-12-23,PROD006,WH003,30,0,9,21,0
2025-12-23,PROD007,WH003,102,0,24,78,0
2025-12-23,PROD008,WH003,64,297,33,328,0
2025-12-23,PROD009,WH004,65,188,27,226,0
2025-12-23,PROD010,WH001,350,0,52,298,0
2025-12-23,PROD011,WH001,301,0,91,210,0
2025-12-23,PROD012,WH001,204,0,20,184,0
2025-12-23,PROD013,WH004,977,0,96,881,0
2025-12-23,PROD014,WH004,207,735,62,880,0
2025-12-23,PROD015,WH004,86,274,34,326,0
2025-12-23,PROD016,WH004,217,0,21,196,0
2025-12-23,PROD017,WH003,306,0,37,269,0
2025-12-23,PROD018,WH003,143,0,42,101,0
2025-12-23,PROD019,WH001,44,0,9,35,0
2025-12-23,PROD020,WH001,100,0,14,86,0
2025-12-24,PROD001,WH001,40,0,4,36,0
2025-12-24,PROD002,WH001,55,0,8,47,0
2025-12-24,PROD003,WH002,77,0,18,59,0
2025-12-24,PROD004,WH002,158,0,22,136,0
2025-12-24,PROD005,WH003,108,0,35,73,0
2025-12-24,PROD006,WH003,21,52,125,0,52
2025-12-24,PROD007,WH003,78,0,27,51,0
2025-12-24,PROD008,WH003,328,0,45,283,0
2025-12-24,PROD009,WH004,226,0,35,191,0
2025-12-24,PROD010,WH001,298,0,67,231,0
2025-12-24,PROD011,WH001,210,0,78,132,0
2025-12-24,PROD012,WH001,184,0,18,166,0
2025-12-24,PROD013,WH004,881,0,105,776,0
2025-12-24,PROD014,WH004,880,0,70,810,0
2025-12-24,PROD015,WH004,326,0,29,297,0
2025-12-24,PROD016,WH004,196,0,28,168,0
2025-12-24,PROD017,WH003,269,0,41,228,0
2025-12-24,PROD018,WH003,101,285,38,348,0
2025-12-24,PROD019,WH001,35,0,8,27,0
2025-12-24,PROD020,WH001,86,0,12,74,0
2025-12-25,PROD001,WH001,36,0,6,30,0
2025-12-25,PROD002,WH001,47,0,6,41,0
2025-12-25,PROD003,WH002,59,0,10,49,0
2025-12-25,PROD004,WH002,136,0,24,112,0
2025-12-25,PROD005,WH003,73,215,35,253,0
2025-12-25,PROD006,WH003,0,76,9,67,0
2025-12-25,PROD007,WH003,51,114,17,148,0
2025-12-25,PROD008,WH003,283,0,33,250,0
2025-12-25,PROD009,WH004,191,0,39,152,0
2025-12-25,PROD010,WH001,231,0,37,194,0
2025-12-25,PROD011,WH001,132,661,76,717,0
2025-12-25,PROD012,WH001,166,0,33,133,0
2025-12-25,PROD013,WH004,776,0,122,654,0
2025-12-25,PROD014,WH004,810,0,75,735,0
2025-12-25,PROD015,WH004,297,0,34,263,0
2025-12-25,PROD016,WH004,168,0,25,143,0
2025-12-25,PROD017,WH003,228,0,38,190,0
2025-12-25,PROD018,WH003,348,0,29,319,0
2025-12-25,PROD019,WH001,27,0,9,18,0
2025-12-25,PROD020,WH001,74,0,13,61,0
2025-12-26,PROD001,WH001,30,0,8,22,0
2025-12-26,PROD002,WH001,41,0,8,33,0
2025-12-26,PROD003,WH002,49,0,10,39,0
2025-12-26,PROD004,WH002,112,0,18,94,0
2025-12-26,PROD005,WH003,253,0,23,230,0
2025-12-26,PROD006,WH003,67,0,7,60,0
2025-12-26,PROD007,WH003,148,0,21,127,0
2025-12-26,PROD008,WH003,250,0,26,224,0
2025-12-26,PROD009,WH004,152,0,40,112,0
2025-12-26,PROD010,WH001,194,0,29,165,0
2025-12-26,PROD011,WH001,717,0,100,617,0
2025-12-26,PROD012,WH001,133,0,28,105,0
2025-12-26,PROD013,WH004,654,0,73,581,0
2025-12-26,PROD014,WH004,735,0,57,678,0
2025-12-26,PROD015,WH004,263,0,30,233,0
2025-12-26,PROD016,WH004,143,0,17,126,0
2025-12-26,PROD017,WH003,190,0,39,151,0
2025-12-26,PROD018,WH003,319,0,36,283,0
2025-12-26,PROD019,WH001,18,64,7,75,0
2025-12-26,PROD020,WH001,61,0,12,49,0
2025-12-27,PROD001,WH001,22,60,9,73,0
2025-12-27,PROD002,WH001,33,0,5,28,0
2025-12-27,PROD003,WH002,39,131,12,158,0
2025-12-27,PROD004,WH002,94,0,22,72,0
2025-12-27,PROD005,WH003,230,0,24,206,0
2025-12-27,PROD006,WH003,60,0,13,47,0
2025-12-27,PROD007,WH003,127,0,16,111,0
2025-12-27,PROD008,WH003,224,0,19,205,0
2025-12-27,PROD009,WH004,112,0,49,63,0
2025-12-27,PROD010,WH001,165,0,19,146,0
2025-12-27,PROD011,WH001,617,0,81,536,0
2025-12-27,PROD012,WH001,105,0,25,80,0
2025-12-27,PROD013,WH004,581,0,107,474,0
2025-12-27,PROD014,WH004,678,0,77,601,0
2025-12-27,PROD015,WH004,233,0,48,185,0
2025-12-27,PROD016,WH004,126,0,15,111,0
2025-12-27,PROD017,WH003,151,0,70,81,0
2025-12-27,PROD018,WH003,283,0,44,239,0
2025-12-27,PROD019,WH001,75,0,7,68,0
2025-12-27,PROD020,WH001,49,0,10,39,0
2025-12-28,PROD001,WH001,73,0,8,65,0
2025-12-28,PROD002,WH001,28,0,2,26,0
2025-12-28,PROD003,WH002,158,0,13,145,0
2025-12-28,PROD004,WH002,72,0,19,53,0
2025-12-28,PROD005,WH003,206,0,10,196,0
2025-12-28,PROD006,WH003,47,0,14,33,0
2025-12-28,PROD007,WH003,111,0,17,94,0
2025-12-28,PROD008,WH003,205,0,41,164,0
2025-12-28,PROD009,WH004,63,233,35,261,0
2025-12-28,PROD010,WH001,146,0,44,102,0
2025-12-28,PROD011,WH001,536,0,55,481,0
2025-12-28,PROD012,WH001,80,0,20,60,0
2025-12-28,PROD013,WH004,474,0,129,345,0
2025-12-28,PROD014,WH004,601,0,89,512,0
2025-12-28,PROD015,WH004,185,0,36,149,0
2025-12-28,PROD016,WH004,111,0,15,96,0
2025-12-28,PROD017,WH003,81,241,47,275,0
2025-12-28,PROD018,WH003,239,0,38,201,0
2025-12-28,PROD019,WH001,68,0,8,60,0
2025-12-28,PROD020,WH001,39,0,24,15,0
2025-12-29,PROD001,WH001,65,0,7,58,0
2025-12-29,PROD002,WH001,26,0,7,19,0
2025-12-29,PROD003,WH002,145,0,8,137,0
2025-12-29,PROD004,WH002,53,114,8,159,0
2025-12-29,PROD005,WH003,196,0,30,166,0
2025-12-29,PROD006,WH003,33,0,12,21,0
2025-12-29,PROD007,WH003,94,0,15,79,0
2025-12-29,PROD008,WH003,164,0,31,133,0
2025-12-29,PROD009,WH004,261,0,36,225,0
2025-12-29,PROD010,WH001,102,347,55,394,0
2025-12-29,PROD011,WH001,481,0,92,389,0
2025-12-29,PROD012,WH001,60,129,23,166,0
2025-12-29,PROD013,WH004,345,0,146,199,0
2025-12-29,PROD014,WH004,512,0,72,440,0
2025-12-29,PROD015,WH004,149,0,35,114,0
2025-12-29,PROD016,WH004,96,0,14,82,0
2025-12-29,PROD017,WH003,275,0,42,233,0
2025-12-29,PROD018,WH003,201,0,8,193,0
2025-12-29,PROD019,WH001,60,0,8,52,0
2025-12-29,PROD020,WH001,15,104,16,103,0
2025-12-30,PROD001,WH001,58,0,8,50,0
2025-12-30,PROD002,WH001,19,0,7,12,0
2025-12-30,PROD003,WH002,137,0,13,124,0
2025-12-30,PROD004,WH002,159,0,16,143,0
2025-12-30,PROD005,WH003,166,0,27,139,0
2025-12-30,PROD006,WH003,21,50,11,60,0
2025-12-30,PROD007,WH003,79,0,27,52,0
2025-12-30,PROD008,WH003,133,0,31,102,0
2025-12-30,PROD009,WH004,225,0,49,176,0
2025-12-30,PROD010,WH001,394,0,42,352,0
2025-12-30,PROD011,WH001,389,0,105,284,0
2025-12-30,PROD012,WH001,166,0,19,147,0
2025-12-30,PROD013,WH004,199,709,105,803,0
2025-12-30,PROD014,WH004,440,0,96,344,0
2025-12-30,PROD015,WH004,114,0,9,105,0
2025-12-30,PROD016,WH004,82,0,14,68,0
2025-12-30,PROD017,WH003,233,0,45,188,0
2025-12-30,PROD018,WH003,193,0,35,158,0
2025-12-30,PROD019,WH001,52,0,10,42,0
2025-12-30,PROD020,WH001,103,0,9,94,0
2025-12-31,PROD001,WH001,50,0,7,43,0
2025-12-31,PROD002,WH001,12,51,109,0,46
2025-12-31,PROD003,WH002,124,0,14,110,0
2025-12-31,PROD004,WH002,143,0,26,117,0
2025-12-31,PROD005,WH003,139,0,29,110,0
2025-12-31,PROD006,WH003,60,0,8,52,0
2025-12-31,PROD007,WH003,52,169,13,208,0
2025-12-31,PROD008,WH003,102,0,178,0,76
2025-12-31,PROD009,WH004,176,0,47,129,0
2025-12-31,PROD010,WH001,352,0,39,313,0
2025-12-31,PROD011,WH001,284,0,72,212,0
2025-12-31,PROD012,WH001,147,0,43,104,0
2025-12-31,PROD013,WH004,803,0,145,658,0
2025-12-31,PROD014,WH004,344,0,77,267,0
2025-12-31,PROD015,WH004,105,0,22,83,0
2025-12-31,PROD016,WH004,68,0,8,60,0
2025-12-31,PROD017,WH003,188,0,31,157,0
2025-12-31,PROD018,WH003,158,0,58,100,0
2025-12-31,PROD019,WH001,42,0,8,34,0
2025-12-31,PROD020,WH001,94,0,10,84,0
