order_id,order_date,product_id,warehouse_id,quantity_ordered,quantity_fulfilled,unit_price
ORD000001,2025-01-01,PROD001,WH001,12,12,241036.18
ORD000002,2025-01-01,PROD002,WH001,6,6,400443.48
ORD000003,2025-01-01,PROD003,WH002,7,7,124491.17
ORD000004,2025-01-01,PROD004,WH002,23,23,57236.03
ORD000005,2025-01-01,PROD005,WH003,15,15,39006.46
ORD000006,2025-01-01,PROD006,WH003,13,13,161947.33
ORD000007,2025-01-01,PROD007,WH003,16,16,48295.04
ORD000008,2025-01-01,PROD008,WH003,279,202,24545.03
ORD000009,2025-01-01,PROD009,WH004,41,41,16674.69
ORD000010,2025-01-01,PROD010,WH001,32,32,12038.04
ORD000011,2025-01-01,PROD011,WH001,79,79,5121.41
ORD000012,2025-01-01,PROD012,WH001,20,20,30519.65
ORD000013,2025-01-01,PROD013,WH004,95,95,2560.76
ORD000014,2025-01-01,PROD014,WH004,104,104,3517.43
ORD000015,2025-01-01,PROD015,WH004,34,34,20886.51
ORD000016,2025-01-01,PROD016,WH004,20,20,34468.47
ORD000017,2025-01-01,PROD017,WH003,40,40,13306.7
ORD000018,2025-01-01,PROD018,WH003,383,249,37037.96
ORD000019,2025-01-01,PROD019,WH001,6,6,188228.61
ORD000020,2025-01-01,PROD020,WH001,9,9,98795.42
ORD000021,2025-01-02,PROD001,WH001,9,9,242527.76
ORD000022,2025-01-02,PROD002,WH001,6,6,411263.52
ORD000023,2025-01-02,PROD003,WH002,14,14,122286.97
ORD000024,2025-01-02,PROD004,WH002,16,16,59421.59
ORD000025,2025-01-02,PROD005,WH003,12,12,40224.01
ORD000026,2025-01-02,PROD006,WH003,12,12,164581.07
ORD000027,2025-01-02,PROD007,WH003,15,15,49259.12
ORD000028,2025-01-02,PROD008,WH003,32,32,24395.95
ORD000029,2025-01-02,PROD009,WH004,28,28,17295.38
ORD000030,2025-01-02,PROD010,WH001,49,49,11902.56
ORD000031,2025-01-02,PROD011,WH001,98,98,5058.62
ORD000032,2025-01-02,PROD012,WH001,30,30,30775.31
ORD000033,2025-01-02,PROD013,WH004,62,62,2502.66
ORD000034,2025-01-02,PROD014,WH004,75,75,3399.75
ORD000035,2025-01-02,PROD015,WH004,35,35,20406.35
ORD000036,2025-01-02,PROD016,WH004,27,27,33654.34
ORD000037,2025-01-02,PROD017,WH003,31,31,13728.14
ORD000038,2025-01-02,PROD018,WH003,30,30,37517.24
ORD000039,2025-01-02,PROD019,WH001,7,7,188112.94
ORD000040,2025-01-02,PROD020,WH001,10,10,101706.76
ORD000041,2025-01-03,PROD001,WH001,9,9,234473.12
ORD000042,2025-01-03,PROD002,WH001,4,4,418531.6
ORD000043,2025-01-03,PROD003,WH002,21,21,123243.44
ORD000044,2025-01-03,PROD004,WH002,21,21,56438.26
ORD000045,2025-01-03,PROD005,WH003,9,9,39081.62
ORD000046,2025-01-03,PROD006,WH003,13,13,169480.29
ORD000047,2025-01-03,PROD007,WH003,21,21,47859.81
ORD000048,2025-01-03,PROD008,WH003,25,25,24634.66
ORD000049,2025-01-03,PROD009,WH004,31,31,17021.7
ORD000050,2025-01-03,PROD010,WH001,49,49,12131.29
ORD000051,2025-01-03,PROD011,WH001,82,82,4945.64
ORD000052,2025-01-03,PROD012,WH001,19,19,30405.49
ORD000053,2025-01-03,PROD013,WH004,110,110,2462.84
ORD000054,2025-01-03,PROD014,WH004,30,30,3418.59
ORD000055,2025-01-03,PROD015,WH004,44,44,21062.63
ORD000056,2025-01-03,PROD016,WH004,21,21,33288.28
ORD000057,2025-01-03,PROD017,WH003,40,40,13856.79
ORD000058,2025-01-03,PROD018,WH003,39,39,36861.02
ORD000059,2025-01-03,PROD019,WH001,8,8,192914.94
ORD000060,2025-01-03,PROD020,WH001,12,12,98676.84
ORD000061,2025-01-04,PROD001,WH001,9,9,244983.65
ORD000062,2025-01-04,PROD002,WH001,7,7,399179.71
ORD000063,2025-01-04,PROD003,WH002,11,11,128397.5
ORD000064,2025-01-04,PROD004,WH002,14,14,56612.85
ORD000065,2025-01-04,PROD005,WH003,24,24,40690.92
ORD000066,2025-01-04,PROD006,WH003,9,9,165171.69
ORD000067,2025-01-04,PROD007,WH003,19,19,47799.54
ORD000068,2025-01-04,PROD008,WH003,15,15,24670.23
ORD000069,2025-01-04,PROD009,WH004,34,34,17348.2
ORD000070,2025-01-04,PROD010,WH001,49,49,11783.82
ORD000071,2025-01-04,PROD011,WH001,84,84,5066.37
ORD000072,2025-01-04,PROD012,WH001,27,27,29902.42
ORD000073,2025-01-04,PROD013,WH004,99,99,2574.77
ORD000074,2025-01-04,PROD014,WH004,83,83,3523.39
ORD000075,2025-01-04,PROD015,WH004,45,45,20501.28
ORD000076,2025-01-04,PROD016,WH004,27,27,33835.82
ORD000077,2025-01-04,PROD017,WH003,38,38,13148.7
ORD000078,2025-01-04,PROD018,WH003,19,19,37511.29
ORD000079,2025-01-04,PROD019,WH001,9,9,188213.81
ORD000080,2025-01-04,PROD020,WH001,8,8,102119.06
ORD000081,2025-01-05,PROD001,WH001,8,8,244867.02
ORD000082,2025-01-05,PROD002,WH001,8,8,397984.31
ORD000083,2025-01-05,PROD003,WH002,10,10,125242.09
ORD000084,2025-01-05,PROD004,WH002,22,22,57037.93
ORD000085,2025-01-05,PROD005,WH003,25,25,39568.22
ORD000086,2025-01-05,PROD006,WH003,8,8,160264.35
ORD000087,2025-01-05,PROD007,WH003,24,24,48719.27
ORD000088,2025-01-05,PROD008,WH003,34,34,25675.88
ORD000089,2025-01-05,PROD009,WH004,45,45,16713.65
ORD000090,2025-01-05,PROD010,WH001,43,43,11886.08
ORD000091,2025-01-05,PROD011,WH001,68,68,4911.93
ORD000092,2025-01-05,PROD012,WH001,21,21,30774.09
ORD000093,2025-01-05,PROD013,WH004,96,96,2426.4
ORD000094,2025-01-05,PROD014,WH004,64,64,3517.61
ORD000095,2025-01-05,PROD015,WH004,27,27,21467.16
ORD000096,2025-01-05,PROD016,WH004,18,18,33360.07
ORD000097,2025-01-05,PROD017,WH003,32,32,13572.9
ORD000098,2025-01-05,PROD018,WH003,51,51,36975.48
ORD000099,2025-01-05,PROD019,WH001,7,7,193586.27
ORD000100,2025-01-05,PROD020,WH001,9,9,98646.57
ORD000101,2025-01-06,PROD001,WH001,9,9,247038.05
ORD000102,2025-01-06,PROD002,WH001,6,6,420381.44
ORD000103,2025-01-06,PROD003,WH002,15,15,126743.87
ORD000104,2025-01-06,PROD004,WH002,23,23,57989.01
ORD000105,2025-01-06,PROD005,WH003,32,32,40639.81
ORD000106,2025-01-06,PROD006,WH003,11,11,161343.03
ORD000107,2025-01-06,PROD007,WH003,20,20,47453.37
ORD000108,2025-01-06,PROD008,WH003,38,38,24290.34
ORD000109,2025-01-06,PROD009,WH004,45,45,17147.93
ORD000110,2025-01-06,PROD010,WH001,30,30,12219.99
ORD000111,2025-01-06,PROD011,WH001,50,50,5133.89
ORD000112,2025-01-06,PROD012,WH001,33,33,30335.71
ORD000113,2025-01-06,PROD013,WH004,97,97,2534.81
ORD000114,2025-01-06,PROD014,WH004,69,69,3583.05
ORD000115,2025-01-06,PROD015,WH004,42,42,21549.84
ORD000116,2025-01-06,PROD016,WH004,22,22,33982.25
ORD000117,2025-01-06,PROD017,WH003,24,24,13183.93
ORD000118,2025-01-06,PROD018,WH003,38,38,37923.43
ORD000119,2025-01-06,PROD019,WH001,3,3,190639.24
ORD000120,2025-01-06,PROD020,WH001,11,11,100789.27
ORD000121,2025-01-07,PROD001,WH001,7,7,247045.7
ORD000122,2025-01-07,PROD002,WH001,7,7,420272.06
ORD000123,2025-01-07,PROD003,WH002,19,19,124222.73
ORD000124,2025-01-07,PROD004,WH002,30,30,56654.82
ORD000125,2025-01-07,PROD005,WH003,27,27,39315.5
ORD000126,2025-01-07,PROD006,WH003,14,14,161770.62
ORD000127,2025-01-07,PROD007,WH003,16,16,47585.32
ORD000128,2025-01-07,PROD008,WH003,38,38,25564.73
ORD000129,2025-01-07,PROD009,WH004,38,38,16936.73
ORD000130,2025-01-07,PROD010,WH001,28,28,12048.44
ORD000131,2025-01-07,PROD011,WH001,39,39,4903.75
ORD000132,2025-01-07,PROD012,WH001,31,31,29987.13
ORD000133,2025-01-07,PROD013,WH004,80,80,2556.04
ORD000134,2025-01-07,PROD014,WH004,56,56,3557.43
ORD000135,2025-01-07,PROD015,WH004,36,36,20472.3
ORD000136,2025-01-07,PROD016,WH004,23,23,34738.63
ORD000137,2025-01-07,PROD017,WH003,34,34,13316.8
ORD000138,2025-01-07,PROD018,WH003,13,13,38377.83
ORD000139,2025-01-07,PROD019,WH001,8,8,185968.77
ORD000140,2025-01-07,PROD020,WH001,13,13,101047.87
ORD000141,2025-01-08,PROD001,WH001,9,9,233314.1
ORD000142,2025-01-08,PROD002,WH001,4,4,412475.86
ORD000143,2025-01-08,PROD003,WH002,20,20,126094.55
ORD000144,2025-01-08,PROD004,WH002,16,16,57110.85
ORD000145,2025-01-08,PROD005,WH003,18,18,41048.74
ORD000146,2025-01-08,PROD006,WH003,8,8,160505.13
ORD000147,2025-01-08,PROD007,WH003,12,12,49128.12
ORD000148,2025-01-08,PROD008,WH003,24,24,24822.85
ORD000149,2025-01-08,PROD009,WH004,21,21,17218.19
ORD000150,2025-01-08,PROD010,WH001,52,52,12109.11
ORD000151,2025-01-08,PROD011,WH001,83,83,4900.47
ORD000152,2025-01-08,PROD012,WH001,25,25,29674.2
ORD000153,2025-01-08,PROD013,WH004,134,134,2504.45
ORD000154,2025-01-08,PROD014,WH004,71,71,3572.77
ORD000155,2025-01-08,PROD015,WH004,38,38,21573.12
ORD000156,2025-01-08,PROD016,WH004,27,27,33022.0
ORD000157,2025-01-08,PROD017,WH003,43,43,13380.57
ORD000158,2025-01-08,PROD018,WH003,51,51,38383.37
ORD000159,2025-01-08,PROD019,WH001,6,6,190316.12
ORD000160,2025-01-08,PROD020,WH001,16,16,102658.13
ORD000161,2025-01-09,PROD001,WH001,8,8,233044.36
ORD000162,2025-01-09,PROD002,WH001,5,5,408468.39
ORD000163,2025-01-09,PROD003,WH002,1,1,126266.03
ORD000164,2025-01-09,PROD004,WH002,18,18,57017.19
ORD000165,2025-01-09,PROD005,WH003,21,21,40542.09
ORD000166,2025-01-09,PROD006,WH003,16,16,160854.16
ORD000167,2025-01-09,PROD007,WH003,19,19,47858.99
ORD000168,2025-01-09,PROD008,WH003,36,36,25264.35
ORD000169,2025-01-09,PROD009,WH004,37,37,16762.09
ORD000170,2025-01-09,PROD010,WH001,39,39,11693.17
ORD000171,2025-01-09,PROD011,WH001,103,103,5137.11
ORD000172,2025-01-09,PROD012,WH001,26,26,30744.88
ORD000173,2025-01-09,PROD013,WH004,61,61,2563.96
ORD000174,2025-01-09,PROD014,WH004,104,104,3600.49
ORD000175,2025-01-09,PROD015,WH004,16,16,20602.72
ORD000176,2025-01-09,PROD016,WH004,27,27,33301.86
ORD000177,2025-01-09,PROD017,WH003,40,40,13122.71
ORD000178,2025-01-09,PROD018,WH003,44,44,38893.36
ORD000179,2025-01-09,PROD019,WH001,7,7,192881.5
ORD000180,2025-01-09,PROD020,WH001,8,8,100799.57
ORD000181,2025-01-10,PROD001,WH001,5,5,246158.54
ORD000182,2025-01-10,PROD002,WH001,4,4,411846.88
ORD000183,2025-01-10,PROD003,WH002,19,19,122222.98
ORD000184,2025-01-10,PROD004,WH002,14,14,56875.49
ORD000185,2025-01-10,PROD005,WH003,25,25,39117.24
ORD000186,2025-01-10,PROD006,WH003,10,10,163095.81
ORD000187,2025-01-10,PROD007,WH003,16,16,47652.95
ORD000188,2025-01-10,PROD008,WH003,30,30,25445.26
ORD000189,2025-01-10,PROD009,WH004,31,31,16685.08
ORD000190,2025-01-10,PROD010,WH001,55,55,12162.26
ORD000191,2025-01-10,PROD011,WH001,90,90,4997.37
ORD000192,2025-01-10,PROD012,WH001,26,26,30899.39
ORD000193,2025-01-10,PROD013,WH004,45,45,2541.49
ORD000194,2025-01-10,PROD014,WH004,72,72,3598.48
ORD000195,2025-01-10,PROD015,WH004,45,45,20801.36
ORD000196,2025-01-10,PROD016,WH004,26,26,33231.02
ORD000197,2025-01-10,PROD017,WH003,39,39,13504.78
ORD000198,2025-01-10,PROD018,WH003,30,30,37143.27
ORD000199,2025-01-10,PROD019,WH001,7,7,189913.95
ORD000200,2025-01-10,PROD020,WH001,5,5,98619.65
ORD000201,2025-01-11,PROD001,WH001,13,13,239871.08
ORD000202,2025-01-11,PROD002,WH001,6,6,421061.05
ORD000203,2025-01-11,PROD003,WH002,17,17,123417.76
ORD000204,2025-01-11,PROD004,WH002,24,24,59717.15
ORD000205,2025-01-11,PROD005,WH003,29,29,39350.39
ORD000206,2025-01-11,PROD006,WH003,7,7,162110.27
ORD000207,2025-01-11,PROD007,WH003,21,21,48128.99
ORD000208,2025-01-11,PROD008,WH003,30,30,25513.07
ORD000209,2025-01-11,PROD009,WH004,52,52,17254.49
ORD000210,2025-01-11,PROD010,WH001,67,67,12160.95
ORD000211,2025-01-11,PROD011,WH001,111,111,4934.79
ORD000212,2025-01-11,PROD012,WH001,21,21,29140.53
ORD000213,2025-01-11,PROD013,WH004,87,87,2449.26
ORD000214,2025-01-11,PROD014,WH004,82,82,3468.39
ORD000215,2025-01-11,PROD015,WH004,33,33,21594.32
ORD000216,2025-01-11,PROD016,WH004,23,23,34856.35
ORD000217,2025-01-11,PROD017,WH003,47,47,13257.52
ORD000218,2025-01-11,PROD018,WH003,37,37,38514.42
ORD000219,2025-01-11,PROD019,WH001,9,9,190900.79
ORD000220,2025-01-11,PROD020,WH001,12,12,97299.06
ORD000221,2025-01-12,PROD001,WH001,5,5,238152.56
ORD000222,2025-01-12,PROD002,WH001,3,3,409657.41
ORD000223,2025-01-12,PROD003,WH002,7,7,126256.81
ORD000224,2025-01-12,PROD004,WH002,16,16,57286.27
ORD000225,2025-01-12,PROD005,WH003,35,35,41041.16
ORD000226,2025-01-12,PROD006,WH003,9,9,164523.6
ORD000227,2025-01-12,PROD007,WH003,15,15,47275.77
ORD000228,2025-01-12,PROD008,WH003,32,32,24724.64
ORD000229,2025-01-12,PROD009,WH004,15,15,17256.92
ORD000230,2025-01-12,PROD010,WH001,52,52,12101.01
ORD000231,2025-01-12,PROD011,WH001,141,141,5072.65
ORD000232,2025-01-12,PROD012,WH001,22,22,29626.22
ORD000233,2025-01-12,PROD013,WH004,129,129,2474.03
ORD000234,2025-01-12,PROD014,WH004,87,87,3478.31
ORD000235,2025-01-12,PROD015,WH004,36,36,20607.63
ORD000236,2025-01-12,PROD016,WH004,12,12,34389.73
ORD000237,2025-01-12,PROD017,WH003,31,31,13361.77
ORD000238,2025-01-12,PROD018,WH003,36,36,37603.82
ORD000239,2025-01-12,PROD019,WH001,6,6,187370.76
ORD000240,2025-01-12,PROD020,WH001,11,11,99716.97
ORD000241,2025-01-13,PROD001,WH001,7,7,243916.46
ORD000242,2025-01-13,PROD002,WH001,5,5,418255.97
ORD000243,2025-01-13,PROD003,WH002,11,11,127283.81
ORD000244,2025-01-13,PROD004,WH002,16,16,58421.75
ORD000245,2025-01-13,PROD005,WH003,27,27,39473.03
ORD000246,2025-01-13,PROD006,WH003,13,13,167325.07
ORD000247,2025-01-13,PROD007,WH003,10,10,46673.36
ORD000248,2025-01-13,PROD008,WH003,13,13,25447.23
ORD000249,2025-01-13,PROD009,WH004,36,36,17285.83
ORD000250,2025-01-13,PROD010,WH001,48,48,12122.4
ORD000251,2025-01-13,PROD011,WH001,58,58,4879.38
ORD000252,2025-01-13,PROD012,WH001,20,20,30895.21
ORD000253,2025-01-13,PROD013,WH004,66,66,2538.46
ORD000254,2025-01-13,PROD014,WH004,82,82,3549.31
ORD000255,2025-01-13,PROD015,WH004,25,25,20450.65
ORD000256,2025-01-13,PROD016,WH004,25,25,33793.36
ORD000257,2025-01-13,PROD017,WH003,23,23,13164.8
ORD000258,2025-01-13,PROD018,WH003,41,41,37683.16
ORD000259,2025-01-13,PROD019,WH001,7,7,190803.54
ORD000260,2025-01-13,PROD020,WH001,12,12,102273.23
ORD000261,2025-01-14,PROD001,WH001,8,8,236874.3
ORD000262,2025-01-14,PROD002,WH001,7,7,413036.0
ORD000263,2025-01-14,PROD003,WH002,19,19,122484.89
ORD000264,2025-01-14,PROD004,WH002,9,9,57491.79
ORD000265,2025-01-14,PROD005,WH003,30,30,41073.37
ORD000266,2025-01-14,PROD006,WH003,5,5,167451.65
ORD000267,2025-01-14,PROD007,WH003,18,18,48131.92
ORD000268,2025-01-14,PROD008,WH003,30,30,24627.55
ORD000269,2025-01-14,PROD009,WH004,20,20,16877.3
ORD000270,2025-01-14,PROD010,WH001,34,34,11752.82
ORD000271,2025-01-14,PROD011,WH001,75,75,4956.04
ORD000272,2025-01-14,PROD012,WH001,30,30,29371.14
ORD000273,2025-01-14,PROD013,WH004,132,132,2544.3
ORD000274,2025-01-14,PROD014,WH004,101,101,3411.96
ORD000275,2025-01-14,PROD015,WH004,27,27,20608.65
ORD000276,2025-01-14,PROD016,WH004,22,22,34389.98
ORD000277,2025-01-14,PROD017,WH003,39,39,13826.04
ORD000278,2025-01-14,PROD018,WH003,37,37,39059.27
ORD000279,2025-01-14,PROD019,WH001,6,6,193830.66
ORD000280,2025-01-14,PROD020,WH001,16,16,98268.83
ORD000281,2025-01-15,PROD001,WH001,8,8,236914.24
ORD000282,2025-01-15,PROD002,WH001,6,6,419120.51
ORD000283,2025-01-15,PROD003,WH002,12,12,127920.0
ORD000284,2025-01-15,PROD004,WH002,19,19,58489.47
ORD000285,2025-01-15,PROD005,WH003,22,22,39552.74
ORD000286,2025-01-15,PROD006,WH003,8,8,162268.16
ORD000287,2025-01-15,PROD007,WH003,30,30,49014.57
ORD000288,2025-01-15,PROD008,WH003,28,28,24557.88
ORD000289,2025-01-15,PROD009,WH004,38,38,17165.04
ORD000290,2025-01-15,PROD010,WH001,43,43,12336.93
ORD000291,2025-01-15,PROD011,WH001,66,66,5061.59
ORD000292,2025-01-15,PROD012,WH001,32,32,29563.81
ORD000293,2025-01-15,PROD013,WH004,56,56,2467.38
ORD000294,2025-01-15,PROD014,WH004,77,77,3414.51
ORD000295,2025-01-15,PROD015,WH004,26,26,21234.66
ORD000296,2025-01-15,PROD016,WH004,31,31,34037.61
ORD000297,2025-01-15,PROD017,WH003,30,30,13262.24
ORD000298,2025-01-15,PROD018,WH003,82,82,37379.08
ORD000299,2025-01-15,PROD019,WH001,9,9,184402.88
ORD000300,2025-01-15,PROD020,WH001,10,10,102870.52
ORD000301,2025-01-16,PROD001,WH001,9,9,244723.46
ORD000302,2025-01-16,PROD002,WH001,7,7,407396.58
ORD000303,2025-01-16,PROD003,WH002,16,16,128345.67
ORD000304,2025-01-16,PROD004,WH002,23,23,58616.38
ORD000305,2025-01-16,PROD005,WH003,17,17,40603.51
ORD000306,2025-01-16,PROD006,WH003,16,16,166781.56
ORD000307,2025-01-16,PROD007,WH003,24,24,48739.72
ORD000308,2025-01-16,PROD008,WH003,27,27,24506.41
ORD000309,2025-01-16,PROD009,WH004,46,46,17063.65
ORD000310,2025-01-16,PROD010,WH001,59,59,12251.55
ORD000311,2025-01-16,PROD011,WH001,25,25,4855.86
ORD000312,2025-01-16,PROD012,WH001,33,33,29322.2
ORD000313,2025-01-16,PROD013,WH004,130,130,2461.85
ORD000314,2025-01-16,PROD014,WH004,96,96,3456.89
ORD000315,2025-01-16,PROD015,WH004,26,26,20600.21
ORD000316,2025-01-16,PROD016,WH004,21,21,34253.63
ORD000317,2025-01-16,PROD017,WH003,65,65,13333.16
ORD000318,2025-01-16,PROD018,WH003,29,29,37220.47
ORD000319,2025-01-16,PROD019,WH001,16,16,194626.42
ORD000320,2025-01-16,PROD020,WH001,12,12,101170.21
ORD000321,2025-01-17,PROD001,WH001,9,9,236343.25
ORD000322,2025-01-17,PROD002,WH001,12,12,406579.46
ORD000323,2025-01-17,PROD003,WH002,11,11,126805.89
ORD000324,2025-01-17,PROD004,WH002,18,18,59012.37
ORD000325,2025-01-17,PROD005,WH003,26,26,39223.45
ORD000326,2025-01-17,PROD006,WH003,12,12,169322.1
ORD000327,2025-01-17,PROD007,WH003,23,23,48821.58
ORD000328,2025-01-17,PROD008,WH003,27,27,25535.22
ORD000329,2025-01-17,PROD009,WH004,31,31,16636.74
ORD000330,2025-01-17,PROD010,WH001,43,43,11743.22
ORD000331,2025-01-17,PROD011,WH001,71,71,4941.61
ORD000332,2025-01-17,PROD012,WH001,15,15,29216.36
ORD000333,2025-01-17,PROD013,WH004,104,104,2438.66
ORD000334,2025-01-17,PROD014,WH004,79,79,3425.07
ORD000335,2025-01-17,PROD015,WH004,29,29,21267.66
ORD000336,2025-01-17,PROD016,WH004,25,25,33041.67
ORD000337,2025-01-17,PROD017,WH003,45,45,13162.43
ORD000338,2025-01-17,PROD018,WH003,254,145,39012.74
ORD000339,2025-01-17,PROD019,WH001,8,8,185253.69
ORD000340,2025-01-17,PROD020,WH001,10,10,100224.77
ORD000341,2025-01-18,PROD001,WH001,9,9,242053.05
ORD000342,2025-01-18,PROD002,WH001,6,6,421281.4
ORD000343,2025-01-18,PROD003,WH002,15,15,127998.52
ORD000344,2025-01-18,PROD004,WH002,28,28,57793.58
ORD000345,2025-01-18,PROD005,WH003,17,17,41061.19
ORD000346,2025-01-18,PROD006,WH003,8,8,164329.43
ORD000347,2025-01-18,PROD007,WH003,33,33,48489.37
ORD000348,2025-01-18,PROD008,WH003,29,29,24639.41
ORD000349,2025-01-18,PROD009,WH004,27,27,17139.38
ORD000350,2025-01-18,PROD010,WH001,54,54,12027.5
ORD000351,2025-01-18,PROD011,WH001,97,97,5032.05
ORD000352,2025-01-18,PROD012,WH001,19,19,30328.77
ORD000353,2025-01-18,PROD013,WH004,98,98,2451.02
ORD000354,2025-01-18,PROD014,WH004,73,73,3458.27
ORD000355,2025-01-18,PROD015,WH004,25,25,21297.66
ORD000356,2025-01-18,PROD016,WH004,22,22,33314.2
ORD000357,2025-01-18,PROD017,WH003,34,34,13373.83
ORD000358,2025-01-18,PROD018,WH003,51,51,38379.57
ORD000359,2025-01-18,PROD019,WH001,370,279,194989.22
ORD000360,2025-01-18,PROD020,WH001,10,10,97451.8
ORD000361,2025-01-19,PROD001,WH001,10,10,240238.48
ORD000362,2025-01-19,PROD002,WH001,6,6,399714.87
ORD000363,2025-01-19,PROD003,WH002,16,16,124093.49
ORD000364,2025-01-19,PROD004,WH002,21,21,56870.35
ORD000365,2025-01-19,PROD005,WH003,18,18,40358.65
ORD000366,2025-01-19,PROD006,WH003,7,7,167552.54
ORD000367,2025-01-19,PROD007,WH003,20,20,47272.35
ORD000368,2025-01-19,PROD008,WH003,42,42,25319.33
ORD000369,2025-01-19,PROD009,WH004,240,131,16945.76
ORD000370,2025-01-19,PROD010,WH001,31,31,11844.18
ORD000371,2025-01-19,PROD011,WH001,98,98,5007.02
ORD000372,2025-01-19,PROD012,WH001,34,34,29783.37
ORD000373,2025-01-19,PROD013,WH004,66,66,2459.5
ORD000374,2025-01-19,PROD014,WH004,103,103,3553.94
ORD000375,2025-01-19,PROD015,WH004,44,44,21374.88
ORD000376,2025-01-19,PROD016,WH004,18,18,34612.64
ORD000377,2025-01-19,PROD017,WH003,42,42,13404.54
ORD000378,2025-01-19,PROD018,WH003,39,39,37246.52
ORD000379,2025-01-19,PROD019,WH001,7,7,193880.69
ORD000380,2025-01-19,PROD020,WH001,10,10,98975.58
ORD000381,2025-01-20,PROD001,WH001,10,10,243572.16
ORD000382,2025-01-20,PROD002,WH001,6,6,417809.28
ORD000383,2025-01-20,PROD003,WH002,27,27,127011.14
ORD000384,2025-01-20,PROD004,WH002,22,22,57616.52
ORD000385,2025-01-20,PROD005,WH003,26,26,41051.24
ORD000386,2025-01-20,PROD006,WH003,12,12,166585.61
ORD000387,2025-01-20,PROD007,WH003,18,18,48218.15
ORD000388,2025-01-20,PROD008,WH003,33,33,25296.86
ORD000389,2025-01-20,PROD009,WH004,53,53,16535.62
ORD000390,2025-01-20,PROD010,WH001,58,58,11921.17
ORD000391,2025-01-20,PROD011,WH001,81,81,5114.37
ORD000392,2025-01-20,PROD012,WH001,34,34,29389.94
ORD000393,2025-01-20,PROD013,WH004,114,114,2487.16
ORD000394,2025-01-20,PROD014,WH004,87,87,3480.1
ORD000395,2025-01-20,PROD015,WH004,20,20,20818.61
ORD000396,2025-01-20,PROD016,WH004,25,25,34127.2
ORD000397,2025-01-20,PROD017,WH003,35,35,13901.92
ORD000398,2025-01-20,PROD018,WH003,22,22,37443.34
ORD000399,2025-01-20,PROD019,WH001,8,8,192336.51
ORD000400,2025-01-20,PROD020,WH001,15,15,101547.97
ORD000401,2025-01-21,PROD001,WH001,19,19,241216.78
ORD000402,2025-01-21,PROD002,WH001,6,6,400097.9
ORD000403,2025-01-21,PROD003,WH002,17,17,125542.8
ORD000404,2025-01-21,PROD004,WH002,25,25,59578.06
ORD000405,2025-01-21,PROD005,WH003,32,32,39620.94
ORD000406,2025-01-21,PROD006,WH003,9,9,166382.91
ORD000407,2025-01-21,PROD007,WH003,11,11,49323.07
ORD000408,2025-01-21,PROD008,WH003,40,40,25446.99
ORD000409,2025-01-21,PROD009,WH004,33,33,17192.07
ORD000410,2025-01-21,PROD010,WH001,35,35,12339.23
ORD000411,2025-01-21,PROD011,WH001,46,46,4901.17
ORD000412,2025-01-21,PROD012,WH001,46,46,30490.95
ORD000413,2025-01-21,PROD013,WH004,59,59,2486.03
ORD000414,2025-01-21,PROD014,WH004,110,110,3470.69
ORD000415,2025-01-21,PROD015,WH004,25,25,21026.05
ORD000416,2025-01-21,PROD016,WH004,10,10,33048.85
ORD000417,2025-01-21,PROD017,WH003,27,27,13348.15
ORD000418,2025-01-21,PROD018,WH003,21,21,37238.97
ORD000419,2025-01-21,PROD019,WH001,10,10,185881.08
ORD000420,2025-01-21,PROD020,WH001,16,16,99024.04
ORD000421,2025-01-22,PROD001,WH001,7,7,244352.61
ORD000422,2025-01-22,PROD002,WH001,5,5,402647.33
ORD000423,2025-01-22,PROD003,WH002,15,15,125235.62
ORD000424,2025-01-22,PROD004,WH002,15,15,58865.32
ORD000425,2025-01-22,PROD005,WH003,25,25,39378.33
ORD000426,2025-01-22,PROD006,WH003,11,11,169199.61
ORD000427,2025-01-22,PROD007,WH003,18,18,49055.51
ORD000428,2025-01-22,PROD008,WH003,30,30,24626.77
ORD000429,2025-01-22,PROD009,WH004,34,34,17499.43
ORD000430,2025-01-22,PROD010,WH001,44,44,12121.8
ORD000431,2025-01-22,PROD011,WH001,73,73,4935.83
ORD000432,2025-01-22,PROD012,WH001,23,23,30325.87
ORD000433,2025-01-22,PROD013,WH004,120,120,2524.94
ORD000434,2025-01-22,PROD014,WH004,116,116,3522.3
ORD000435,2025-01-22,PROD015,WH004,28,28,21266.74
ORD000436,2025-01-22,PROD016,WH004,17,17,33527.36
ORD000437,2025-01-22,PROD017,WH003,49,49,13887.98
ORD000438,2025-01-22,PROD018,WH003,33,33,38816.0
ORD000439,2025-01-22,PROD019,WH001,9,9,192801.45
ORD000440,2025-01-22,PROD020,WH001,7,7,97157.83
ORD000441,2025-01-23,PROD001,WH001,9,9,241301.55
ORD000442,2025-01-23,PROD002,WH001,527,316,415079.51
ORD000443,2025-01-23,PROD003,WH002,16,16,127655.75
ORD000444,2025-01-23,PROD004,WH002,14,14,59552.63
ORD000445,2025-01-23,PROD005,WH003,25,25,40998.05
ORD000446,2025-01-23,PROD006,WH003,7,7,164069.84
ORD000447,2025-01-23,PROD007,WH003,21,21,49141.92
ORD000448,2025-01-23,PROD008,WH003,37,37,24251.12
ORD000449,2025-01-23,PROD009,WH004,24,24,16848.5
ORD000450,2025-01-23,PROD010,WH001,62,62,11721.99
ORD000451,2025-01-23,PROD011,WH001,105,105,5114.92
ORD000452,2025-01-23,PROD012,WH001,26,26,30770.37
ORD000453,2025-01-23,PROD013,WH004,82,82,2463.4
ORD000454,2025-01-23,PROD014,WH004,111,111,3472.14
ORD000455,2025-01-23,PROD015,WH004,25,25,21609.69
ORD000456,2025-01-23,PROD016,WH004,22,22,34134.77
ORD000457,2025-01-23,PROD017,WH003,31,31,13497.62
ORD000458,2025-01-23,PROD018,WH003,33,33,38000.99
ORD000459,2025-01-23,PROD019,WH001,13,13,192236.55
ORD000460,2025-01-23,PROD020,WH001,13,13,102727.26
ORD000461,2025-01-24,PROD001,WH001,8,8,238079.36
ORD000462,2025-01-24,PROD002,WH001,8,8,401947.39
ORD000463,2025-01-24,PROD003,WH002,17,17,122637.6
ORD000464,2025-01-24,PROD004,WH002,23,23,56330.85
ORD000465,2025-01-24,PROD005,WH003,16,16,40132.99
ORD000466,2025-01-24,PROD006,WH003,10,10,169248.26
ORD000467,2025-01-24,PROD007,WH003,21,21,48613.66
ORD000468,2025-01-24,PROD008,WH003,19,19,25739.45
ORD000469,2025-01-24,PROD009,WH004,29,29,17417.72
ORD000470,2025-01-24,PROD010,WH001,99,99,11994.14
ORD000471,2025-01-24,PROD011,WH001,76,76,4995.96
ORD000472,2025-01-24,PROD012,WH001,32,32,30231.04
ORD000473,2025-01-24,PROD013,WH004,59,59,2441.64
ORD000474,2025-01-24,PROD014,WH004,111,111,3522.61
ORD000475,2025-01-24,PROD015,WH004,33,33,20954.73
ORD000476,2025-01-24,PROD016,WH004,24,24,34291.19
ORD000477,2025-01-24,PROD017,WH003,29,29,13552.82
ORD000478,2025-01-24,PROD018,WH003,41,41,37567.7
ORD000479,2025-01-24,PROD019,WH001,4,4,191228.49
ORD000480,2025-01-24,PROD020,WH001,10,10,99196.09
ORD000481,2025-01-25,PROD001,WH001,6,6,235602.54
ORD000482,2025-01-25,PROD002,WH001,67,47,414306.74
ORD000483,2025-01-25,PROD003,WH002,14,14,123547.6
ORD000484,2025-01-25,PROD004,WH002,21,21,59353.81
ORD000485,2025-01-25,PROD005,WH003,30,30,39278.4
ORD000486,2025-01-25,PROD006,WH003,11,11,165991.43
ORD000487,2025-01-25,PROD007,WH003,19,19,48206.06
ORD000488,2025-01-25,PROD008,WH003,32,32,24546.61
ORD000489,2025-01-25,PROD009,WH004,32,32,16938.68
ORD000490,2025-01-25,PROD010,WH001,40,40,12126.39
ORD000491,2025-01-25,PROD011,WH001,60,60,4945.56
ORD000492,2025-01-25,PROD012,WH001,30,30,29304.9
ORD000493,2025-01-25,PROD013,WH004,50,50,2517.29
ORD000494,2025-01-25,PROD014,WH004,104,104,3442.07
ORD000495,2025-01-25,PROD015,WH004,32,32,21228.66
ORD000496,2025-01-25,PROD016,WH004,30,30,34692.51
ORD000497,2025-01-25,PROD017,WH003,35,35,13194.92
ORD000498,2025-01-25,PROD018,WH003,30,30,37857.75
ORD000499,2025-01-25,PROD019,WH001,4,4,189372.11
ORD000500,2025-01-25,PROD020,WH001,11,11,100795.22
ORD000501,2025-01-26,PROD001,WH001,8,8,237615.47
ORD000502,2025-01-26,PROD002,WH001,5,5,407996.8
ORD000503,2025-01-26,PROD003,WH002,14,14,121339.93
ORD000504,2025-01-26,PROD004,WH002,19,19,56686.04
ORD000505,2025-01-26,PROD005,WH003,199,164,40167.67
ORD000506,2025-01-26,PROD006,WH003,11,11,162187.37
ORD000507,2025-01-26,PROD007,WH003,12,12,46976.38
ORD000508,2025-01-26,PROD008,WH003,32,32,24736.62
ORD000509,2025-01-26,PROD009,WH004,24,24,16656.81
ORD000510,2025-01-26,PROD010,WH001,42,42,11682.93
ORD000511,2025-01-26,PROD011,WH001,86,86,4935.16
ORD000512,2025-01-26,PROD012,WH001,34,34,29395.85
ORD000513,2025-01-26,PROD013,WH004,112,112,2544.91
ORD000514,2025-01-26,PROD014,WH004,59,59,3408.16
ORD000515,2025-01-26,PROD015,WH004,20,20,21311.78
ORD000516,2025-01-26,PROD016,WH004,26,26,33760.9
ORD000517,2025-01-26,PROD017,WH003,34,34,13642.01
ORD000518,2025-01-26,PROD018,WH003,31,31,36980.13
ORD000519,2025-01-26,PROD019,WH001,8,8,194796.03
ORD000520,2025-01-26,PROD020,WH001,8,8,101604.25
ORD000521,2025-01-27,PROD001,WH001,5,5,234818.06
ORD000522,2025-01-27,PROD002,WH001,4,4,403082.1
ORD000523,2025-01-27,PROD003,WH002,17,17,126079.97
ORD000524,2025-01-27,PROD004,WH002,13,13,59467.04
ORD000525,2025-01-27,PROD005,WH003,26,26,39870.0
ORD000526,2025-01-27,PROD006,WH003,8,8,164857.76
ORD000527,2025-01-27,PROD007,WH003,21,21,47244.86
ORD000528,2025-01-27,PROD008,WH003,24,24,24824.52
ORD000529,2025-01-27,PROD009,WH004,38,38,16781.74
ORD000530,2025-01-27,PROD010,WH001,42,42,11892.41
ORD000531,2025-01-27,PROD011,WH001,83,83,4856.18
ORD000532,2025-01-27,PROD012,WH001,48,48,29173.91
ORD000533,2025-01-27,PROD013,WH004,80,80,2527.1
ORD000534,2025-01-27,PROD014,WH004,34,34,3538.18
ORD000535,2025-01-27,PROD015,WH004,39,39,20786.09
ORD000536,2025-01-27,PROD016,WH004,8,8,34786.34
ORD000537,2025-01-27,PROD017,WH003,49,49,13310.55
ORD000538,2025-01-27,PROD018,WH003,35,35,37762.39
ORD000539,2025-01-27,PROD019,WH001,7,7,192637.68
ORD000540,2025-01-27,PROD020,WH001,11,11,101461.41
ORD000541,2025-01-28,PROD001,WH001,7,7,245200.79
ORD000542,2025-01-28,PROD002,WH001,4,4,398414.85
ORD000543,2025-01-28,PROD003,WH002,15,15,122628.19
ORD000544,2025-01-28,PROD004,WH002,21,21,58489.19
ORD000545,2025-01-28,PROD005,WH003,30,30,39611.68
ORD000546,2025-01-28,PROD006,WH003,4,4,160481.26
ORD000547,2025-01-28,PROD007,WH003,25,25,48249.02
ORD000548,2025-01-28,PROD008,WH003,45,45,24839.61
ORD000549,2025-01-28,PROD009,WH004,37,37,16861.38
ORD000550,2025-01-28,PROD010,WH001,26,26,11830.34
ORD000551,2025-01-28,PROD011,WH001,47,47,4851.8
ORD000552,2025-01-28,PROD012,WH001,26,26,29428.25
ORD000553,2025-01-28,PROD013,WH004,143,143,2496.14
ORD000554,2025-01-28,PROD014,WH004,86,86,3452.9
ORD000555,2025-01-28,PROD015,WH004,21,21,21471.73
ORD000556,2025-01-28,PROD016,WH004,19,19,33271.72
ORD000557,2025-01-28,PROD017,WH003,41,41,13804.03
ORD000558,2025-01-28,PROD018,WH003,27,27,37783.0
ORD000559,2025-01-28,PROD019,WH001,9,9,187444.58
ORD000560,2025-01-28,PROD020,WH001,14,14,98825.75
ORD000561,2025-01-29,PROD001,WH001,5,5,237553.02
ORD000562,2025-01-29,PROD002,WH001,7,7,410161.47
ORD000563,2025-01-29,PROD003,WH002,17,17,123904.12
ORD000564,2025-01-29,PROD004,WH002,8,8,58512.28
ORD000565,2025-01-29,PROD005,WH003,29,29,39820.43
ORD000566,2025-01-29,PROD006,WH003,12,12,166699.27
ORD000567,2025-01-29,PROD007,WH003,16,16,48300.75
ORD000568,2025-01-29,PROD008,WH003,22,22,24616.68
ORD000569,2025-01-29,PROD009,WH004,31,31,17319.03
ORD000570,2025-01-29,PROD010,WH001,40,40,12215.27
ORD000571,2025-01-29,PROD011,WH001,60,60,5146.69
ORD000572,2025-01-29,PROD012,WH001,26,26,29415.09
ORD000573,2025-01-29,PROD013,WH004,210,210,2552.18
ORD000574,2025-01-29,PROD014,WH004,111,111,3578.12
ORD000575,2025-01-29,PROD015,WH004,38,38,21179.13
ORD000576,2025-01-29,PROD016,WH004,24,24,34013.02
ORD000577,2025-01-29,PROD017,WH003,30,30,13870.38
ORD000578,2025-01-29,PROD018,WH003,32,32,39077.74
ORD000579,2025-01-29,PROD019,WH001,9,9,191615.35
ORD000580,2025-01-29,PROD020,WH001,14,14,99157.36
ORD000581,2025-01-30,PROD001,WH001,9,9,244567.18
ORD000582,2025-01-30,PROD002,WH001,4,4,399895.68
ORD000583,2025-01-30,PROD003,WH002,16,16,123429.47
ORD000584,2025-01-30,PROD004,WH002,20,20,59689.73
ORD000585,2025-01-30,PROD005,WH003,27,27,40754.4
ORD000586,2025-01-30,PROD006,WH003,10,10,169351.87
ORD000587,2025-01-30,PROD007,WH003,14,14,48273.01
ORD000588,2025-01-30,PROD008,WH003,13,13,24861.51
ORD000589,2025-01-30,PROD009,WH004,30,30,17489.28
ORD000590,2025-01-30,PROD010,WH001,579,465,11862.79
ORD000591,2025-01-30,PROD011,WH001,61,61,5077.22
ORD000592,2025-01-30,PROD012,WH001,183,129,30104.77
ORD000593,2025-01-30,PROD013,WH004,76,76,2459.28
ORD000594,2025-01-30,PROD014,WH004,60,60,3398.67
ORD000595,2025-01-30,PROD015,WH004,26,26,20853.54
ORD000596,2025-01-30,PROD016,WH004,34,34,34097.28
ORD000597,2025-01-30,PROD017,WH003,20,20,13243.38
ORD000598,2025-01-30,PROD018,WH003,41,41,37805.19
ORD000599,2025-01-30,PROD019,WH001,8,8,191313.17
ORD000600,2025-01-30,PROD020,WH001,17,17,101289.54
ORD000601,2025-01-31,PROD001,WH001,7,7,233559.49
ORD000602,2025-01-31,PROD002,WH001,9,9,414038.85
ORD000603,2025-01-31,PROD003,WH002,10,10,121675.0
ORD000604,2025-01-31,PROD004,WH002,21,21,56358.09
ORD000605,2025-01-31,PROD005,WH003,19,19,39165.79
ORD000606,2025-01-31,PROD006,WH003,9,9,166521.08
ORD000607,2025-01-31,PROD007,WH003,22,22,46712.13
ORD000608,2025-01-31,PROD008,WH003,12,12,24281.34
ORD000609,2025-01-31,PROD009,WH004,32,32,16610.32
ORD000610,2025-01-31,PROD010,WH001,57,57,12323.8
ORD000611,2025-01-31,PROD011,WH001,98,98,5122.18
ORD000612,2025-01-31,PROD012,WH001,23,23,29255.64
ORD000613,2025-01-31,PROD013,WH004,99,99,2470.6
ORD000614,2025-01-31,PROD014,WH004,109,109,3593.93
ORD000615,2025-01-31,PROD015,WH004,32,32,20493.09
ORD000616,2025-01-31,PROD016,WH004,15,15,33172.98
ORD000617,2025-01-31,PROD017,WH003,43,43,13164.66
ORD000618,2025-01-31,PROD018,WH003,48,48,39086.37
ORD000619,2025-01-31,PROD019,WH001,6,6,192771.44
ORD000620,2025-01-31,PROD020,WH001,15,15,98286.91
ORD000621,2025-02-01,PROD001,WH001,10,10,233461.64
ORD000622,2025-02-01,PROD002,WH001,4,4,421444.94
ORD000623,2025-02-01,PROD003,WH002,4,4,124441.17
ORD000624,2025-02-01,PROD004,WH002,25,25,58342.35
ORD000625,2025-02-01,PROD005,WH003,60,60,39470.07
ORD000626,2025-02-01,PROD006,WH003,10,10,167557.77
ORD000627,2025-02-01,PROD007,WH003,22,22,47126.79
ORD000628,2025-02-01,PROD008,WH003,25,25,25430.37
ORD000629,2025-02-01,PROD009,WH004,25,25,16725.22
ORD000630,2025-02-01,PROD010,WH001,44,44,11710.5
ORD000631,2025-02-01,PROD011,WH001,76,76,4993.65
ORD000632,2025-02-01,PROD012,WH001,20,20,30563.79
ORD000633,2025-02-01,PROD013,WH004,107,107,2482.73
ORD000634,2025-02-01,PROD014,WH004,78,78,3401.06
ORD000635,2025-02-01,PROD015,WH004,20,20,21067.17
ORD000636,2025-02-01,PROD016,WH004,25,25,34368.16
ORD000637,2025-02-01,PROD017,WH003,34,34,13694.96
ORD000638,2025-02-01,PROD018,WH003,49,49,37776.39
ORD000639,2025-02-01,PROD019,WH001,11,11,185406.02
ORD000640,2025-02-01,PROD020,WH001,7,7,100505.96
ORD000641,2025-02-02,PROD001,WH001,10,10,237545.49
ORD000642,2025-02-02,PROD002,WH001,4,4,420993.43
ORD000643,2025-02-02,PROD003,WH002,14,14,125020.34
ORD000644,2025-02-02,PROD004,WH002,17,17,57903.49
ORD000645,2025-02-02,PROD005,WH003,21,21,39542.1
ORD000646,2025-02-02,PROD006,WH003,13,13,163403.99
ORD000647,2025-02-02,PROD007,WH003,19,19,48036.73
ORD000648,2025-02-02,PROD008,WH003,35,35,24710.0
ORD000649,2025-02-02,PROD009,WH004,29,29,17400.15
ORD000650,2025-02-02,PROD010,WH001,30,30,11956.09
ORD000651,2025-02-02,PROD011,WH001,103,103,4937.61
ORD000652,2025-02-02,PROD012,WH001,23,23,29379.71
ORD000653,2025-02-02,PROD013,WH004,113,113,2525.85
ORD000654,2025-02-02,PROD014,WH004,97,97,3400.42
ORD000655,2025-02-02,PROD015,WH004,34,34,20936.99
ORD000656,2025-02-02,PROD016,WH004,31,31,34102.25
ORD000657,2025-02-02,PROD017,WH003,57,57,13370.23
ORD000658,2025-02-02,PROD018,WH003,33,33,38569.58
ORD000659,2025-02-02,PROD019,WH001,9,9,192002.53
ORD000660,2025-02-02,PROD020,WH001,16,16,102828.39
ORD000661,2025-02-03,PROD001,WH001,9,9,240126.24
ORD000662,2025-02-03,PROD002,WH001,9,9,410930.18
ORD000663,2025-02-03,PROD003,WH002,16,16,123093.79
ORD000664,2025-02-03,PROD004,WH002,26,26,57601.48
ORD000665,2025-02-03,PROD005,WH003,21,21,38864.47
ORD000666,2025-02-03,PROD006,WH003,10,10,166873.82
ORD000667,2025-02-03,PROD007,WH003,12,12,47457.47
ORD000668,2025-02-03,PROD008,WH003,29,29,25060.55
ORD000669,2025-02-03,PROD009,WH004,47,47,16750.09
ORD000670,2025-02-03,PROD010,WH001,41,41,12087.15
ORD000671,2025-02-03,PROD011,WH001,66,66,4984.27
ORD000672,2025-02-03,PROD012,WH001,14,14,29967.35
ORD000673,2025-02-03,PROD013,WH004,120,120,2566.39
ORD000674,2025-02-03,PROD014,WH004,84,84,3543.29
ORD000675,2025-02-03,PROD015,WH004,25,25,20699.99
ORD000676,2025-02-03,PROD016,WH004,31,31,34008.0
ORD000677,2025-02-03,PROD017,WH003,42,42,13473.0
ORD000678,2025-02-03,PROD018,WH003,37,37,38672.72
ORD000679,2025-02-03,PROD019,WH001,6,6,193800.25
ORD000680,2025-02-03,PROD020,WH001,11,11,98700.66
ORD000681,2025-02-04,PROD001,WH001,10,10,244624.58
ORD000682,2025-02-04,PROD002,WH001,6,6,402115.73
ORD000683,2025-02-04,PROD003,WH002,17,17,126970.78
ORD000684,2025-02-04,PROD004,WH002,19,19,57125.77
ORD000685,2025-02-04,PROD005,WH003,17,17,39515.03
ORD000686,2025-02-04,PROD006,WH003,12,12,168489.43
ORD000687,2025-02-04,PROD007,WH003,31,31,47769.82
ORD000688,2025-02-04,PROD008,WH003,33,33,25735.85
ORD000689,2025-02-04,PROD009,WH004,31,31,16644.98
ORD000690,2025-02-04,PROD010,WH001,51,51,11973.61
ORD000691,2025-02-04,PROD011,WH001,89,89,5069.74
ORD000692,2025-02-04,PROD012,WH001,38,38,29109.66
ORD000693,2025-02-04,PROD013,WH004,144,144,2447.78
ORD000694,2025-02-04,PROD014,WH004,58,58,3399.27
ORD000695,2025-02-04,PROD015,WH004,27,27,21621.03
ORD000696,2025-02-04,PROD016,WH004,18,18,34531.67
ORD000697,2025-02-04,PROD017,WH003,45,45,13397.58
ORD000698,2025-02-04,PROD018,WH003,43,43,37216.33
ORD000699,2025-02-04,PROD019,WH001,6,6,185330.37
ORD000700,2025-02-04,PROD020,WH001,13,13,100191.44
ORD000701,2025-02-05,PROD001,WH001,7,7,246852.83
ORD000702,2025-02-05,PROD002,WH001,7,7,414295.43
ORD000703,2025-02-05,PROD003,WH002,12,12,123988.54
ORD000704,2025-02-05,PROD004,WH002,13,13,58002.96
ORD000705,2025-02-05,PROD005,WH003,23,23,41197.37
ORD000706,2025-02-05,PROD006,WH003,9,9,165185.79
ORD000707,2025-02-05,PROD007,WH003,16,16,49336.9
ORD000708,2025-02-05,PROD008,WH003,30,30,24274.54
ORD000709,2025-02-05,PROD009,WH004,38,38,17225.38
ORD000710,2025-02-05,PROD010,WH001,59,59,12091.56
ORD000711,2025-02-05,PROD011,WH001,96,96,5055.6
ORD000712,2025-02-05,PROD012,WH001,37,37,30127.02
ORD000713,2025-02-05,PROD013,WH004,72,72,2431.63
ORD000714,2025-02-05,PROD014,WH004,81,81,3426.41
ORD000715,2025-02-05,PROD015,WH004,23,23,21532.04
ORD000716,2025-02-05,PROD016,WH004,17,17,33455.17
ORD000717,2025-02-05,PROD017,WH003,35,35,13899.28
ORD000718,2025-02-05,PROD018,WH003,14,14,38409.46
ORD000719,2025-02-05,PROD019,WH001,7,7,189365.64
ORD000720,2025-02-05,PROD020,WH001,12,12,102520.29
ORD000721,2025-02-06,PROD001,WH001,13,13,244247.8
ORD000722,2025-02-06,PROD002,WH001,3,3,408252.54
ORD000723,2025-02-06,PROD003,WH002,11,11,121764.45
ORD000724,2025-02-06,PROD004,WH002,22,22,59281.7
ORD000725,2025-02-06,PROD005,WH003,17,17,40636.1
ORD000726,2025-02-06,PROD006,WH003,10,10,167878.27
ORD000727,2025-02-06,PROD007,WH003,20,20,48705.19
ORD000728,2025-02-06,PROD008,WH003,25,25,24663.63
ORD000729,2025-02-06,PROD009,WH004,50,50,17366.02
ORD000730,2025-02-06,PROD010,WH001,41,41,11641.61
ORD000731,2025-02-06,PROD011,WH001,74,74,4921.18
ORD000732,2025-02-06,PROD012,WH001,18,18,29183.81
ORD000733,2025-02-06,PROD013,WH004,108,108,2441.59
ORD000734,2025-02-06,PROD014,WH004,112,112,3506.8
ORD000735,2025-02-06,PROD015,WH004,23,23,20416.94
ORD000736,2025-02-06,PROD016,WH004,20,20,33350.02
ORD000737,2025-02-06,PROD017,WH003,66,66,13283.52
ORD000738,2025-02-06,PROD018,WH003,43,43,38354.17
ORD000739,2025-02-06,PROD019,WH001,7,7,189644.55
ORD000740,2025-02-06,PROD020,WH001,14,14,99750.48
ORD000741,2025-02-07,PROD001,WH001,8,8,243865.43
ORD000742,2025-02-07,PROD002,WH001,5,5,408935.35
ORD000743,2025-02-07,PROD003,WH002,15,15,123863.67
ORD000744,2025-02-07,PROD004,WH002,15,15,59609.33
ORD000745,2025-02-07,PROD005,WH003,38,38,38819.9
ORD000746,2025-02-07,PROD006,WH003,11,11,163073.39
ORD000747,2025-02-07,PROD007,WH003,24,24,48315.05
ORD000748,2025-02-07,PROD008,WH003,282,229,25424.21
ORD000749,2025-02-07,PROD009,WH004,222,114,17322.74
ORD000750,2025-02-07,PROD010,WH001,28,28,11673.17
ORD000751,2025-02-07,PROD011,WH001,76,76,5062.74
ORD000752,2025-02-07,PROD012,WH001,29,29,30396.46
ORD000753,2025-02-07,PROD013,WH004,111,111,2457.11
ORD000754,2025-02-07,PROD014,WH004,63,63,3418.68
ORD000755,2025-02-07,PROD015,WH004,32,32,21314.6
ORD000756,2025-02-07,PROD016,WH004,23,23,33488.98
ORD000757,2025-02-07,PROD017,WH003,44,44,13096.36
ORD000758,2025-02-07,PROD018,WH003,28,28,37369.75
ORD000759,2025-02-07,PROD019,WH001,6,6,184654.18
ORD000760,2025-02-07,PROD020,WH001,10,10,98495.12
ORD000761,2025-02-08,PROD001,WH001,7,7,237624.28
ORD000762,2025-02-08,PROD002,WH001,6,6,404376.44
ORD000763,2025-02-08,PROD003,WH002,17,17,128149.53
ORD000764,2025-02-08,PROD004,WH002,15,15,57069.21
ORD000765,2025-02-08,PROD005,WH003,27,27,39922.08
ORD000766,2025-02-08,PROD006,WH003,15,15,169528.53
ORD000767,2025-02-08,PROD007,WH003,14,14,49092.09
ORD000768,2025-02-08,PROD008,WH003,41,41,24713.89
ORD000769,2025-02-08,PROD009,WH004,27,27,16823.02
ORD000770,2025-02-08,PROD010,WH001,42,42,12067.2
ORD000771,2025-02-08,PROD011,WH001,53,53,5125.36
ORD000772,2025-02-08,PROD012,WH001,40,40,29118.0
ORD000773,2025-02-08,PROD013,WH004,95,95,2483.97
ORD000774,2025-02-08,PROD014,WH004,82,82,3573.45
ORD000775,2025-02-08,PROD015,WH004,29,29,20887.19
ORD000776,2025-02-08,PROD016,WH004,23,23,34448.91
ORD000777,2025-02-08,PROD017,WH003,47,47,13655.46
ORD000778,2025-02-08,PROD018,WH003,35,35,37328.45
ORD000779,2025-02-08,PROD019,WH001,7,7,189425.38
ORD000780,2025-02-08,PROD020,WH001,12,12,100397.12
ORD000781,2025-02-09,PROD001,WH001,7,7,243102.67
ORD000782,2025-02-09,PROD002,WH001,4,4,417930.78
ORD000783,2025-02-09,PROD003,WH002,28,28,126949.5
ORD000784,2025-02-09,PROD004,WH002,23,23,56358.52
ORD000785,2025-02-09,PROD005,WH003,35,35,40409.53
ORD000786,2025-02-09,PROD006,WH003,8,8,164973.42
ORD000787,2025-02-09,PROD007,WH003,30,30,48212.72
ORD000788,2025-02-09,PROD008,WH003,35,35,24809.45
ORD000789,2025-02-09,PROD009,WH004,36,36,17218.31
ORD000790,2025-02-09,PROD010,WH001,41,41,12125.2
ORD000791,2025-02-09,PROD011,WH001,79,79,5023.85
ORD000792,2025-02-09,PROD012,WH001,28,28,30650.89
ORD000793,2025-02-09,PROD013,WH004,156,156,2440.29
ORD000794,2025-02-09,PROD014,WH004,81,81,3458.21
ORD000795,2025-02-09,PROD015,WH004,36,36,20993.86
ORD000796,2025-02-09,PROD016,WH004,15,15,34935.55
ORD000797,2025-02-09,PROD017,WH003,23,23,13153.29
ORD000798,2025-02-09,PROD018,WH003,32,32,37628.54
ORD000799,2025-02-09,PROD019,WH001,7,7,194855.15
ORD000800,2025-02-09,PROD020,WH001,9,9,102387.69
ORD000801,2025-02-10,PROD001,WH001,10,10,245259.54
ORD000802,2025-02-10,PROD002,WH001,4,4,405286.41
ORD000803,2025-02-10,PROD003,WH002,17,17,127601.27
ORD000804,2025-02-10,PROD004,WH002,29,29,58018.58
ORD000805,2025-02-10,PROD005,WH003,19,19,40287.47
ORD000806,2025-02-10,PROD006,WH003,8,8,162414.37
ORD000807,2025-02-10,PROD007,WH003,14,14,48595.22
ORD000808,2025-02-10,PROD008,WH003,29,29,24741.55
ORD000809,2025-02-10,PROD009,WH004,53,53,16840.76
ORD000810,2025-02-10,PROD010,WH001,49,49,12098.51
ORD000811,2025-02-10,PROD011,WH001,83,83,4921.95
ORD000812,2025-02-10,PROD012,WH001,34,34,29503.99
ORD000813,2025-02-10,PROD013,WH004,128,128,2480.37
ORD000814,2025-02-10,PROD014,WH004,90,90,3558.39
ORD000815,2025-02-10,PROD015,WH004,31,31,20653.1
ORD000816,2025-02-10,PROD016,WH004,18,18,34586.13
ORD000817,2025-02-10,PROD017,WH003,38,38,13658.44
ORD000818,2025-02-10,PROD018,WH003,30,30,38408.3
ORD000819,2025-02-10,PROD019,WH001,8,8,189712.21
ORD000820,2025-02-10,PROD020,WH001,13,13,101475.33
ORD000821,2025-02-11,PROD001,WH001,12,12,232994.68
ORD000822,2025-02-11,PROD002,WH001,3,3,405217.94
ORD000823,2025-02-11,PROD003,WH002,15,15,126343.53
ORD000824,2025-02-11,PROD004,WH002,20,20,59695.79
ORD000825,2025-02-11,PROD005,WH003,28,28,38806.03
ORD000826,2025-02-11,PROD006,WH003,9,9,165098.73
ORD000827,2025-02-11,PROD007,WH003,126,68,49220.65
ORD000828,2025-02-11,PROD008,WH003,25,25,25545.31
ORD000829,2025-02-11,PROD009,WH004,27,27,16513.6
ORD000830,2025-02-11,PROD010,WH001,62,62,12021.28
ORD000831,2025-02-11,PROD011,WH001,57,57,4851.29
ORD000832,2025-02-11,PROD012,WH001,31,31,30521.23
ORD000833,2025-02-11,PROD013,WH004,114,114,2471.33
ORD000834,2025-02-11,PROD014,WH004,88,88,3555.77
ORD000835,2025-02-11,PROD015,WH004,60,60,21560.44
ORD000836,2025-02-11,PROD016,WH004,21,21,34971.21
ORD000837,2025-02-11,PROD017,WH003,33,33,13819.23
ORD000838,2025-02-11,PROD018,WH003,61,61,37325.45
ORD000839,2025-02-11,PROD019,WH001,7,7,186518.44
ORD000840,2025-02-11,PROD020,WH001,13,13,100754.68
ORD000841,2025-02-12,PROD001,WH001,4,4,240634.37
ORD000842,2025-02-12,PROD002,WH001,5,5,397934.55
ORD000843,2025-02-12,PROD003,WH002,19,19,124187.96
ORD000844,2025-02-12,PROD004,WH002,18,18,59415.28
ORD000845,2025-02-12,PROD005,WH003,28,28,40956.06
ORD000846,2025-02-12,PROD006,WH003,11,11,162068.68
ORD000847,2025-02-12,PROD007,WH003,16,16,47660.05
ORD000848,2025-02-12,PROD008,WH003,19,19,25090.55
ORD000849,2025-02-12,PROD009,WH004,33,33,17359.84
ORD000850,2025-02-12,PROD010,WH001,32,32,12023.04
ORD000851,2025-02-12,PROD011,WH001,45,45,5140.46
ORD000852,2025-02-12,PROD012,WH001,26,26,30538.29
ORD000853,2025-02-12,PROD013,WH004,65,65,2567.96
ORD000854,2025-02-12,PROD014,WH004,107,107,3548.61
ORD000855,2025-02-12,PROD015,WH004,25,25,21475.81
ORD000856,2025-02-12,PROD016,WH004,39,39,34675.25
ORD000857,2025-02-12,PROD017,WH003,38,38,13300.61
ORD000858,2025-02-12,PROD018,WH003,40,40,37383.34
ORD000859,2025-02-12,PROD019,WH001,54,35,194153.97
ORD000860,2025-02-12,PROD020,WH001,13,13,97508.07
ORD000861,2025-02-13,PROD001,WH001,6,6,238683.32
ORD000862,2025-02-13,PROD002,WH001,4,4,417888.18
ORD000863,2025-02-13,PROD003,WH002,18,18,127349.29
ORD000864,2025-02-13,PROD004,WH002,21,21,56742.96
ORD000865,2025-02-13,PROD005,WH003,16,16,39970.5
ORD000866,2025-02-13,PROD006,WH003,8,8,164800.34
ORD000867,2025-02-13,PROD007,WH003,36,36,47492.32
ORD000868,2025-02-13,PROD008,WH003,26,26,25625.77
ORD000869,2025-02-13,PROD009,WH004,32,32,17156.18
ORD000870,2025-02-13,PROD010,WH001,70,70,12345.73
ORD000871,2025-02-13,PROD011,WH001,95,95,4870.03
ORD000872,2025-02-13,PROD012,WH001,26,26,29809.83
ORD000873,2025-02-13,PROD013,WH004,91,91,2550.27
ORD000874,2025-02-13,PROD014,WH004,72,72,3483.76
ORD000875,2025-02-13,PROD015,WH004,39,39,20699.97
ORD000876,2025-02-13,PROD016,WH004,24,24,35015.53
ORD000877,2025-02-13,PROD017,WH003,47,47,13802.23
ORD000878,2025-02-13,PROD018,WH003,44,44,38105.96
ORD000879,2025-02-13,PROD019,WH001,3,3,190703.49
ORD000880,2025-02-13,PROD020,WH001,12,12,97041.18
ORD000881,2025-02-14,PROD001,WH001,10,10,246926.32
ORD000882,2025-02-14,PROD002,WH001,6,6,417534.86
ORD000883,2025-02-14,PROD003,WH002,23,23,121525.47
ORD000884,2025-02-14,PROD004,WH002,29,29,56873.63
ORD000885,2025-02-14,PROD005,WH003,26,26,40770.47
ORD000886,2025-02-14,PROD006,WH003,10,10,160909.97
ORD000887,2025-02-14,PROD007,WH003,17,17,49272.34
ORD000888,2025-02-14,PROD008,WH003,26,26,25749.84
ORD000889,2025-02-14,PROD009,WH004,46,46,17394.16
ORD000890,2025-02-14,PROD010,WH001,40,40,12172.01
ORD000891,2025-02-14,PROD011,WH001,74,74,4996.18
ORD000892,2025-02-14,PROD012,WH001,30,30,29248.37
ORD000893,2025-02-14,PROD013,WH004,87,87,2534.57
ORD000894,2025-02-14,PROD014,WH004,84,84,3478.34
ORD000895,2025-02-14,PROD015,WH004,25,25,21088.49
ORD000896,2025-02-14,PROD016,WH004,21,21,33578.52
ORD000897,2025-02-14,PROD017,WH003,411,264,13291.15
ORD000898,2025-02-14,PROD018,WH003,33,33,37599.4
ORD000899,2025-02-14,PROD019,WH001,8,8,193577.64
ORD000900,2025-02-14,PROD020,WH001,12,12,99558.95
ORD000901,2025-02-15,PROD001,WH001,8,8,237288.59
ORD000902,2025-02-15,PROD002,WH001,4,4,408351.07
ORD000903,2025-02-15,PROD003,WH002,16,16,121492.16
ORD000904,2025-02-15,PROD004,WH002,14,14,59359.3
ORD000905,2025-02-15,PROD005,WH003,22,22,40124.23
ORD000906,2025-02-15,PROD006,WH003,14,14,161087.78
ORD000907,2025-02-15,PROD007,WH003,22,22,47390.61
ORD000908,2025-02-15,PROD008,WH003,14,14,25725.33
ORD000909,2025-02-15,PROD009,WH004,53,53,17094.92
ORD000910,2025-02-15,PROD010,WH001,51,51,11849.81
ORD000911,2025-02-15,PROD011,WH001,44,44,4977.9
ORD000912,2025-02-15,PROD012,WH001,33,33,29565.25
ORD000913,2025-02-15,PROD013,WH004,117,117,2429.77
ORD000914,2025-02-15,PROD014,WH004,81,81,3571.83
ORD000915,2025-02-15,PROD015,WH004,29,29,20738.52
ORD000916,2025-02-15,PROD016,WH004,30,30,34690.36
ORD000917,2025-02-15,PROD017,WH003,43,43,13482.63
ORD000918,2025-02-15,PROD018,WH003,37,37,37277.0
ORD000919,2025-02-15,PROD019,WH001,11,11,193441.3
ORD000920,2025-02-15,PROD020,WH001,13,13,99262.67
ORD000921,2025-02-16,PROD001,WH001,10,10,242991.3
ORD000922,2025-02-16,PROD002,WH001,5,5,418295.85
ORD000923,2025-02-16,PROD003,WH002,9,9,128472.39
ORD000924,2025-02-16,PROD004,WH002,18,18,56558.63
ORD000925,2025-02-16,PROD005,WH003,23,23,38820.13
ORD000926,2025-02-16,PROD006,WH003,12,12,165479.41
ORD000927,2025-02-16,PROD007,WH003,10,10,47321.01
ORD000928,2025-02-16,PROD008,WH003,30,30,24953.65
ORD000929,2025-02-16,PROD009,WH004,29,29,16564.11
ORD000930,2025-02-16,PROD010,WH001,57,57,12001.14
ORD000931,2025-02-16,PROD011,WH001,62,62,4887.46
ORD000932,2025-02-16,PROD012,WH001,33,33,30609.46
ORD000933,2025-02-16,PROD013,WH004,71,71,2538.92
ORD000934,2025-02-16,PROD014,WH004,82,82,3410.56
ORD000935,2025-02-16,PROD015,WH004,20,20,21423.8
ORD000936,2025-02-16,PROD016,WH004,22,22,33642.92
ORD000937,2025-02-16,PROD017,WH003,395,259,13380.82
ORD000938,2025-02-16,PROD018,WH003,27,27,37269.95
ORD000939,2025-02-16,PROD019,WH001,10,10,193822.47
ORD000940,2025-02-16,PROD020,WH001,12,12,99428.23
ORD000941,2025-02-17,PROD001,WH001,7,7,233503.24
ORD000942,2025-02-17,PROD002,WH001,7,7,421469.74
ORD000943,2025-02-17,PROD003,WH002,15,15,123169.15
ORD000944,2025-02-17,PROD004,WH002,20,20,59517.9
ORD000945,2025-02-17,PROD005,WH003,19,19,39522.97
ORD000946,2025-02-17,PROD006,WH003,8,8,168281.12
ORD000947,2025-02-17,PROD007,WH003,19,19,48472.95
ORD000948,2025-02-17,PROD008,WH003,13,13,25541.93
ORD000949,2025-02-17,PROD009,WH004,33,33,17485.64
ORD000950,2025-02-17,PROD010,WH001,44,44,12267.47
ORD000951,2025-02-17,PROD011,WH001,66,66,4971.1
ORD000952,2025-02-17,PROD012,WH001,9,9,30566.11
ORD000953,2025-02-17,PROD013,WH004,83,83,2531.75
ORD000954,2025-02-17,PROD014,WH004,99,99,3407.94
ORD000955,2025-02-17,PROD015,WH004,32,32,21541.5
ORD000956,2025-02-17,PROD016,WH004,15,15,33930.56
ORD000957,2025-02-17,PROD017,WH003,34,34,13203.9
ORD000958,2025-02-17,PROD018,WH003,29,29,37829.86
ORD000959,2025-02-17,PROD019,WH001,10,10,191175.81
ORD000960,2025-02-17,PROD020,WH001,10,10,100437.68
ORD000961,2025-02-18,PROD001,WH001,6,6,241077.03
ORD000962,2025-02-18,PROD002,WH001,6,6,403993.65
ORD000963,2025-02-18,PROD003,WH002,14,14,125995.27
ORD000964,2025-02-18,PROD004,WH002,29,29,59417.8
ORD000965,2025-02-18,PROD005,WH003,26,26,39732.8
ORD000966,2025-02-18,PROD006,WH003,8,8,166292.74
ORD000967,2025-02-18,PROD007,WH003,22,22,47262.68
ORD000968,2025-02-18,PROD008,WH003,32,32,24322.42
ORD000969,2025-02-18,PROD009,WH004,40,40,17087.45
ORD000970,2025-02-18,PROD010,WH001,49,49,11674.24
ORD000971,2025-02-18,PROD011,WH001,65,65,5067.08
ORD000972,2025-02-18,PROD012,WH001,27,27,30306.63
ORD000973,2025-02-18,PROD013,WH004,1228,804,2480.4
ORD000974,2025-02-18,PROD014,WH004,1139,800,3481.37
ORD000975,2025-02-18,PROD015,WH004,19,19,21526.38
ORD000976,2025-02-18,PROD016,WH004,19,19,33006.79
ORD000977,2025-02-18,PROD017,WH003,42,42,13551.28
ORD000978,2025-02-18,PROD018,WH003,52,52,38965.26
ORD000979,2025-02-18,PROD019,WH001,9,9,194719.45
ORD000980,2025-02-18,PROD020,WH001,16,16,100507.93
ORD000981,2025-02-19,PROD001,WH001,9,9,238289.71
ORD000982,2025-02-19,PROD002,WH001,5,5,400133.03
ORD000983,2025-02-19,PROD003,WH002,15,15,122553.38
ORD000984,2025-02-19,PROD004,WH002,17,17,58625.26
ORD000985,2025-02-19,PROD005,WH003,29,29,38839.92
ORD000986,2025-02-19,PROD006,WH003,7,7,168796.51
ORD000987,2025-02-19,PROD007,WH003,15,15,48253.25
ORD000988,2025-02-19,PROD008,WH003,24,24,24317.72
ORD000989,2025-02-19,PROD009,WH004,48,48,16734.56
ORD000990,2025-02-19,PROD010,WH001,47,47,12067.82
ORD000991,2025-02-19,PROD011,WH001,48,48,4860.68
ORD000992,2025-02-19,PROD012,WH001,27,27,30503.98
ORD000993,2025-02-19,PROD013,WH004,151,151,2562.99
ORD000994,2025-02-19,PROD014,WH004,108,108,3596.86
ORD000995,2025-02-19,PROD015,WH004,46,46,21294.41
ORD000996,2025-02-19,PROD016,WH004,22,22,34727.92
ORD000997,2025-02-19,PROD017,WH003,22,22,13589.67
ORD000998,2025-02-19,PROD018,WH003,32,32,37905.48
ORD000999,2025-02-19,PROD019,WH001,7,7,192429.74
ORD001000,2025-02-19,PROD020,WH001,15,15,98345.08
ORD001001,2025-02-20,PROD001,WH001,7,7,234380.89
ORD001002,2025-02-20,PROD002,WH001,5,5,416441.53
ORD001003,2025-02-20,PROD003,WH002,16,16,128436.4
ORD001004,2025-02-20,PROD004,WH002,25,25,58269.63
ORD001005,2025-02-20,PROD005,WH003,35,35,39958.1
ORD001006,2025-02-20,PROD006,WH003,10,10,165340.6
ORD001007,2025-02-20,PROD007,WH003,29,29,47937.98
ORD001008,2025-02-20,PROD008,WH003,21,21,24913.3
ORD001009,2025-02-20,PROD009,WH004,48,48,17455.98
ORD001010,2025-02-20,PROD010,WH001,496,257,11985.43
ORD001011,2025-02-20,PROD011,WH001,1418,727,4874.33
ORD001012,2025-02-20,PROD012,WH001,31,31,30477.93
ORD001013,2025-02-20,PROD013,WH004,83,83,2483.73
ORD001014,2025-02-20,PROD014,WH004,76,76,3544.25
ORD001015,2025-02-20,PROD015,WH004,42,42,21100.26
ORD001016,2025-02-20,PROD016,WH004,29,29,34434.89
ORD001017,2025-02-20,PROD017,WH003,14,14,13145.22
ORD001018,2025-02-20,PROD018,WH003,23,23,36937.23
ORD001019,2025-02-20,PROD019,WH001,9,9,188615.37
ORD001020,2025-02-20,PROD020,WH001,12,12,101159.0
ORD001021,2025-02-21,PROD001,WH001,6,6,236021.03
ORD001022,2025-02-21,PROD002,WH001,6,6,408361.66
ORD001023,2025-02-21,PROD003,WH002,17,17,128606.08
ORD001024,2025-02-21,PROD004,WH002,33,33,57007.76
ORD001025,2025-02-21,PROD005,WH003,28,28,40835.06
ORD001026,2025-02-21,PROD006,WH003,13,13,168222.06
ORD001027,2025-02-21,PROD007,WH003,9,9,49127.09
ORD001028,2025-02-21,PROD008,WH003,14,14,25622.71
ORD001029,2025-02-21,PROD009,WH004,36,36,17007.47
ORD001030,2025-02-21,PROD010,WH001,55,55,12130.99
ORD001031,2025-02-21,PROD011,WH001,98,98,5035.67
ORD001032,2025-02-21,PROD012,WH001,29,29,29656.11
ORD001033,2025-02-21,PROD013,WH004,120,120,2466.97
ORD001034,2025-02-21,PROD014,WH004,112,112,3466.73
ORD001035,2025-02-21,PROD015,WH004,31,31,20645.26
ORD001036,2025-02-21,PROD016,WH004,20,20,34525.06
ORD001037,2025-02-21,PROD017,WH003,56,56,13876.3
ORD001038,2025-02-21,PROD018,WH003,47,47,38838.52
ORD001039,2025-02-21,PROD019,WH001,3,3,186784.52
ORD001040,2025-02-21,PROD020,WH001,8,8,97311.49
ORD001041,2025-02-22,PROD001,WH001,7,7,243702.15
ORD001042,2025-02-22,PROD002,WH001,8,8,407299.26
ORD001043,2025-02-22,PROD003,WH002,14,14,127434.59
ORD001044,2025-02-22,PROD004,WH002,16,16,58971.74
ORD001045,2025-02-22,PROD005,WH003,28,28,40300.98
ORD001046,2025-02-22,PROD006,WH003,6,6,162577.86
ORD001047,2025-02-22,PROD007,WH003,11,11,46859.62
ORD001048,2025-02-22,PROD008,WH003,22,22,24628.97
ORD001049,2025-02-22,PROD009,WH004,30,30,17009.95
ORD001050,2025-02-22,PROD010,WH001,41,41,12345.21
ORD001051,2025-02-22,PROD011,WH001,96,96,4869.11
ORD001052,2025-02-22,PROD012,WH001,36,36,29460.13
ORD001053,2025-02-22,PROD013,WH004,95,95,2519.09
ORD001054,2025-02-22,PROD014,WH004,100,100,3458.92
ORD001055,2025-02-22,PROD015,WH004,21,21,21451.72
ORD001056,2025-02-22,PROD016,WH004,17,17,33264.41
ORD001057,2025-02-22,PROD017,WH003,788,487,13875.16
ORD001058,2025-02-22,PROD018,WH003,25,25,38940.21
ORD001059,2025-02-22,PROD019,WH001,11,11,194417.83
ORD001060,2025-02-22,PROD020,WH001,13,13,98038.41
ORD001061,2025-02-23,PROD001,WH001,6,6,237544.74
ORD001062,2025-02-23,PROD002,WH001,8,8,417480.78
ORD001063,2025-02-23,PROD003,WH002,15,15,127308.56
ORD001064,2025-02-23,PROD004,WH002,28,28,58714.01
ORD001065,2025-02-23,PROD005,WH003,19,19,39875.32
ORD001066,2025-02-23,PROD006,WH003,12,12,163134.73
ORD001067,2025-02-23,PROD007,WH003,21,21,49333.32
ORD001068,2025-02-23,PROD008,WH003,28,28,24458.89
ORD001069,2025-02-23,PROD009,WH004,32,32,16534.63
ORD001070,2025-02-23,PROD010,WH001,53,53,11646.57
ORD001071,2025-02-23,PROD011,WH001,113,113,5082.51
ORD001072,2025-02-23,PROD012,WH001,39,39,29202.07
ORD001073,2025-02-23,PROD013,WH004,96,96,2505.8
ORD001074,2025-02-23,PROD014,WH004,69,69,3472.13
ORD001075,2025-02-23,PROD015,WH004,35,35,20555.1
ORD001076,2025-02-23,PROD016,WH004,30,30,34490.81
ORD001077,2025-02-23,PROD017,WH003,48,48,13139.56
ORD001078,2025-02-23,PROD018,WH003,48,48,37585.94
ORD001079,2025-02-23,PROD019,WH001,7,7,190708.98
ORD001080,2025-02-23,PROD020,WH001,25,25,99414.49
ORD001081,2025-02-24,PROD001,WH001,9,9,236531.73
ORD001082,2025-02-24,PROD002,WH001,4,4,420479.62
ORD001083,2025-02-24,PROD003,WH002,17,17,128232.28
ORD001084,2025-02-24,PROD004,WH002,17,17,57708.01
ORD001085,2025-02-24,PROD005,WH003,22,22,39744.99
ORD001086,2025-02-24,PROD006,WH003,4,4,163093.11
ORD001087,2025-02-24,PROD007,WH003,21,21,49024.58
ORD001088,2025-02-24,PROD008,WH003,41,41,25101.87
ORD001089,2025-02-24,PROD009,WH004,37,37,16581.31
ORD001090,2025-02-24,PROD010,WH001,28,28,12254.39
ORD001091,2025-02-24,PROD011,WH001,89,89,5010.47
ORD001092,2025-02-24,PROD012,WH001,19,19,29848.07
ORD001093,2025-02-24,PROD013,WH004,103,103,2475.68
ORD001094,2025-02-24,PROD014,WH004,59,59,3415.88
ORD001095,2025-02-24,PROD015,WH004,25,25,21575.44
ORD001096,2025-02-24,PROD016,WH004,15,15,34492.14
ORD001097,2025-02-24,PROD017,WH003,37,37,13201.74
ORD001098,2025-02-24,PROD018,WH003,40,40,38025.69
ORD001099,2025-02-24,PROD019,WH001,6,6,190633.56
ORD001100,2025-02-24,PROD020,WH001,14,14,98007.33
ORD001101,2025-02-25,PROD001,WH001,5,5,238951.99
ORD001102,2025-02-25,PROD002,WH001,5,5,413585.35
ORD001103,2025-02-25,PROD003,WH002,12,12,123380.08
ORD001104,2025-02-25,PROD004,WH002,15,15,57414.0
ORD001105,2025-02-25,PROD005,WH003,26,26,39092.87
ORD001106,2025-02-25,PROD006,WH003,11,11,164141.08
ORD001107,2025-02-25,PROD007,WH003,22,22,48241.51
ORD001108,2025-02-25,PROD008,WH003,29,29,24424.79
ORD001109,2025-02-25,PROD009,WH004,25,25,17117.08
ORD001110,2025-02-25,PROD010,WH001,33,33,11926.41
ORD001111,2025-02-25,PROD011,WH001,73,73,5053.45
ORD001112,2025-02-25,PROD012,WH001,26,26,29666.71
ORD001113,2025-02-25,PROD013,WH004,119,119,2510.27
ORD001114,2025-02-25,PROD014,WH004,107,107,3523.69
ORD001115,2025-02-25,PROD015,WH004,23,23,21240.04
ORD001116,2025-02-25,PROD016,WH004,20,20,34524.16
ORD001117,2025-02-25,PROD017,WH003,46,46,13205.44
ORD001118,2025-02-25,PROD018,WH003,35,35,39060.75
ORD001119,2025-02-25,PROD019,WH001,7,7,193917.56
ORD001120,2025-02-25,PROD020,WH001,10,10,100373.91
ORD001121,2025-02-26,PROD001,WH001,9,9,245621.17
ORD001122,2025-02-26,PROD002,WH001,7,7,407107.85
ORD001123,2025-02-26,PROD003,WH002,17,17,121507.15
ORD001124,2025-02-26,PROD004,WH002,23,23,58790.07
ORD001125,2025-02-26,PROD005,WH003,20,20,41064.03
ORD001126,2025-02-26,PROD006,WH003,16,16,161652.36
ORD001127,2025-02-26,PROD007,WH003,13,13,48414.36
ORD001128,2025-02-26,PROD008,WH003,31,31,25470.14
ORD001129,2025-02-26,PROD009,WH004,36,36,17413.17
ORD001130,2025-02-26,PROD010,WH001,47,47,11839.1
ORD001131,2025-02-26,PROD011,WH001,62,62,4888.62
ORD001132,2025-02-26,PROD012,WH001,31,31,29546.13
ORD001133,2025-02-26,PROD013,WH004,118,118,2511.66
ORD001134,2025-02-26,PROD014,WH004,139,139,3587.93
ORD001135,2025-02-26,PROD015,WH004,28,28,21104.0
ORD001136,2025-02-26,PROD016,WH004,16,16,34856.03
ORD001137,2025-02-26,PROD017,WH003,51,51,13718.73
ORD001138,2025-02-26,PROD018,WH003,48,48,38224.33
ORD001139,2025-02-26,PROD019,WH001,8,8,184548.5
ORD001140,2025-02-26,PROD020,WH001,7,7,98998.45
ORD001141,2025-02-27,PROD001,WH001,9,9,233627.42
ORD001142,2025-02-27,PROD002,WH001,4,4,405627.16
ORD001143,2025-02-27,PROD003,WH002,20,20,121717.5
ORD001144,2025-02-27,PROD004,WH002,18,18,56844.0
ORD001145,2025-02-27,PROD005,WH003,40,40,39785.65
ORD001146,2025-02-27,PROD006,WH003,5,5,165147.36
ORD001147,2025-02-27,PROD007,WH003,26,26,47185.37
ORD001148,2025-02-27,PROD008,WH003,31,31,25348.87
ORD001149,2025-02-27,PROD009,WH004,42,42,17092.17
ORD001150,2025-02-27,PROD010,WH001,39,39,12138.07
ORD001151,2025-02-27,PROD011,WH001,97,97,5069.83
ORD001152,2025-02-27,PROD012,WH001,21,21,30408.46
ORD001153,2025-02-27,PROD013,WH004,160,160,2565.44
ORD001154,2025-02-27,PROD014,WH004,95,95,3444.82
ORD001155,2025-02-27,PROD015,WH004,30,30,20710.4
ORD001156,2025-02-27,PROD016,WH004,27,27,33172.17
ORD001157,2025-02-27,PROD017,WH003,41,41,13574.99
ORD001158,2025-02-27,PROD018,WH003,43,43,37761.02
ORD001159,2025-02-27,PROD019,WH001,6,6,189956.67
ORD001160,2025-02-27,PROD020,WH001,10,10,98018.93
ORD001161,2025-02-28,PROD001,WH001,10,10,242146.47
ORD001162,2025-02-28,PROD002,WH001,3,3,412927.88
ORD001163,2025-02-28,PROD003,WH002,6,6,123235.88
ORD001164,2025-02-28,PROD004,WH002,13,13,57879.65
ORD001165,2025-02-28,PROD005,WH003,24,24,40946.32
ORD001166,2025-02-28,PROD006,WH003,3,3,167707.64
ORD001167,2025-02-28,PROD007,WH003,20,20,47213.6
ORD001168,2025-02-28,PROD008,WH003,36,36,25568.28
ORD001169,2025-02-28,PROD009,WH004,30,30,16558.66
ORD001170,2025-02-28,PROD010,WH001,34,34,11938.03
ORD001171,2025-02-28,PROD011,WH001,51,51,4874.04
ORD001172,2025-02-28,PROD012,WH001,19,19,30763.59
ORD001173,2025-02-28,PROD013,WH004,96,96,2431.11
ORD001174,2025-02-28,PROD014,WH004,79,79,3426.76
ORD001175,2025-02-28,PROD015,WH004,36,36,21522.95
ORD001176,2025-02-28,PROD016,WH004,21,21,34167.6
ORD001177,2025-02-28,PROD017,WH003,64,64,13739.1
ORD001178,2025-02-28,PROD018,WH003,46,46,36897.41
ORD001179,2025-02-28,PROD019,WH001,5,5,189077.68
ORD001180,2025-02-28,PROD020,WH001,11,11,102906.79
ORD001181,2025-03-01,PROD001,WH001,8,8,241149.39
ORD001182,2025-03-01,PROD002,WH001,5,5,418602.2
ORD001183,2025-03-01,PROD003,WH002,18,18,128476.7
ORD001184,2025-03-01,PROD004,WH002,24,24,58643.94
ORD001185,2025-03-01,PROD005,WH003,20,20,39586.31
ORD001186,2025-03-01,PROD006,WH003,7,7,163105.21
ORD001187,2025-03-01,PROD007,WH003,13,13,46765.28
ORD001188,2025-03-01,PROD008,WH003,28,28,24891.66
ORD001189,2025-03-01,PROD009,WH004,29,29,17423.7
ORD001190,2025-03-01,PROD010,WH001,53,53,11984.2
ORD001191,2025-03-01,PROD011,WH001,85,85,5123.3
ORD001192,2025-03-01,PROD012,WH001,27,27,30570.86
ORD001193,2025-03-01,PROD013,WH004,103,103,2572.63
ORD001194,2025-03-01,PROD014,WH004,72,72,3594.02
ORD001195,2025-03-01,PROD015,WH004,31,31,21260.17
ORD001196,2025-03-01,PROD016,WH004,5,5,34757.28
ORD001197,2025-03-01,PROD017,WH003,62,62,13700.94
ORD001198,2025-03-01,PROD018,WH003,36,36,38463.74
ORD001199,2025-03-01,PROD019,WH001,11,11,192457.38
ORD001200,2025-03-01,PROD020,WH001,22,22,101326.26
ORD001201,2025-03-02,PROD001,WH001,6,6,238263.63
ORD001202,2025-03-02,PROD002,WH001,5,5,408119.64
ORD001203,2025-03-02,PROD003,WH002,11,11,123455.53
ORD001204,2025-03-02,PROD004,WH002,3,3,56775.95
ORD001205,2025-03-02,PROD005,WH003,26,26,39900.26
ORD001206,2025-03-02,PROD006,WH003,16,16,168959.5
ORD001207,2025-03-02,PROD007,WH003,21,21,48435.64
ORD001208,2025-03-02,PROD008,WH003,29,29,24334.27
ORD001209,2025-03-02,PROD009,WH004,24,24,17317.42
ORD001210,2025-03-02,PROD010,WH001,51,51,12313.49
ORD001211,2025-03-02,PROD011,WH001,76,76,5098.83
ORD001212,2025-03-02,PROD012,WH001,25,25,30409.57
ORD001213,2025-03-02,PROD013,WH004,110,110,2447.52
ORD001214,2025-03-02,PROD014,WH004,87,87,3468.29
ORD001215,2025-03-02,PROD015,WH004,47,47,21082.26
ORD001216,2025-03-02,PROD016,WH004,19,19,33136.8
ORD001217,2025-03-02,PROD017,WH003,47,47,13181.08
ORD001218,2025-03-02,PROD018,WH003,16,16,38990.1
ORD001219,2025-03-02,PROD019,WH001,9,9,192310.68
ORD001220,2025-03-02,PROD020,WH001,14,14,98650.52
ORD001221,2025-03-03,PROD001,WH001,10,10,237513.99
ORD001222,2025-03-03,PROD002,WH001,8,8,407156.96
ORD001223,2025-03-03,PROD003,WH002,11,11,121813.03
ORD001224,2025-03-03,PROD004,WH002,18,18,58832.34
ORD001225,2025-03-03,PROD005,WH003,26,26,39224.4
ORD001226,2025-03-03,PROD006,WH003,9,9,168020.69
ORD001227,2025-03-03,PROD007,WH003,19,19,48996.11
ORD001228,2025-03-03,PROD008,WH003,52,52,25207.65
ORD001229,2025-03-03,PROD009,WH004,46,46,17275.25
ORD001230,2025-03-03,PROD010,WH001,47,47,11763.72
ORD001231,2025-03-03,PROD011,WH001,62,62,5022.78
ORD001232,2025-03-03,PROD012,WH001,9,9,30318.24
ORD001233,2025-03-03,PROD013,WH004,80,80,2524.23
ORD001234,2025-03-03,PROD014,WH004,76,76,3419.63
ORD001235,2025-03-03,PROD015,WH004,15,15,20803.92
ORD001236,2025-03-03,PROD016,WH004,18,18,33643.08
ORD001237,2025-03-03,PROD017,WH003,53,53,13558.75
ORD001238,2025-03-03,PROD018,WH003,28,28,38604.74
ORD001239,2025-03-03,PROD019,WH001,7,7,190804.73
ORD001240,2025-03-03,PROD020,WH001,15,15,101528.96
ORD001241,2025-03-04,PROD001,WH001,7,7,234225.13
ORD001242,2025-03-04,PROD002,WH001,3,3,419302.21
ORD001243,2025-03-04,PROD003,WH002,8,8,125274.63
ORD001244,2025-03-04,PROD004,WH002,20,20,56390.5
ORD001245,2025-03-04,PROD005,WH003,30,30,40343.71
ORD001246,2025-03-04,PROD006,WH003,9,9,165171.74
ORD001247,2025-03-04,PROD007,WH003,14,14,47194.66
ORD001248,2025-03-04,PROD008,WH003,18,18,25396.64
ORD001249,2025-03-04,PROD009,WH004,25,25,17442.24
ORD001250,2025-03-04,PROD010,WH001,46,46,11872.33
ORD001251,2025-03-04,PROD011,WH001,87,87,4998.17
ORD001252,2025-03-04,PROD012,WH001,29,29,29330.71
ORD001253,2025-03-04,PROD013,WH004,115,115,2564.47
ORD001254,2025-03-04,PROD014,WH004,83,83,3461.95
ORD001255,2025-03-04,PROD015,WH004,25,25,20615.43
ORD001256,2025-03-04,PROD016,WH004,25,25,33955.99
ORD001257,2025-03-04,PROD017,WH003,39,39,13130.06
ORD001258,2025-03-04,PROD018,WH003,28,28,37436.47
ORD001259,2025-03-04,PROD019,WH001,11,11,185071.3
ORD001260,2025-03-04,PROD020,WH001,16,16,97764.23
ORD001261,2025-03-05,PROD001,WH001,6,6,234415.07
ORD001262,2025-03-05,PROD002,WH001,6,6,419161.53
ORD001263,2025-03-05,PROD003,WH002,11,11,128228.26
ORD001264,2025-03-05,PROD004,WH002,17,17,57911.34
ORD001265,2025-03-05,PROD005,WH003,24,24,40313.0
ORD001266,2025-03-05,PROD006,WH003,8,8,166939.43
ORD001267,2025-03-05,PROD007,WH003,21,21,47686.98
ORD001268,2025-03-05,PROD008,WH003,42,42,24805.32
ORD001269,2025-03-05,PROD009,WH004,32,32,17179.08
ORD001270,2025-03-05,PROD010,WH001,55,55,11911.23
ORD001271,2025-03-05,PROD011,WH001,59,59,5024.3
ORD001272,2025-03-05,PROD012,WH001,18,18,30027.35
ORD001273,2025-03-05,PROD013,WH004,114,114,2503.67
ORD001274,2025-03-05,PROD014,WH004,59,59,3569.17
ORD001275,2025-03-05,PROD015,WH004,39,39,21257.11
ORD001276,2025-03-05,PROD016,WH004,33,33,34939.79
ORD001277,2025-03-05,PROD017,WH003,43,43,13735.69
ORD001278,2025-03-05,PROD018,WH003,475,344,37192.41
ORD001279,2025-03-05,PROD019,WH001,4,4,192718.71
ORD001280,2025-03-05,PROD020,WH001,14,14,100993.89
ORD001281,2025-03-06,PROD001,WH001,11,11,242103.03
ORD001282,2025-03-06,PROD002,WH001,5,5,409526.32
ORD001283,2025-03-06,PROD003,WH002,15,15,121718.48
ORD001284,2025-03-06,PROD004,WH002,11,11,59571.17
ORD001285,2025-03-06,PROD005,WH003,215,136,40844.62
ORD001286,2025-03-06,PROD006,WH003,15,15,164869.4
ORD001287,2025-03-06,PROD007,WH003,20,20,47016.71
ORD001288,2025-03-06,PROD008,WH003,34,34,25486.71
ORD001289,2025-03-06,PROD009,WH004,38,38,16929.29
ORD001290,2025-03-06,PROD010,WH001,37,37,11920.88
ORD001291,2025-03-06,PROD011,WH001,884,725,5049.61
ORD001292,2025-03-06,PROD012,WH001,28,28,30465.62
ORD001293,2025-03-06,PROD013,WH004,87,87,2434.43
ORD001294,2025-03-06,PROD014,WH004,73,73,3556.19
ORD001295,2025-03-06,PROD015,WH004,15,15,21294.77
ORD001296,2025-03-06,PROD016,WH004,17,17,34181.99
ORD001297,2025-03-06,PROD017,WH003,47,47,13369.12
ORD001298,2025-03-06,PROD018,WH003,44,44,37235.75
ORD001299,2025-03-06,PROD019,WH001,9,9,185470.24
ORD001300,2025-03-06,PROD020,WH001,8,8,97007.1
ORD001301,2025-03-07,PROD001,WH001,11,11,235773.03
ORD001302,2025-03-07,PROD002,WH001,6,6,407818.89
ORD001303,2025-03-07,PROD003,WH002,16,16,123077.33
ORD001304,2025-03-07,PROD004,WH002,20,20,57335.25
ORD001305,2025-03-07,PROD005,WH003,17,17,39737.09
ORD001306,2025-03-07,PROD006,WH003,11,11,163101.8
ORD001307,2025-03-07,PROD007,WH003,24,24,48646.91
ORD001308,2025-03-07,PROD008,WH003,39,39,24987.59
ORD001309,2025-03-07,PROD009,WH004,34,34,16509.71
ORD001310,2025-03-07,PROD010,WH001,657,485,11803.2
ORD001311,2025-03-07,PROD011,WH001,59,59,5062.9
ORD001312,2025-03-07,PROD012,WH001,30,30,29641.67
ORD001313,2025-03-07,PROD013,WH004,86,86,2563.02
ORD001314,2025-03-07,PROD014,WH004,121,121,3544.66
ORD001315,2025-03-07,PROD015,WH004,422,237,20735.31
ORD001316,2025-03-07,PROD016,WH004,23,23,34033.48
ORD001317,2025-03-07,PROD017,WH003,37,37,13635.46
ORD001318,2025-03-07,PROD018,WH003,26,26,37300.87
ORD001319,2025-03-07,PROD019,WH001,9,9,187106.54
ORD001320,2025-03-07,PROD020,WH001,12,12,100042.74
ORD001321,2025-03-08,PROD001,WH001,5,5,246118.48
ORD001322,2025-03-08,PROD002,WH001,4,4,406162.66
ORD001323,2025-03-08,PROD003,WH002,15,15,124265.98
ORD001324,2025-03-08,PROD004,WH002,19,19,56923.36
ORD001325,2025-03-08,PROD005,WH003,18,18,40223.7
ORD001326,2025-03-08,PROD006,WH003,10,10,167377.49
ORD001327,2025-03-08,PROD007,WH003,13,13,47829.05
ORD001328,2025-03-08,PROD008,WH003,34,34,25375.37
ORD001329,2025-03-08,PROD009,WH004,29,29,16798.66
ORD001330,2025-03-08,PROD010,WH001,41,41,12149.03
ORD001331,2025-03-08,PROD011,WH001,54,54,4927.5
ORD001332,2025-03-08,PROD012,WH001,22,22,30505.17
ORD001333,2025-03-08,PROD013,WH004,105,105,2549.6
ORD001334,2025-03-08,PROD014,WH004,60,60,3562.52
ORD001335,2025-03-08,PROD015,WH004,22,22,20641.5
ORD001336,2025-03-08,PROD016,WH004,15,15,34396.27
ORD001337,2025-03-08,PROD017,WH003,60,60,13531.22
ORD001338,2025-03-08,PROD018,WH003,23,23,39108.16
ORD001339,2025-03-08,PROD019,WH001,9,9,188421.98
ORD001340,2025-03-08,PROD020,WH001,21,21,101627.51
ORD001341,2025-03-09,PROD001,WH001,4,4,238129.12
ORD001342,2025-03-09,PROD002,WH001,8,8,407462.69
ORD001343,2025-03-09,PROD003,WH002,17,17,122082.44
ORD001344,2025-03-09,PROD004,WH002,10,10,57094.02
ORD001345,2025-03-09,PROD005,WH003,19,19,39194.76
ORD001346,2025-03-09,PROD006,WH003,11,11,161626.09
ORD001347,2025-03-09,PROD007,WH003,16,16,46585.97
ORD001348,2025-03-09,PROD008,WH003,28,28,25440.67
ORD001349,2025-03-09,PROD009,WH004,36,36,16967.29
ORD001350,2025-03-09,PROD010,WH001,52,52,12219.0
ORD001351,2025-03-09,PROD011,WH001,62,62,5033.77
ORD001352,2025-03-09,PROD012,WH001,19,19,30596.41
ORD001353,2025-03-09,PROD013,WH004,134,134,2500.56
ORD001354,2025-03-09,PROD014,WH004,96,96,3414.75
ORD001355,2025-03-09,PROD015,WH004,36,36,21147.12
ORD001356,2025-03-09,PROD016,WH004,20,20,34362.64
ORD001357,2025-03-09,PROD017,WH003,44,44,13602.47
ORD001358,2025-03-09,PROD018,WH003,27,27,38687.05
ORD001359,2025-03-09,PROD019,WH001,7,7,192639.09
ORD001360,2025-03-09,PROD020,WH001,19,19,99595.79
ORD001361,2025-03-10,PROD001,WH001,7,7,244595.09
ORD001362,2025-03-10,PROD002,WH001,7,7,414717.95
ORD001363,2025-03-10,PROD003,WH002,71,46,122152.75
ORD001364,2025-03-10,PROD004,WH002,19,19,58138.76
ORD001365,2025-03-10,PROD005,WH003,22,22,40548.53
ORD001366,2025-03-10,PROD006,WH003,11,11,165527.55
ORD001367,2025-03-10,PROD007,WH003,19,19,49293.2
ORD001368,2025-03-10,PROD008,WH003,25,25,24402.24
ORD001369,2025-03-10,PROD009,WH004,39,39,17226.77
ORD001370,2025-03-10,PROD010,WH001,56,56,12233.6
ORD001371,2025-03-10,PROD011,WH001,95,95,5060.8
ORD001372,2025-03-10,PROD012,WH001,24,24,29794.05
ORD001373,2025-03-10,PROD013,WH004,146,146,2482.82
ORD001374,2025-03-10,PROD014,WH004,74,74,3518.18
ORD001375,2025-03-10,PROD015,WH004,18,18,20870.34
ORD001376,2025-03-10,PROD016,WH004,24,24,34781.69
ORD001377,2025-03-10,PROD017,WH003,47,47,13184.04
ORD001378,2025-03-10,PROD018,WH003,25,25,38317.28
ORD001379,2025-03-10,PROD019,WH001,7,7,185828.91
ORD001380,2025-03-10,PROD020,WH001,12,12,100240.96
ORD001381,2025-03-11,PROD001,WH001,6,6,243104.37
ORD001382,2025-03-11,PROD002,WH001,5,5,401771.57
ORD001383,2025-03-11,PROD003,WH002,5,5,126530.25
ORD001384,2025-03-11,PROD004,WH002,13,13,56747.13
ORD001385,2025-03-11,PROD005,WH003,19,19,40289.33
ORD001386,2025-03-11,PROD006,WH003,11,11,165054.97
ORD001387,2025-03-11,PROD007,WH003,22,22,47418.46
ORD001388,2025-03-11,PROD008,WH003,35,35,24417.32
ORD001389,2025-03-11,PROD009,WH004,41,41,17240.57
ORD001390,2025-03-11,PROD010,WH001,77,77,11914.9
ORD001391,2025-03-11,PROD011,WH001,53,53,4875.96
ORD001392,2025-03-11,PROD012,WH001,29,29,30491.02
ORD001393,2025-03-11,PROD013,WH004,121,121,2459.93
ORD001394,2025-03-11,PROD014,WH004,100,100,3549.65
ORD001395,2025-03-11,PROD015,WH004,35,35,21081.77
ORD001396,2025-03-11,PROD016,WH004,15,15,33376.84
ORD001397,2025-03-11,PROD017,WH003,48,48,13156.89
ORD001398,2025-03-11,PROD018,WH003,44,44,38212.61
ORD001399,2025-03-11,PROD019,WH001,12,12,184587.41
ORD001400,2025-03-11,PROD020,WH001,10,10,97392.79
ORD001401,2025-03-12,PROD001,WH001,9,9,242911.95
ORD001402,2025-03-12,PROD002,WH001,4,4,410956.3
ORD001403,2025-03-12,PROD003,WH002,19,19,123697.21
ORD001404,2025-03-12,PROD004,WH002,213,111,58136.51
ORD001405,2025-03-12,PROD005,WH003,16,16,40219.96
ORD001406,2025-03-12,PROD006,WH003,10,10,165646.33
ORD001407,2025-03-12,PROD007,WH003,19,19,48410.56
ORD001408,2025-03-12,PROD008,WH003,29,29,25660.43
ORD001409,2025-03-12,PROD009,WH004,46,46,16886.55
ORD001410,2025-03-12,PROD010,WH001,34,34,11856.83
ORD001411,2025-03-12,PROD011,WH001,74,74,4861.53
ORD001412,2025-03-12,PROD012,WH001,27,27,29364.73
ORD001413,2025-03-12,PROD013,WH004,97,97,2440.94
ORD001414,2025-03-12,PROD014,WH004,54,54,3465.44
ORD001415,2025-03-12,PROD015,WH004,530,288,21138.59
ORD001416,2025-03-12,PROD016,WH004,18,18,33074.52
ORD001417,2025-03-12,PROD017,WH003,50,50,13684.41
ORD001418,2025-03-12,PROD018,WH003,35,35,37766.15
ORD001419,2025-03-12,PROD019,WH001,6,6,195283.95
ORD001420,2025-03-12,PROD020,WH001,13,13,100410.31
ORD001421,2025-03-13,PROD001,WH001,6,6,243907.62
ORD001422,2025-03-13,PROD002,WH001,6,6,418885.06
ORD001423,2025-03-13,PROD003,WH002,18,18,127916.35
ORD001424,2025-03-13,PROD004,WH002,25,25,58064.25
ORD001425,2025-03-13,PROD005,WH003,39,39,39752.18
ORD001426,2025-03-13,PROD006,WH003,10,10,165599.1
ORD001427,2025-03-13,PROD007,WH003,14,14,47717.96
ORD001428,2025-03-13,PROD008,WH003,45,45,24611.07
ORD001429,2025-03-13,PROD009,WH004,51,51,16820.4
ORD001430,2025-03-13,PROD010,WH001,52,52,11807.59
ORD001431,2025-03-13,PROD011,WH001,62,62,4930.83
ORD001432,2025-03-13,PROD012,WH001,15,15,29268.49
ORD001433,2025-03-13,PROD013,WH004,140,140,2488.97
ORD001434,2025-03-13,PROD014,WH004,83,83,3444.41
ORD001435,2025-03-13,PROD015,WH004,32,32,20934.94
ORD001436,2025-03-13,PROD016,WH004,8,8,34596.08
ORD001437,2025-03-13,PROD017,WH003,44,44,13458.13
ORD001438,2025-03-13,PROD018,WH003,41,41,39036.52
ORD001439,2025-03-13,PROD019,WH001,9,9,185985.34
ORD001440,2025-03-13,PROD020,WH001,10,10,102101.59
ORD001441,2025-03-14,PROD001,WH001,8,8,236374.92
ORD001442,2025-03-14,PROD002,WH001,4,4,420674.76
ORD001443,2025-03-14,PROD003,WH002,13,13,122953.61
ORD001444,2025-03-14,PROD004,WH002,18,18,58859.43
ORD001445,2025-03-14,PROD005,WH003,190,119,38949.08
ORD001446,2025-03-14,PROD006,WH003,9,9,166285.15
ORD001447,2025-03-14,PROD007,WH003,17,17,47189.78
ORD001448,2025-03-14,PROD008,WH003,27,27,25255.26
ORD001449,2025-03-14,PROD009,WH004,52,52,17138.55
ORD001450,2025-03-14,PROD010,WH001,43,43,12305.06
ORD001451,2025-03-14,PROD011,WH001,71,71,5038.0
ORD001452,2025-03-14,PROD012,WH001,30,30,29834.85
ORD001453,2025-03-14,PROD013,WH004,112,112,2454.04
ORD001454,2025-03-14,PROD014,WH004,89,89,3533.06
ORD001455,2025-03-14,PROD015,WH004,27,27,20516.62
ORD001456,2025-03-14,PROD016,WH004,19,19,34670.17
ORD001457,2025-03-14,PROD017,WH003,36,36,13295.34
ORD001458,2025-03-14,PROD018,WH003,55,55,38055.08
ORD001459,2025-03-14,PROD019,WH001,7,7,191093.8
ORD001460,2025-03-14,PROD020,WH001,11,11,99174.94
ORD001461,2025-03-15,PROD001,WH001,10,10,242359.78
ORD001462,2025-03-15,PROD002,WH001,6,6,403855.34
ORD001463,2025-03-15,PROD003,WH002,19,19,121509.68
ORD001464,2025-03-15,PROD004,WH002,26,26,59598.25
ORD001465,2025-03-15,PROD005,WH003,16,16,39568.11
ORD001466,2025-03-15,PROD006,WH003,7,7,167113.28
ORD001467,2025-03-15,PROD007,WH003,26,26,48021.7
ORD001468,2025-03-15,PROD008,WH003,29,29,25253.5
ORD001469,2025-03-15,PROD009,WH004,29,29,16603.16
ORD001470,2025-03-15,PROD010,WH001,86,86,12013.57
ORD001471,2025-03-15,PROD011,WH001,52,52,4967.67
ORD001472,2025-03-15,PROD012,WH001,21,21,29913.33
ORD001473,2025-03-15,PROD013,WH004,94,94,2569.93
ORD001474,2025-03-15,PROD014,WH004,66,66,3423.62
ORD001475,2025-03-15,PROD015,WH004,27,27,21320.92
ORD001476,2025-03-15,PROD016,WH004,21,21,33653.9
ORD001477,2025-03-15,PROD017,WH003,45,45,13330.19
ORD001478,2025-03-15,PROD018,WH003,42,42,37477.37
ORD001479,2025-03-15,PROD019,WH001,6,6,188276.11
ORD001480,2025-03-15,PROD020,WH001,13,13,99142.7
ORD001481,2025-03-16,PROD001,WH001,9,9,236698.76
ORD001482,2025-03-16,PROD002,WH001,6,6,414120.33
ORD001483,2025-03-16,PROD003,WH002,17,17,121607.91
ORD001484,2025-03-16,PROD004,WH002,21,21,57416.38
ORD001485,2025-03-16,PROD005,WH003,36,36,39472.49
ORD001486,2025-03-16,PROD006,WH003,4,4,167489.04
ORD001487,2025-03-16,PROD007,WH003,19,19,46981.92
ORD001488,2025-03-16,PROD008,WH003,25,25,25661.03
ORD001489,2025-03-16,PROD009,WH004,41,41,16663.93
ORD001490,2025-03-16,PROD010,WH001,51,51,11906.42
ORD001491,2025-03-16,PROD011,WH001,87,87,4909.91
ORD001492,2025-03-16,PROD012,WH001,19,19,29616.06
ORD001493,2025-03-16,PROD013,WH004,85,85,2539.15
ORD001494,2025-03-16,PROD014,WH004,83,83,3495.04
ORD001495,2025-03-16,PROD015,WH004,18,18,20574.85
ORD001496,2025-03-16,PROD016,WH004,6,6,33075.14
ORD001497,2025-03-16,PROD017,WH003,47,47,13281.23
ORD001498,2025-03-16,PROD018,WH003,30,30,39015.97
ORD001499,2025-03-16,PROD019,WH001,5,5,193936.61
ORD001500,2025-03-16,PROD020,WH001,6,6,99641.04
ORD001501,2025-03-17,PROD001,WH001,7,7,239740.73
ORD001502,2025-03-17,PROD002,WH001,4,4,419824.41
ORD001503,2025-03-17,PROD003,WH002,19,19,125685.09
ORD001504,2025-03-17,PROD004,WH002,12,12,59325.07
ORD001505,2025-03-17,PROD005,WH003,26,26,39980.41
ORD001506,2025-03-17,PROD006,WH003,12,12,162030.97
ORD001507,2025-03-17,PROD007,WH003,12,12,48650.67
ORD001508,2025-03-17,PROD008,WH003,37,37,25039.59
ORD001509,2025-03-17,PROD009,WH004,26,26,17171.81
ORD001510,2025-03-17,PROD010,WH001,42,42,11753.21
ORD001511,2025-03-17,PROD011,WH001,71,71,5044.28
ORD001512,2025-03-17,PROD012,WH001,15,15,29788.06
ORD001513,2025-03-17,PROD013,WH004,1222,807,2474.8
ORD001514,2025-03-17,PROD014,WH004,82,82,3536.01
ORD001515,2025-03-17,PROD015,WH004,26,26,21116.22
ORD001516,2025-03-17,PROD016,WH004,22,22,34304.18
ORD001517,2025-03-17,PROD017,WH003,39,39,13876.92
ORD001518,2025-03-17,PROD018,WH003,45,45,38458.73
ORD001519,2025-03-17,PROD019,WH001,7,7,191606.25
ORD001520,2025-03-17,PROD020,WH001,8,8,100681.32
ORD001521,2025-03-18,PROD001,WH001,4,4,238541.49
ORD001522,2025-03-18,PROD002,WH001,5,5,418344.12
ORD001523,2025-03-18,PROD003,WH002,132,88,124107.04
ORD001524,2025-03-18,PROD004,WH002,22,22,58696.85
ORD001525,2025-03-18,PROD005,WH003,35,35,39503.54
ORD001526,2025-03-18,PROD006,WH003,6,6,161512.79
ORD001527,2025-03-18,PROD007,WH003,24,24,46933.72
ORD001528,2025-03-18,PROD008,WH003,29,29,25201.84
ORD001529,2025-03-18,PROD009,WH004,40,40,16824.51
ORD001530,2025-03-18,PROD010,WH001,47,47,11838.04
ORD001531,2025-03-18,PROD011,WH001,44,44,5027.62
ORD001532,2025-03-18,PROD012,WH001,31,31,29146.21
ORD001533,2025-03-18,PROD013,WH004,63,63,2461.93
ORD001534,2025-03-18,PROD014,WH004,69,69,3466.51
ORD001535,2025-03-18,PROD015,WH004,20,20,21262.55
ORD001536,2025-03-18,PROD016,WH004,24,24,34091.8
ORD001537,2025-03-18,PROD017,WH003,44,44,13788.35
ORD001538,2025-03-18,PROD018,WH003,33,33,37622.67
ORD001539,2025-03-18,PROD019,WH001,38,26,187679.43
ORD001540,2025-03-18,PROD020,WH001,15,15,97199.18
ORD001541,2025-03-19,PROD001,WH001,9,9,246504.73
ORD001542,2025-03-19,PROD002,WH001,3,3,410036.71
ORD001543,2025-03-19,PROD003,WH002,21,21,125018.93
ORD001544,2025-03-19,PROD004,WH002,20,20,59473.56
ORD001545,2025-03-19,PROD005,WH003,36,36,39495.8
ORD001546,2025-03-19,PROD006,WH003,10,10,163337.85
ORD001547,2025-03-19,PROD007,WH003,21,21,48450.28
ORD001548,2025-03-19,PROD008,WH003,38,38,25427.76
ORD001549,2025-03-19,PROD009,WH004,32,32,17203.3
ORD001550,2025-03-19,PROD010,WH001,49,49,12207.88
ORD001551,2025-03-19,PROD011,WH001,71,71,5022.53
ORD001552,2025-03-19,PROD012,WH001,9,9,30653.08
ORD001553,2025-03-19,PROD013,WH004,145,145,2507.52
ORD001554,2025-03-19,PROD014,WH004,123,123,3443.16
ORD001555,2025-03-19,PROD015,WH004,57,57,21052.54
ORD001556,2025-03-19,PROD016,WH004,17,17,34434.41
ORD001557,2025-03-19,PROD017,WH003,23,23,13624.4
ORD001558,2025-03-19,PROD018,WH003,32,32,37414.08
ORD001559,2025-03-19,PROD019,WH001,8,8,184768.29
ORD001560,2025-03-19,PROD020,WH001,19,19,98514.88
ORD001561,2025-03-20,PROD001,WH001,9,9,246970.21
ORD001562,2025-03-20,PROD002,WH001,5,5,402237.87
ORD001563,2025-03-20,PROD003,WH002,19,19,124732.79
ORD001564,2025-03-20,PROD004,WH002,29,29,58481.44
ORD001565,2025-03-20,PROD005,WH003,25,25,40910.74
ORD001566,2025-03-20,PROD006,WH003,10,10,167576.56
ORD001567,2025-03-20,PROD007,WH003,18,18,49177.78
ORD001568,2025-03-20,PROD008,WH003,25,25,25156.58
ORD001569,2025-03-20,PROD009,WH004,41,41,17372.63
ORD001570,2025-03-20,PROD010,WH001,63,63,11829.97
ORD001571,2025-03-20,PROD011,WH001,101,101,4979.17
ORD001572,2025-03-20,PROD012,WH001,23,23,30618.79
ORD001573,2025-03-20,PROD013,WH004,114,114,2473.83
ORD001574,2025-03-20,PROD014,WH004,83,83,3577.96
ORD001575,2025-03-20,PROD015,WH004,44,44,20827.52
ORD001576,2025-03-20,PROD016,WH004,21,21,33721.33
ORD001577,2025-03-20,PROD017,WH003,44,44,13345.32
ORD001578,2025-03-20,PROD018,WH003,32,32,38107.03
ORD001579,2025-03-20,PROD019,WH001,6,6,185771.38
ORD001580,2025-03-20,PROD020,WH001,11,11,97219.62
ORD001581,2025-03-21,PROD001,WH001,12,12,245722.75
ORD001582,2025-03-21,PROD002,WH001,9,9,420551.88
ORD001583,2025-03-21,PROD003,WH002,14,14,121821.28
ORD001584,2025-03-21,PROD004,WH002,19,19,58172.95
ORD001585,2025-03-21,PROD005,WH003,28,28,40095.24
ORD001586,2025-03-21,PROD006,WH003,8,8,163737.06
ORD001587,2025-03-21,PROD007,WH003,22,22,48198.45
ORD001588,2025-03-21,PROD008,WH003,39,39,24937.18
ORD001589,2025-03-21,PROD009,WH004,26,26,16989.43
ORD001590,2025-03-21,PROD010,WH001,41,41,12183.84
ORD001591,2025-03-21,PROD011,WH001,89,89,5007.79
ORD001592,2025-03-21,PROD012,WH001,38,38,29682.58
ORD001593,2025-03-21,PROD013,WH004,86,86,2512.22
ORD001594,2025-03-21,PROD014,WH004,64,64,3529.56
ORD001595,2025-03-21,PROD015,WH004,45,45,21204.51
ORD001596,2025-03-21,PROD016,WH004,20,20,34241.35
ORD001597,2025-03-21,PROD017,WH003,62,62,13633.33
ORD001598,2025-03-21,PROD018,WH003,57,57,37567.01
ORD001599,2025-03-21,PROD019,WH001,10,10,189385.93
ORD001600,2025-03-21,PROD020,WH001,4,4,101012.24
ORD001601,2025-03-22,PROD001,WH001,11,11,243662.91
ORD001602,2025-03-22,PROD002,WH001,4,4,408379.99
ORD001603,2025-03-22,PROD003,WH002,9,9,123990.0
ORD001604,2025-03-22,PROD004,WH002,19,19,58751.27
ORD001605,2025-03-22,PROD005,WH003,128,80,39333.22
ORD001606,2025-03-22,PROD006,WH003,8,8,160143.97
ORD001607,2025-03-22,PROD007,WH003,16,16,47916.96
ORD001608,2025-03-22,PROD008,WH003,37,37,24510.06
ORD001609,2025-03-22,PROD009,WH004,30,30,16875.85
ORD001610,2025-03-22,PROD010,WH001,39,39,11849.69
ORD001611,2025-03-22,PROD011,WH001,81,81,5083.18
ORD001612,2025-03-22,PROD012,WH001,17,17,29696.54
ORD001613,2025-03-22,PROD013,WH004,95,95,2521.1
ORD001614,2025-03-22,PROD014,WH004,101,101,3536.52
ORD001615,2025-03-22,PROD015,WH004,38,38,20945.13
ORD001616,2025-03-22,PROD016,WH004,177,126,33145.4
ORD001617,2025-03-22,PROD017,WH003,57,57,13662.3
ORD001618,2025-03-22,PROD018,WH003,36,36,37031.38
ORD001619,2025-03-22,PROD019,WH001,7,7,185431.03
ORD001620,2025-03-22,PROD020,WH001,10,10,98175.98
ORD001621,2025-03-23,PROD001,WH001,11,11,236837.41
ORD001622,2025-03-23,PROD002,WH001,3,3,418522.71
ORD001623,2025-03-23,PROD003,WH002,9,9,126311.91
ORD001624,2025-03-23,PROD004,WH002,24,24,57607.5
ORD001625,2025-03-23,PROD005,WH003,20,20,41148.71
ORD001626,2025-03-23,PROD006,WH003,12,12,162461.67
ORD001627,2025-03-23,PROD007,WH003,9,9,48316.27
ORD001628,2025-03-23,PROD008,WH003,29,29,25520.82
ORD001629,2025-03-23,PROD009,WH004,31,31,17308.06
ORD001630,2025-03-23,PROD010,WH001,74,74,11705.02
ORD001631,2025-03-23,PROD011,WH001,51,51,5059.18
ORD001632,2025-03-23,PROD012,WH001,23,23,29564.15
ORD001633,2025-03-23,PROD013,WH004,92,92,2478.36
ORD001634,2025-03-23,PROD014,WH004,50,50,3497.69
ORD001635,2025-03-23,PROD015,WH004,29,29,21366.35
ORD001636,2025-03-23,PROD016,WH004,22,22,33319.05
ORD001637,2025-03-23,PROD017,WH003,26,26,13182.93
ORD001638,2025-03-23,PROD018,WH003,13,13,37209.85
ORD001639,2025-03-23,PROD019,WH001,7,7,186787.75
ORD001640,2025-03-23,PROD020,WH001,7,7,97357.01
ORD001641,2025-03-24,PROD001,WH001,8,8,246139.53
ORD001642,2025-03-24,PROD002,WH001,7,7,405549.45
ORD001643,2025-03-24,PROD003,WH002,9,9,122577.32
ORD001644,2025-03-24,PROD004,WH002,22,22,58479.66
ORD001645,2025-03-24,PROD005,WH003,34,34,40688.79
ORD001646,2025-03-24,PROD006,WH003,9,9,167507.02
ORD001647,2025-03-24,PROD007,WH003,20,20,48629.88
ORD001648,2025-03-24,PROD008,WH003,28,28,24325.79
ORD001649,2025-03-24,PROD009,WH004,25,25,17287.8
ORD001650,2025-03-24,PROD010,WH001,57,57,12001.35
ORD001651,2025-03-24,PROD011,WH001,69,69,5044.73
ORD001652,2025-03-24,PROD012,WH001,27,27,30821.56
ORD001653,2025-03-24,PROD013,WH004,95,95,2546.6
ORD001654,2025-03-24,PROD014,WH004,90,90,3568.33
ORD001655,2025-03-24,PROD015,WH004,48,48,20598.65
ORD001656,2025-03-24,PROD016,WH004,21,21,33951.89
ORD001657,2025-03-24,PROD017,WH003,48,48,13863.95
ORD001658,2025-03-24,PROD018,WH003,43,43,38188.52
ORD001659,2025-03-24,PROD019,WH001,8,8,185469.48
ORD001660,2025-03-24,PROD020,WH001,8,8,101390.92
ORD001661,2025-03-25,PROD001,WH001,7,7,233418.15
ORD001662,2025-03-25,PROD002,WH001,6,6,415960.51
ORD001663,2025-03-25,PROD003,WH002,10,10,127848.29
ORD001664,2025-03-25,PROD004,WH002,24,24,57739.87
ORD001665,2025-03-25,PROD005,WH003,25,25,39792.67
ORD001666,2025-03-25,PROD006,WH003,7,7,163061.69
ORD001667,2025-03-25,PROD007,WH003,22,22,49085.58
ORD001668,2025-03-25,PROD008,WH003,34,34,25071.68
ORD001669,2025-03-25,PROD009,WH004,51,51,17080.85
ORD001670,2025-03-25,PROD010,WH001,41,41,12116.43
ORD001671,2025-03-25,PROD011,WH001,57,57,4940.07
ORD001672,2025-03-25,PROD012,WH001,439,227,29879.02
ORD001673,2025-03-25,PROD013,WH004,116,116,2536.24
ORD001674,2025-03-25,PROD014,WH004,64,64,3601.95
ORD001675,2025-03-25,PROD015,WH004,29,29,20413.22
ORD001676,2025-03-25,PROD016,WH004,282,142,33067.0
ORD001677,2025-03-25,PROD017,WH003,38,38,13441.75
ORD001678,2025-03-25,PROD018,WH003,45,45,38363.94
ORD001679,2025-03-25,PROD019,WH001,8,8,188704.56
ORD001680,2025-03-25,PROD020,WH001,8,8,102997.83
ORD001681,2025-03-26,PROD001,WH001,2,2,235613.17
ORD001682,2025-03-26,PROD002,WH001,8,8,397894.97
ORD001683,2025-03-26,PROD003,WH002,23,23,122675.97
ORD001684,2025-03-26,PROD004,WH002,33,33,59346.21
ORD001685,2025-03-26,PROD005,WH003,26,26,39148.36
ORD001686,2025-03-26,PROD006,WH003,13,13,164791.85
ORD001687,2025-03-26,PROD007,WH003,12,12,47767.52
ORD001688,2025-03-26,PROD008,WH003,37,37,25248.59
ORD001689,2025-03-26,PROD009,WH004,32,32,16545.69
ORD001690,2025-03-26,PROD010,WH001,31,31,12114.3
ORD001691,2025-03-26,PROD011,WH001,104,104,4956.43
ORD001692,2025-03-26,PROD012,WH001,22,22,30766.87
ORD001693,2025-03-26,PROD013,WH004,107,107,2552.33
ORD001694,2025-03-26,PROD014,WH004,86,86,3478.9
ORD001695,2025-03-26,PROD015,WH004,23,23,21621.04
ORD001696,2025-03-26,PROD016,WH004,20,20,33085.97
ORD001697,2025-03-26,PROD017,WH003,331,249,13733.79
ORD001698,2025-03-26,PROD018,WH003,34,34,37849.15
ORD001699,2025-03-26,PROD019,WH001,9,9,189239.68
ORD001700,2025-03-26,PROD020,WH001,15,15,98020.8
ORD001701,2025-03-27,PROD001,WH001,10,10,240214.27
ORD001702,2025-03-27,PROD002,WH001,6,6,399784.08
ORD001703,2025-03-27,PROD003,WH002,14,14,125874.33
ORD001704,2025-03-27,PROD004,WH002,16,16,57100.73
ORD001705,2025-03-27,PROD005,WH003,25,25,40539.66
ORD001706,2025-03-27,PROD006,WH003,9,9,166062.88
ORD001707,2025-03-27,PROD007,WH003,11,11,48709.65
ORD001708,2025-03-27,PROD008,WH003,16,16,25374.61
ORD001709,2025-03-27,PROD009,WH004,38,38,16690.64
ORD001710,2025-03-27,PROD010,WH001,34,34,11640.49
ORD001711,2025-03-27,PROD011,WH001,72,72,4959.73
ORD001712,2025-03-27,PROD012,WH001,21,21,30754.32
ORD001713,2025-03-27,PROD013,WH004,105,105,2511.68
ORD001714,2025-03-27,PROD014,WH004,59,59,3547.78
ORD001715,2025-03-27,PROD015,WH004,21,21,21478.26
ORD001716,2025-03-27,PROD016,WH004,11,11,34828.36
ORD001717,2025-03-27,PROD017,WH003,36,36,13523.51
ORD001718,2025-03-27,PROD018,WH003,35,35,38093.35
ORD001719,2025-03-27,PROD019,WH001,9,9,194000.7
ORD001720,2025-03-27,PROD020,WH001,12,12,101844.91
ORD001721,2025-03-28,PROD001,WH001,8,8,242863.56
ORD001722,2025-03-28,PROD002,WH001,6,6,412569.82
ORD001723,2025-03-28,PROD003,WH002,10,10,125879.11
ORD001724,2025-03-28,PROD004,WH002,17,17,57522.93
ORD001725,2025-03-28,PROD005,WH003,51,51,40818.2
ORD001726,2025-03-28,PROD006,WH003,11,11,166166.02
ORD001727,2025-03-28,PROD007,WH003,18,18,47203.76
ORD001728,2025-03-28,PROD008,WH003,44,44,24609.76
ORD001729,2025-03-28,PROD009,WH004,41,41,17368.84
ORD001730,2025-03-28,PROD010,WH001,61,61,12090.51
ORD001731,2025-03-28,PROD011,WH001,51,51,4969.61
ORD001732,2025-03-28,PROD012,WH001,6,6,29436.78
ORD001733,2025-03-28,PROD013,WH004,98,98,2516.53
ORD001734,2025-03-28,PROD014,WH004,95,95,3433.71
ORD001735,2025-03-28,PROD015,WH004,27,27,20962.41
ORD001736,2025-03-28,PROD016,WH004,19,19,34362.12
ORD001737,2025-03-28,PROD017,WH003,66,66,13552.99
ORD001738,2025-03-28,PROD018,WH003,34,34,38962.39
ORD001739,2025-03-28,PROD019,WH001,7,7,184752.82
ORD001740,2025-03-28,PROD020,WH001,10,10,98678.77
ORD001741,2025-03-29,PROD001,WH001,12,12,233622.04
ORD001742,2025-03-29,PROD002,WH001,7,7,402487.26
ORD001743,2025-03-29,PROD003,WH002,16,16,122179.88
ORD001744,2025-03-29,PROD004,WH002,16,16,58809.66
ORD001745,2025-03-29,PROD005,WH003,26,26,39686.5
ORD001746,2025-03-29,PROD006,WH003,13,13,169207.94
ORD001747,2025-03-29,PROD007,WH003,21,21,46627.33
ORD001748,2025-03-29,PROD008,WH003,31,31,25229.39
ORD001749,2025-03-29,PROD009,WH004,30,30,17479.96
ORD001750,2025-03-29,PROD010,WH001,45,45,11766.6
ORD001751,2025-03-29,PROD011,WH001,80,80,4982.73
ORD001752,2025-03-29,PROD012,WH001,21,21,30363.4
ORD001753,2025-03-29,PROD013,WH004,50,50,2519.97
ORD001754,2025-03-29,PROD014,WH004,101,101,3513.87
ORD001755,2025-03-29,PROD015,WH004,31,31,20781.71
ORD001756,2025-03-29,PROD016,WH004,54,54,34465.53
ORD001757,2025-03-29,PROD017,WH003,23,23,13624.14
ORD001758,2025-03-29,PROD018,WH003,44,44,37231.18
ORD001759,2025-03-29,PROD019,WH001,6,6,195290.63
ORD001760,2025-03-29,PROD020,WH001,13,13,100334.04
ORD001761,2025-03-30,PROD001,WH001,10,10,240366.65
ORD001762,2025-03-30,PROD002,WH001,6,6,418566.62
ORD001763,2025-03-30,PROD003,WH002,16,16,126053.1
ORD001764,2025-03-30,PROD004,WH002,27,27,56519.19
ORD001765,2025-03-30,PROD005,WH003,29,29,40015.81
ORD001766,2025-03-30,PROD006,WH003,7,7,167777.91
ORD001767,2025-03-30,PROD007,WH003,21,21,48575.94
ORD001768,2025-03-30,PROD008,WH003,22,22,25706.15
ORD001769,2025-03-30,PROD009,WH004,494,292,16515.41
ORD001770,2025-03-30,PROD010,WH001,35,35,11828.08
ORD001771,2025-03-30,PROD011,WH001,65,65,5014.75
ORD001772,2025-03-30,PROD012,WH001,21,21,30215.08
ORD001773,2025-03-30,PROD013,WH004,86,86,2466.15
ORD001774,2025-03-30,PROD014,WH004,78,78,3568.63
ORD001775,2025-03-30,PROD015,WH004,24,24,20577.08
ORD001776,2025-03-30,PROD016,WH004,20,20,32981.73
ORD001777,2025-03-30,PROD017,WH003,53,53,13866.44
ORD001778,2025-03-30,PROD018,WH003,38,38,37752.75
ORD001779,2025-03-30,PROD019,WH001,12,12,195215.38
ORD001780,2025-03-30,PROD020,WH001,15,15,98667.59
ORD001781,2025-03-31,PROD001,WH001,9,9,233713.66
ORD001782,2025-03-31,PROD002,WH001,9,9,416703.98
ORD001783,2025-03-31,PROD003,WH002,12,12,127518.65
ORD001784,2025-03-31,PROD004,WH002,22,22,57972.46
ORD001785,2025-03-31,PROD005,WH003,22,22,38977.24
ORD001786,2025-03-31,PROD006,WH003,9,9,166525.93
ORD001787,2025-03-31,PROD007,WH003,9,9,47084.57
ORD001788,2025-03-31,PROD008,WH003,29,29,25524.07
ORD001789,2025-03-31,PROD009,WH004,18,18,16769.5
ORD001790,2025-03-31,PROD010,WH001,43,43,12250.35
ORD001791,2025-03-31,PROD011,WH001,79,79,4978.08
ORD001792,2025-03-31,PROD012,WH001,31,31,30173.68
ORD001793,2025-03-31,PROD013,WH004,103,103,2543.43
ORD001794,2025-03-31,PROD014,WH004,45,45,3403.49
ORD001795,2025-03-31,PROD015,WH004,34,34,21404.67
ORD001796,2025-03-31,PROD016,WH004,25,25,33262.84
ORD001797,2025-03-31,PROD017,WH003,34,34,13385.32
ORD001798,2025-03-31,PROD018,WH003,34,34,37937.94
ORD001799,2025-03-31,PROD019,WH001,8,8,194507.86
ORD001800,2025-03-31,PROD020,WH001,12,12,97134.64
ORD001801,2025-04-01,PROD001,WH001,8,8,240852.52
ORD001802,2025-04-01,PROD002,WH001,5,5,413506.05
ORD001803,2025-04-01,PROD003,WH002,7,7,123624.37
ORD001804,2025-04-01,PROD004,WH002,31,31,57270.89
ORD001805,2025-04-01,PROD005,WH003,28,28,39977.13
ORD001806,2025-04-01,PROD006,WH003,7,7,161902.29
ORD001807,2025-04-01,PROD007,WH003,20,20,47908.18
ORD001808,2025-04-01,PROD008,WH003,24,24,25397.54
ORD001809,2025-04-01,PROD009,WH004,22,22,17352.3
ORD001810,2025-04-01,PROD010,WH001,42,42,11917.32
ORD001811,2025-04-01,PROD011,WH001,55,55,5035.19
ORD001812,2025-04-01,PROD012,WH001,24,24,29100.04
ORD001813,2025-04-01,PROD013,WH004,53,53,2507.55
ORD001814,2025-04-01,PROD014,WH004,95,95,3599.8
ORD001815,2025-04-01,PROD015,WH004,28,28,20763.45
ORD001816,2025-04-01,PROD016,WH004,17,17,34193.34
ORD001817,2025-04-01,PROD017,WH003,40,40,13712.45
ORD001818,2025-04-01,PROD018,WH003,43,43,38248.37
ORD001819,2025-04-01,PROD019,WH001,10,10,189070.9
ORD001820,2025-04-01,PROD020,WH001,10,10,97915.45
ORD001821,2025-04-02,PROD001,WH001,60,33,239477.3
ORD001822,2025-04-02,PROD002,WH001,3,3,404951.69
ORD001823,2025-04-02,PROD003,WH002,19,19,126469.4
ORD001824,2025-04-02,PROD004,WH002,25,25,57797.86
ORD001825,2025-04-02,PROD005,WH003,368,230,40839.71
ORD001826,2025-04-02,PROD006,WH003,4,4,161963.89
ORD001827,2025-04-02,PROD007,WH003,16,16,47763.03
ORD001828,2025-04-02,PROD008,WH003,22,22,25086.26
ORD001829,2025-04-02,PROD009,WH004,41,41,16618.53
ORD001830,2025-04-02,PROD010,WH001,35,35,12063.3
ORD001831,2025-04-02,PROD011,WH001,86,86,4937.28
ORD001832,2025-04-02,PROD012,WH001,25,25,29513.17
ORD001833,2025-04-02,PROD013,WH004,98,98,2446.29
ORD001834,2025-04-02,PROD014,WH004,100,100,3468.48
ORD001835,2025-04-02,PROD015,WH004,27,27,21540.52
ORD001836,2025-04-02,PROD016,WH004,24,24,33043.25
ORD001837,2025-04-02,PROD017,WH003,52,52,13785.25
ORD001838,2025-04-02,PROD018,WH003,33,33,37765.98
ORD001839,2025-04-02,PROD019,WH001,10,10,190702.26
ORD001840,2025-04-02,PROD020,WH001,12,12,100076.87
ORD001841,2025-04-03,PROD001,WH001,6,6,246130.66
ORD001842,2025-04-03,PROD002,WH001,6,6,416645.18
ORD001843,2025-04-03,PROD003,WH002,10,10,128636.18
ORD001844,2025-04-03,PROD004,WH002,114,65,59024.62
ORD001845,2025-04-03,PROD005,WH003,25,25,39510.13
ORD001846,2025-04-03,PROD006,WH003,13,13,169582.55
ORD001847,2025-04-03,PROD007,WH003,25,25,49392.67
ORD001848,2025-04-03,PROD008,WH003,29,29,24434.64
ORD001849,2025-04-03,PROD009,WH004,37,37,17409.07
ORD001850,2025-04-03,PROD010,WH001,38,38,12118.23
ORD001851,2025-04-03,PROD011,WH001,103,103,5126.6
ORD001852,2025-04-03,PROD012,WH001,20,20,30748.33
ORD001853,2025-04-03,PROD013,WH004,98,98,2558.71
ORD001854,2025-04-03,PROD014,WH004,84,84,3580.91
ORD001855,2025-04-03,PROD015,WH004,40,40,20518.23
ORD001856,2025-04-03,PROD016,WH004,17,17,33272.77
ORD001857,2025-04-03,PROD017,WH003,51,51,13190.4
ORD001858,2025-04-03,PROD018,WH003,39,39,37067.55
ORD001859,2025-04-03,PROD019,WH001,8,8,188327.45
ORD001860,2025-04-03,PROD020,WH001,10,10,101103.75
ORD001861,2025-04-04,PROD001,WH001,5,5,237907.57
ORD001862,2025-04-04,PROD002,WH001,5,5,415419.39
ORD001863,2025-04-04,PROD003,WH002,17,17,127402.12
ORD001864,2025-04-04,PROD004,WH002,16,16,58578.43
ORD001865,2025-04-04,PROD005,WH003,27,27,39916.25
ORD001866,2025-04-04,PROD006,WH003,6,6,162975.62
ORD001867,2025-04-04,PROD007,WH003,22,22,46918.28
ORD001868,2025-04-04,PROD008,WH003,40,40,24990.48
ORD001869,2025-04-04,PROD009,WH004,41,41,17223.99
ORD001870,2025-04-04,PROD010,WH001,39,39,12034.74
ORD001871,2025-04-04,PROD011,WH001,66,66,5066.44
ORD001872,2025-04-04,PROD012,WH001,18,18,29703.4
ORD001873,2025-04-04,PROD013,WH004,135,135,2435.02
ORD001874,2025-04-04,PROD014,WH004,84,84,3556.93
ORD001875,2025-04-04,PROD015,WH004,29,29,20646.85
ORD001876,2025-04-04,PROD016,WH004,18,18,34237.22
ORD001877,2025-04-04,PROD017,WH003,46,46,13746.48
ORD001878,2025-04-04,PROD018,WH003,32,32,37177.17
ORD001879,2025-04-04,PROD019,WH001,9,9,191122.84
ORD001880,2025-04-04,PROD020,WH001,6,6,101136.25
ORD001881,2025-04-05,PROD001,WH001,5,5,243550.04
ORD001882,2025-04-05,PROD002,WH001,5,5,401332.6
ORD001883,2025-04-05,PROD003,WH002,20,20,127438.37
ORD001884,2025-04-05,PROD004,WH002,25,25,56587.64
ORD001885,2025-04-05,PROD005,WH003,29,29,40047.0
ORD001886,2025-04-05,PROD006,WH003,6,6,164439.79
ORD001887,2025-04-05,PROD007,WH003,10,10,47198.69
ORD001888,2025-04-05,PROD008,WH003,25,25,24702.9
ORD001889,2025-04-05,PROD009,WH004,57,57,16657.72
ORD001890,2025-04-05,PROD010,WH001,44,44,11946.52
ORD001891,2025-04-05,PROD011,WH001,103,103,4860.65
ORD001892,2025-04-05,PROD012,WH001,24,24,30700.05
ORD001893,2025-04-05,PROD013,WH004,77,77,2449.52
ORD001894,2025-04-05,PROD014,WH004,94,94,3581.06
ORD001895,2025-04-05,PROD015,WH004,34,34,21458.11
ORD001896,2025-04-05,PROD016,WH004,26,26,33901.42
ORD001897,2025-04-05,PROD017,WH003,28,28,13498.16
ORD001898,2025-04-05,PROD018,WH003,19,19,37548.36
ORD001899,2025-04-05,PROD019,WH001,7,7,195664.37
ORD001900,2025-04-05,PROD020,WH001,12,12,101024.63
ORD001901,2025-04-06,PROD001,WH001,9,9,246506.04
ORD001902,2025-04-06,PROD002,WH001,5,5,407904.0
ORD001903,2025-04-06,PROD003,WH002,15,15,127872.62
ORD001904,2025-04-06,PROD004,WH002,20,20,57819.86
ORD001905,2025-04-06,PROD005,WH003,14,14,40880.39
ORD001906,2025-04-06,PROD006,WH003,11,11,161346.17
ORD001907,2025-04-06,PROD007,WH003,19,19,48394.14
ORD001908,2025-04-06,PROD008,WH003,37,37,25268.06
ORD001909,2025-04-06,PROD009,WH004,30,30,17159.29
ORD001910,2025-04-06,PROD010,WH001,70,70,11961.86
ORD001911,2025-04-06,PROD011,WH001,64,64,5055.17
ORD001912,2025-04-06,PROD012,WH001,26,26,29531.03
ORD001913,2025-04-06,PROD013,WH004,99,99,2514.38
ORD001914,2025-04-06,PROD014,WH004,102,102,3511.39
ORD001915,2025-04-06,PROD015,WH004,31,31,20771.11
ORD001916,2025-04-06,PROD016,WH004,9,9,34568.88
ORD001917,2025-04-06,PROD017,WH003,48,48,13160.51
ORD001918,2025-04-06,PROD018,WH003,42,42,37250.88
ORD001919,2025-04-06,PROD019,WH001,9,9,189671.11
ORD001920,2025-04-06,PROD020,WH001,10,10,102350.42
ORD001921,2025-04-07,PROD001,WH001,8,8,241082.3
ORD001922,2025-04-07,PROD002,WH001,5,5,418414.84
ORD001923,2025-04-07,PROD003,WH002,7,7,125131.77
ORD001924,2025-04-07,PROD004,WH002,30,30,58993.39
ORD001925,2025-04-07,PROD005,WH003,23,23,39581.91
ORD001926,2025-04-07,PROD006,WH003,8,8,168119.91
ORD001927,2025-04-07,PROD007,WH003,18,18,47716.86
ORD001928,2025-04-07,PROD008,WH003,38,38,25088.25
ORD001929,2025-04-07,PROD009,WH004,25,25,16669.4
ORD001930,2025-04-07,PROD010,WH001,39,39,12302.71
ORD001931,2025-04-07,PROD011,WH001,67,67,5060.44
ORD001932,2025-04-07,PROD012,WH001,30,30,30645.94
ORD001933,2025-04-07,PROD013,WH004,57,57,2456.18
ORD001934,2025-04-07,PROD014,WH004,76,76,3409.21
ORD001935,2025-04-07,PROD015,WH004,31,31,20794.88
ORD001936,2025-04-07,PROD016,WH004,16,16,34034.04
ORD001937,2025-04-07,PROD017,WH003,24,24,13744.92
ORD001938,2025-04-07,PROD018,WH003,50,50,37766.82
ORD001939,2025-04-07,PROD019,WH001,7,7,187377.52
ORD001940,2025-04-07,PROD020,WH001,11,11,99235.27
ORD001941,2025-04-08,PROD001,WH001,9,9,242931.95
ORD001942,2025-04-08,PROD002,WH001,6,6,405970.97
ORD001943,2025-04-08,PROD003,WH002,12,12,128593.74
ORD001944,2025-04-08,PROD004,WH002,12,12,56868.93
ORD001945,2025-04-08,PROD005,WH003,24,24,40607.43
ORD001946,2025-04-08,PROD006,WH003,7,7,165882.72
ORD001947,2025-04-08,PROD007,WH003,11,11,47231.32
ORD001948,2025-04-08,PROD008,WH003,27,27,25380.42
ORD001949,2025-04-08,PROD009,WH004,24,24,16946.49
ORD001950,2025-04-08,PROD010,WH001,45,45,12131.33
ORD001951,2025-04-08,PROD011,WH001,62,62,5048.68
ORD001952,2025-04-08,PROD012,WH001,32,32,29299.16
ORD001953,2025-04-08,PROD013,WH004,132,132,2551.0
ORD001954,2025-04-08,PROD014,WH004,105,105,3538.11
ORD001955,2025-04-08,PROD015,WH004,44,44,21353.54
ORD001956,2025-04-08,PROD016,WH004,39,39,33893.44
ORD001957,2025-04-08,PROD017,WH003,64,64,13253.0
ORD001958,2025-04-08,PROD018,WH003,39,39,37603.77
ORD001959,2025-04-08,PROD019,WH001,10,10,194576.75
ORD001960,2025-04-08,PROD020,WH001,8,8,102628.11
ORD001961,2025-04-09,PROD001,WH001,6,6,239738.88
ORD001962,2025-04-09,PROD002,WH001,4,4,405050.37
ORD001963,2025-04-09,PROD003,WH002,174,126,126727.33
ORD001964,2025-04-09,PROD004,WH002,15,15,58925.66
ORD001965,2025-04-09,PROD005,WH003,20,20,40757.12
ORD001966,2025-04-09,PROD006,WH003,12,12,160357.73
ORD001967,2025-04-09,PROD007,WH003,24,24,46588.03
ORD001968,2025-04-09,PROD008,WH003,27,27,24785.73
ORD001969,2025-04-09,PROD009,WH004,56,56,16645.55
ORD001970,2025-04-09,PROD010,WH001,35,35,12219.59
ORD001971,2025-04-09,PROD011,WH001,588,487,5009.85
ORD001972,2025-04-09,PROD012,WH001,25,25,30585.63
ORD001973,2025-04-09,PROD013,WH004,131,131,2451.54
ORD001974,2025-04-09,PROD014,WH004,99,99,3526.72
ORD001975,2025-04-09,PROD015,WH004,35,35,21101.02
ORD001976,2025-04-09,PROD016,WH004,23,23,33674.37
ORD001977,2025-04-09,PROD017,WH003,55,55,13513.84
ORD001978,2025-04-09,PROD018,WH003,31,31,38202.98
ORD001979,2025-04-09,PROD019,WH001,7,7,194440.16
ORD001980,2025-04-09,PROD020,WH001,10,10,97333.83
ORD001981,2025-04-10,PROD001,WH001,12,12,244656.58
ORD001982,2025-04-10,PROD002,WH001,8,8,421811.85
ORD001983,2025-04-10,PROD003,WH002,19,19,126738.31
ORD001984,2025-04-10,PROD004,WH002,22,22,58825.97
ORD001985,2025-04-10,PROD005,WH003,34,34,39323.14
ORD001986,2025-04-10,PROD006,WH003,4,4,165228.43
ORD001987,2025-04-10,PROD007,WH003,9,9,48593.11
ORD001988,2025-04-10,PROD008,WH003,40,40,25153.42
ORD001989,2025-04-10,PROD009,WH004,31,31,16882.83
ORD001990,2025-04-10,PROD010,WH001,41,41,12316.89
ORD001991,2025-04-10,PROD011,WH001,95,95,5004.2
ORD001992,2025-04-10,PROD012,WH001,26,26,30845.78
ORD001993,2025-04-10,PROD013,WH004,126,126,2509.58
ORD001994,2025-04-10,PROD014,WH004,91,91,3561.61
ORD001995,2025-04-10,PROD015,WH004,39,39,21304.95
ORD001996,2025-04-10,PROD016,WH004,21,21,34328.08
ORD001997,2025-04-10,PROD017,WH003,40,40,13106.71
ORD001998,2025-04-10,PROD018,WH003,28,28,37036.54
ORD001999,2025-04-10,PROD019,WH001,4,4,190928.92
ORD002000,2025-04-10,PROD020,WH001,8,8,102470.69
ORD002001,2025-04-11,PROD001,WH001,5,5,241456.44
ORD002002,2025-04-11,PROD002,WH001,7,7,403505.5
ORD002003,2025-04-11,PROD003,WH002,18,18,123651.64
ORD002004,2025-04-11,PROD004,WH002,17,17,58428.6
ORD002005,2025-04-11,PROD005,WH003,34,34,40232.93
ORD002006,2025-04-11,PROD006,WH003,7,7,169511.46
ORD002007,2025-04-11,PROD007,WH003,11,11,48083.76
ORD002008,2025-04-11,PROD008,WH003,40,40,24782.52
ORD002009,2025-04-11,PROD009,WH004,40,40,17025.49
ORD002010,2025-04-11,PROD010,WH001,34,34,12206.09
ORD002011,2025-04-11,PROD011,WH001,98,98,5012.11
ORD002012,2025-04-11,PROD012,WH001,21,21,29686.89
ORD002013,2025-04-11,PROD013,WH004,897,712,2475.79
ORD002014,2025-04-11,PROD014,WH004,77,77,3553.93
ORD002015,2025-04-11,PROD015,WH004,45,45,20453.72
ORD002016,2025-04-11,PROD016,WH004,18,18,33540.5
ORD002017,2025-04-11,PROD017,WH003,29,29,13218.96
ORD002018,2025-04-11,PROD018,WH003,34,34,39013.86
ORD002019,2025-04-11,PROD019,WH001,9,9,185327.07
ORD002020,2025-04-11,PROD020,WH001,13,13,101549.1
ORD002021,2025-04-12,PROD001,WH001,9,9,241878.13
ORD002022,2025-04-12,PROD002,WH001,5,5,413266.99
ORD002023,2025-04-12,PROD003,WH002,15,15,126975.75
ORD002024,2025-04-12,PROD004,WH002,22,22,57653.7
ORD002025,2025-04-12,PROD005,WH003,26,26,39761.78
ORD002026,2025-04-12,PROD006,WH003,10,10,162908.19
ORD002027,2025-04-12,PROD007,WH003,12,12,48281.52
ORD002028,2025-04-12,PROD008,WH003,41,41,25644.71
ORD002029,2025-04-12,PROD009,WH004,24,24,17432.46
ORD002030,2025-04-12,PROD010,WH001,67,67,12146.13
ORD002031,2025-04-12,PROD011,WH001,94,94,5121.86
ORD002032,2025-04-12,PROD012,WH001,298,237,30834.33
ORD002033,2025-04-12,PROD013,WH004,116,116,2544.27
ORD002034,2025-04-12,PROD014,WH004,72,72,3480.64
ORD002035,2025-04-12,PROD015,WH004,37,37,20978.86
ORD002036,2025-04-12,PROD016,WH004,19,19,34879.76
ORD002037,2025-04-12,PROD017,WH003,57,57,13637.71
ORD002038,2025-04-12,PROD018,WH003,28,28,38731.18
ORD002039,2025-04-12,PROD019,WH001,8,8,185623.7
ORD002040,2025-04-12,PROD020,WH001,9,9,98163.41
ORD002041,2025-04-13,PROD001,WH001,6,6,237755.16
ORD002042,2025-04-13,PROD002,WH001,5,5,402330.72
ORD002043,2025-04-13,PROD003,WH002,13,13,128048.49
ORD002044,2025-04-13,PROD004,WH002,9,9,57014.78
ORD002045,2025-04-13,PROD005,WH003,27,27,40137.24
ORD002046,2025-04-13,PROD006,WH003,11,11,160895.99
ORD002047,2025-04-13,PROD007,WH003,13,13,47006.29
ORD002048,2025-04-13,PROD008,WH003,13,13,24621.12
ORD002049,2025-04-13,PROD009,WH004,47,47,17492.55
ORD002050,2025-04-13,PROD010,WH001,33,33,12213.89
ORD002051,2025-04-13,PROD011,WH001,73,73,5052.07
ORD002052,2025-04-13,PROD012,WH001,30,30,30749.27
ORD002053,2025-04-13,PROD013,WH004,118,118,2568.43
ORD002054,2025-04-13,PROD014,WH004,63,63,3490.25
ORD002055,2025-04-13,PROD015,WH004,269,223,20782.89
ORD002056,2025-04-13,PROD016,WH004,18,18,33623.24
ORD002057,2025-04-13,PROD017,WH003,32,32,13123.94
ORD002058,2025-04-13,PROD018,WH003,53,53,37497.57
ORD002059,2025-04-13,PROD019,WH001,85,44,188347.52
ORD002060,2025-04-13,PROD020,WH001,7,7,97221.39
ORD002061,2025-04-14,PROD001,WH001,9,9,245509.51
ORD002062,2025-04-14,PROD002,WH001,6,6,418557.28
ORD002063,2025-04-14,PROD003,WH002,8,8,123136.26
ORD002064,2025-04-14,PROD004,WH002,18,18,59052.9
ORD002065,2025-04-14,PROD005,WH003,27,27,40710.91
ORD002066,2025-04-14,PROD006,WH003,4,4,163366.63
ORD002067,2025-04-14,PROD007,WH003,13,13,48567.56
ORD002068,2025-04-14,PROD008,WH003,354,292,24684.79
ORD002069,2025-04-14,PROD009,WH004,33,33,16561.68
ORD002070,2025-04-14,PROD010,WH001,45,45,12003.45
ORD002071,2025-04-14,PROD011,WH001,81,81,4981.5
ORD002072,2025-04-14,PROD012,WH001,40,40,29348.68
ORD002073,2025-04-14,PROD013,WH004,138,138,2498.58
ORD002074,2025-04-14,PROD014,WH004,111,111,3594.37
ORD002075,2025-04-14,PROD015,WH004,20,20,21291.56
ORD002076,2025-04-14,PROD016,WH004,24,24,34487.3
ORD002077,2025-04-14,PROD017,WH003,38,38,13708.62
ORD002078,2025-04-14,PROD018,WH003,17,17,38557.77
ORD002079,2025-04-14,PROD019,WH001,7,7,184526.88
ORD002080,2025-04-14,PROD020,WH001,11,11,102548.15
ORD002081,2025-04-15,PROD001,WH001,8,8,244753.98
ORD002082,2025-04-15,PROD002,WH001,5,5,404454.65
ORD002083,2025-04-15,PROD003,WH002,10,10,125395.58
ORD002084,2025-04-15,PROD004,WH002,19,19,58400.22
ORD002085,2025-04-15,PROD005,WH003,29,29,39116.67
ORD002086,2025-04-15,PROD006,WH003,18,18,162564.24
ORD002087,2025-04-15,PROD007,WH003,21,21,46626.96
ORD002088,2025-04-15,PROD008,WH003,32,32,25545.93
ORD002089,2025-04-15,PROD009,WH004,42,42,16515.4
ORD002090,2025-04-15,PROD010,WH001,38,38,11869.46
ORD002091,2025-04-15,PROD011,WH001,65,65,4873.47
ORD002092,2025-04-15,PROD012,WH001,25,25,30506.53
ORD002093,2025-04-15,PROD013,WH004,76,76,2563.75
ORD002094,2025-04-15,PROD014,WH004,86,86,3513.19
ORD002095,2025-04-15,PROD015,WH004,26,26,20545.85
ORD002096,2025-04-15,PROD016,WH004,25,25,34118.65
ORD002097,2025-04-15,PROD017,WH003,23,23,13718.98
ORD002098,2025-04-15,PROD018,WH003,26,26,38497.99
ORD002099,2025-04-15,PROD019,WH001,2,2,192755.6
ORD002100,2025-04-15,PROD020,WH001,6,6,98675.04
ORD002101,2025-04-16,PROD001,WH001,8,8,233861.82
ORD002102,2025-04-16,PROD002,WH001,5,5,401364.51
ORD002103,2025-04-16,PROD003,WH002,14,14,128416.3
ORD002104,2025-04-16,PROD004,WH002,12,12,58395.03
ORD002105,2025-04-16,PROD005,WH003,24,24,40546.96
ORD002106,2025-04-16,PROD006,WH003,5,5,168950.74
ORD002107,2025-04-16,PROD007,WH003,16,16,49015.93
ORD002108,2025-04-16,PROD008,WH003,46,46,24577.6
ORD002109,2025-04-16,PROD009,WH004,34,34,16549.22
ORD002110,2025-04-16,PROD010,WH001,49,49,12306.09
ORD002111,2025-04-16,PROD011,WH001,108,108,5144.5
ORD002112,2025-04-16,PROD012,WH001,34,34,30121.22
ORD002113,2025-04-16,PROD013,WH004,92,92,2558.26
ORD002114,2025-04-16,PROD014,WH004,96,96,3443.68
ORD002115,2025-04-16,PROD015,WH004,30,30,20509.91
ORD002116,2025-04-16,PROD016,WH004,18,18,33999.63
ORD002117,2025-04-16,PROD017,WH003,27,27,13752.06
ORD002118,2025-04-16,PROD018,WH003,36,36,38352.61
ORD002119,2025-04-16,PROD019,WH001,5,5,191565.45
ORD002120,2025-04-16,PROD020,WH001,16,16,97104.75
ORD002121,2025-04-17,PROD001,WH001,6,6,237371.9
ORD002122,2025-04-17,PROD002,WH001,7,7,420811.6
ORD002123,2025-04-17,PROD003,WH002,7,7,122257.05
ORD002124,2025-04-17,PROD004,WH002,10,10,58787.75
ORD002125,2025-04-17,PROD005,WH003,19,19,40622.35
ORD002126,2025-04-17,PROD006,WH003,14,14,167305.05
ORD002127,2025-04-17,PROD007,WH003,23,23,49409.14
ORD002128,2025-04-17,PROD008,WH003,30,30,24863.81
ORD002129,2025-04-17,PROD009,WH004,35,35,17185.84
ORD002130,2025-04-17,PROD010,WH001,51,51,11779.43
ORD002131,2025-04-17,PROD011,WH001,47,47,4969.91
ORD002132,2025-04-17,PROD012,WH001,33,33,29984.81
ORD002133,2025-04-17,PROD013,WH004,137,137,2457.22
ORD002134,2025-04-17,PROD014,WH004,57,57,3585.43
ORD002135,2025-04-17,PROD015,WH004,21,21,21272.41
ORD002136,2025-04-17,PROD016,WH004,119,69,33558.87
ORD002137,2025-04-17,PROD017,WH003,40,40,13204.31
ORD002138,2025-04-17,PROD018,WH003,38,38,37516.34
ORD002139,2025-04-17,PROD019,WH001,5,5,191402.03
ORD002140,2025-04-17,PROD020,WH001,16,16,101958.45
ORD002141,2025-04-18,PROD001,WH001,7,7,240045.62
ORD002142,2025-04-18,PROD002,WH001,5,5,400221.37
ORD002143,2025-04-18,PROD003,WH002,19,19,123119.86
ORD002144,2025-04-18,PROD004,WH002,20,20,57461.1
ORD002145,2025-04-18,PROD005,WH003,34,34,40326.73
ORD002146,2025-04-18,PROD006,WH003,59,45,162491.77
ORD002147,2025-04-18,PROD007,WH003,13,13,47233.71
ORD002148,2025-04-18,PROD008,WH003,33,33,24679.3
ORD002149,2025-04-18,PROD009,WH004,25,25,17094.38
ORD002150,2025-04-18,PROD010,WH001,63,63,11994.69
ORD002151,2025-04-18,PROD011,WH001,52,52,5102.49
ORD002152,2025-04-18,PROD012,WH001,25,25,30356.28
ORD002153,2025-04-18,PROD013,WH004,81,81,2525.02
ORD002154,2025-04-18,PROD014,WH004,69,69,3427.48
ORD002155,2025-04-18,PROD015,WH004,34,34,20439.59
ORD002156,2025-04-18,PROD016,WH004,22,22,34020.4
ORD002157,2025-04-18,PROD017,WH003,53,53,13153.03
ORD002158,2025-04-18,PROD018,WH003,27,27,37689.96
ORD002159,2025-04-18,PROD019,WH001,10,10,184597.68
ORD002160,2025-04-18,PROD020,WH001,12,12,98060.85
ORD002161,2025-04-19,PROD001,WH001,7,7,234389.3
ORD002162,2025-04-19,PROD002,WH001,4,4,417404.23
ORD002163,2025-04-19,PROD003,WH002,12,12,123845.95
ORD002164,2025-04-19,PROD004,WH002,18,18,56534.39
ORD002165,2025-04-19,PROD005,WH003,31,31,39437.15
ORD002166,2025-04-19,PROD006,WH003,7,7,166809.8
ORD002167,2025-04-19,PROD007,WH003,12,12,48707.43
ORD002168,2025-04-19,PROD008,WH003,28,28,24429.8
ORD002169,2025-04-19,PROD009,WH004,37,37,17284.14
ORD002170,2025-04-19,PROD010,WH001,52,52,11906.8
ORD002171,2025-04-19,PROD011,WH001,636,518,5053.81
ORD002172,2025-04-19,PROD012,WH001,32,32,30308.71
ORD002173,2025-04-19,PROD013,WH004,139,139,2544.04
ORD002174,2025-04-19,PROD014,WH004,73,73,3541.41
ORD002175,2025-04-19,PROD015,WH004,32,32,20418.97
ORD002176,2025-04-19,PROD016,WH004,18,18,34039.74
ORD002177,2025-04-19,PROD017,WH003,37,37,13229.61
ORD002178,2025-04-19,PROD018,WH003,30,30,39071.52
ORD002179,2025-04-19,PROD019,WH001,12,12,187216.51
ORD002180,2025-04-19,PROD020,WH001,15,15,99520.64
ORD002181,2025-04-20,PROD001,WH001,5,5,235632.51
ORD002182,2025-04-20,PROD002,WH001,10,10,401010.89
ORD002183,2025-04-20,PROD003,WH002,14,14,125756.97
ORD002184,2025-04-20,PROD004,WH002,20,20,57976.27
ORD002185,2025-04-20,PROD005,WH003,18,18,39699.18
ORD002186,2025-04-20,PROD006,WH003,12,12,160895.65
ORD002187,2025-04-20,PROD007,WH003,19,19,48679.56
ORD002188,2025-04-20,PROD008,WH003,35,35,24258.78
ORD002189,2025-04-20,PROD009,WH004,36,36,16956.81
ORD002190,2025-04-20,PROD010,WH001,16,16,12095.45
ORD002191,2025-04-20,PROD011,WH001,78,78,4979.21
ORD002192,2025-04-20,PROD012,WH001,22,22,29327.18
ORD002193,2025-04-20,PROD013,WH004,98,98,2541.74
ORD002194,2025-04-20,PROD014,WH004,111,111,3463.03
ORD002195,2025-04-20,PROD015,WH004,38,38,20539.79
ORD002196,2025-04-20,PROD016,WH004,15,15,34102.54
ORD002197,2025-04-20,PROD017,WH003,30,30,13110.53
ORD002198,2025-04-20,PROD018,WH003,43,43,37598.87
ORD002199,2025-04-20,PROD019,WH001,7,7,192857.32
ORD002200,2025-04-20,PROD020,WH001,18,18,102476.27
ORD002201,2025-04-21,PROD001,WH001,8,8,241320.88
ORD002202,2025-04-21,PROD002,WH001,6,6,403053.25
ORD002203,2025-04-21,PROD003,WH002,9,9,122900.0
ORD002204,2025-04-21,PROD004,WH002,18,18,58361.47
ORD002205,2025-04-21,PROD005,WH003,32,32,39776.23
ORD002206,2025-04-21,PROD006,WH003,10,10,161804.92
ORD002207,2025-04-21,PROD007,WH003,19,19,48827.7
ORD002208,2025-04-21,PROD008,WH003,18,18,24550.36
ORD002209,2025-04-21,PROD009,WH004,27,27,16818.07
ORD002210,2025-04-21,PROD010,WH001,27,27,11684.23
ORD002211,2025-04-21,PROD011,WH001,95,95,5060.41
ORD002212,2025-04-21,PROD012,WH001,30,30,29595.5
ORD002213,2025-04-21,PROD013,WH004,157,157,2459.93
ORD002214,2025-04-21,PROD014,WH004,75,75,3458.71
ORD002215,2025-04-21,PROD015,WH004,29,29,21471.4
ORD002216,2025-04-21,PROD016,WH004,29,29,34036.76
ORD002217,2025-04-21,PROD017,WH003,69,69,13222.89
ORD002218,2025-04-21,PROD018,WH003,34,34,38625.82
ORD002219,2025-04-21,PROD019,WH001,7,7,186676.37
ORD002220,2025-04-21,PROD020,WH001,15,15,99474.86
ORD002221,2025-04-22,PROD001,WH001,6,6,240980.29
ORD002222,2025-04-22,PROD002,WH001,7,7,412077.3
ORD002223,2025-04-22,PROD003,WH002,15,15,121767.74
ORD002224,2025-04-22,PROD004,WH002,21,21,59172.08
ORD002225,2025-04-22,PROD005,WH003,25,25,39950.63
ORD002226,2025-04-22,PROD006,WH003,9,9,169843.68
ORD002227,2025-04-22,PROD007,WH003,19,19,48626.23
ORD002228,2025-04-22,PROD008,WH003,26,26,25738.85
ORD002229,2025-04-22,PROD009,WH004,26,26,16952.54
ORD002230,2025-04-22,PROD010,WH001,42,42,11741.36
ORD002231,2025-04-22,PROD011,WH001,72,72,5068.19
ORD002232,2025-04-22,PROD012,WH001,27,27,30499.97
ORD002233,2025-04-22,PROD013,WH004,117,117,2552.93
ORD002234,2025-04-22,PROD014,WH004,64,64,3458.3
ORD002235,2025-04-22,PROD015,WH004,31,31,21013.46
ORD002236,2025-04-22,PROD016,WH004,24,24,34729.31
ORD002237,2025-04-22,PROD017,WH003,32,32,13795.44
ORD002238,2025-04-22,PROD018,WH003,39,39,36918.56
ORD002239,2025-04-22,PROD019,WH001,7,7,191948.45
ORD002240,2025-04-22,PROD020,WH001,12,12,100610.12
ORD002241,2025-04-23,PROD001,WH001,6,6,234000.06
ORD002242,2025-04-23,PROD002,WH001,4,4,420581.35
ORD002243,2025-04-23,PROD003,WH002,8,8,124590.29
ORD002244,2025-04-23,PROD004,WH002,21,21,58606.42
ORD002245,2025-04-23,PROD005,WH003,24,24,40918.71
ORD002246,2025-04-23,PROD006,WH003,14,14,161338.2
ORD002247,2025-04-23,PROD007,WH003,25,25,49024.83
ORD002248,2025-04-23,PROD008,WH003,33,33,25336.46
ORD002249,2025-04-23,PROD009,WH004,45,45,17346.38
ORD002250,2025-04-23,PROD010,WH001,43,43,11996.28
ORD002251,2025-04-23,PROD011,WH001,1011,639,4860.05
ORD002252,2025-04-23,PROD012,WH001,42,42,30306.93
ORD002253,2025-04-23,PROD013,WH004,82,82,2481.18
ORD002254,2025-04-23,PROD014,WH004,42,42,3479.51
ORD002255,2025-04-23,PROD015,WH004,32,32,20925.99
ORD002256,2025-04-23,PROD016,WH004,15,15,33985.54
ORD002257,2025-04-23,PROD017,WH003,47,47,13631.17
ORD002258,2025-04-23,PROD018,WH003,36,36,38517.05
ORD002259,2025-04-23,PROD019,WH001,6,6,193156.0
ORD002260,2025-04-23,PROD020,WH001,13,13,101029.64
ORD002261,2025-04-24,PROD001,WH001,9,9,244370.1
ORD002262,2025-04-24,PROD002,WH001,10,10,400704.87
ORD002263,2025-04-24,PROD003,WH002,16,16,127526.13
ORD002264,2025-04-24,PROD004,WH002,18,18,57607.73
ORD002265,2025-04-24,PROD005,WH003,24,24,40069.06
ORD002266,2025-04-24,PROD006,WH003,7,7,164344.42
ORD002267,2025-04-24,PROD007,WH003,19,19,47930.07
ORD002268,2025-04-24,PROD008,WH003,45,45,24678.14
ORD002269,2025-04-24,PROD009,WH004,40,40,16663.35
ORD002270,2025-04-24,PROD010,WH001,46,46,11715.52
ORD002271,2025-04-24,PROD011,WH001,77,77,4985.42
ORD002272,2025-04-24,PROD012,WH001,31,31,29325.47
ORD002273,2025-04-24,PROD013,WH004,117,117,2461.75
ORD002274,2025-04-24,PROD014,WH004,106,106,3423.06
ORD002275,2025-04-24,PROD015,WH004,36,36,20507.49
ORD002276,2025-04-24,PROD016,WH004,13,13,34780.22
ORD002277,2025-04-24,PROD017,WH003,60,60,13640.96
ORD002278,2025-04-24,PROD018,WH003,35,35,38966.17
ORD002279,2025-04-24,PROD019,WH001,6,6,191641.74
ORD002280,2025-04-24,PROD020,WH001,13,13,102063.71
ORD002281,2025-04-25,PROD001,WH001,6,6,240796.3
ORD002282,2025-04-25,PROD002,WH001,3,3,409080.7
ORD002283,2025-04-25,PROD003,WH002,13,13,125213.58
ORD002284,2025-04-25,PROD004,WH002,12,12,57374.38
ORD002285,2025-04-25,PROD005,WH003,36,36,40379.13
ORD002286,2025-04-25,PROD006,WH003,13,13,168932.03
ORD002287,2025-04-25,PROD007,WH003,26,26,48813.18
ORD002288,2025-04-25,PROD008,WH003,32,32,24943.0
ORD002289,2025-04-25,PROD009,WH004,17,17,17463.0
ORD002290,2025-04-25,PROD010,WH001,31,31,12349.5
ORD002291,2025-04-25,PROD011,WH001,106,106,4997.93
ORD002292,2025-04-25,PROD012,WH001,27,27,30656.35
ORD002293,2025-04-25,PROD013,WH004,63,63,2425.72
ORD002294,2025-04-25,PROD014,WH004,70,70,3409.0
ORD002295,2025-04-25,PROD015,WH004,20,20,20398.21
ORD002296,2025-04-25,PROD016,WH004,23,23,34557.25
ORD002297,2025-04-25,PROD017,WH003,47,47,13159.62
ORD002298,2025-04-25,PROD018,WH003,55,55,36898.88
ORD002299,2025-04-25,PROD019,WH001,5,5,185980.57
ORD002300,2025-04-25,PROD020,WH001,10,10,98837.77
ORD002301,2025-04-26,PROD001,WH001,9,9,239491.69
ORD002302,2025-04-26,PROD002,WH001,32,21,399308.92
ORD002303,2025-04-26,PROD003,WH002,12,12,124992.37
ORD002304,2025-04-26,PROD004,WH002,13,13,57123.25
ORD002305,2025-04-26,PROD005,WH003,23,23,39458.49
ORD002306,2025-04-26,PROD006,WH003,17,17,168186.83
ORD002307,2025-04-26,PROD007,WH003,23,23,49402.34
ORD002308,2025-04-26,PROD008,WH003,32,32,24945.8
ORD002309,2025-04-26,PROD009,WH004,34,34,16818.21
ORD002310,2025-04-26,PROD010,WH001,47,47,12310.64
ORD002311,2025-04-26,PROD011,WH001,100,100,5000.13
ORD002312,2025-04-26,PROD012,WH001,35,35,30414.64
ORD002313,2025-04-26,PROD013,WH004,130,130,2487.06
ORD002314,2025-04-26,PROD014,WH004,97,97,3437.54
ORD002315,2025-04-26,PROD015,WH004,20,20,21195.16
ORD002316,2025-04-26,PROD016,WH004,7,7,34336.28
ORD002317,2025-04-26,PROD017,WH003,39,39,13467.75
ORD002318,2025-04-26,PROD018,WH003,33,33,37475.49
ORD002319,2025-04-26,PROD019,WH001,6,6,193782.67
ORD002320,2025-04-26,PROD020,WH001,15,15,98651.91
ORD002321,2025-04-27,PROD001,WH001,11,11,242289.95
ORD002322,2025-04-27,PROD002,WH001,7,7,407146.05
ORD002323,2025-04-27,PROD003,WH002,10,10,124793.61
ORD002324,2025-04-27,PROD004,WH002,26,26,56995.68
ORD002325,2025-04-27,PROD005,WH003,29,29,40358.75
ORD002326,2025-04-27,PROD006,WH003,8,8,162285.68
ORD002327,2025-04-27,PROD007,WH003,20,20,47958.86
ORD002328,2025-04-27,PROD008,WH003,120,98,24742.69
ORD002329,2025-04-27,PROD009,WH004,257,182,17472.88
ORD002330,2025-04-27,PROD010,WH001,52,52,12347.2
ORD002331,2025-04-27,PROD011,WH001,64,64,5076.05
ORD002332,2025-04-27,PROD012,WH001,34,34,30871.05
ORD002333,2025-04-27,PROD013,WH004,125,125,2442.03
ORD002334,2025-04-27,PROD014,WH004,54,54,3603.39
ORD002335,2025-04-27,PROD015,WH004,34,34,20500.48
ORD002336,2025-04-27,PROD016,WH004,20,20,33827.52
ORD002337,2025-04-27,PROD017,WH003,31,31,13288.55
ORD002338,2025-04-27,PROD018,WH003,44,44,39034.77
ORD002339,2025-04-27,PROD019,WH001,8,8,191548.01
ORD002340,2025-04-27,PROD020,WH001,10,10,100582.77
ORD002341,2025-04-28,PROD001,WH001,4,4,247163.11
ORD002342,2025-04-28,PROD002,WH001,4,4,412765.68
ORD002343,2025-04-28,PROD003,WH002,12,12,126096.2
ORD002344,2025-04-28,PROD004,WH002,13,13,56415.81
ORD002345,2025-04-28,PROD005,WH003,15,15,40861.72
ORD002346,2025-04-28,PROD006,WH003,13,13,169653.89
ORD002347,2025-04-28,PROD007,WH003,21,21,49325.7
ORD002348,2025-04-28,PROD008,WH003,25,25,24581.66
ORD002349,2025-04-28,PROD009,WH004,37,37,16720.43
ORD002350,2025-04-28,PROD010,WH001,39,39,11903.55
ORD002351,2025-04-28,PROD011,WH001,79,79,4943.06
ORD002352,2025-04-28,PROD012,WH001,26,26,29650.11
ORD002353,2025-04-28,PROD013,WH004,121,121,2515.78
ORD002354,2025-04-28,PROD014,WH004,71,71,3564.18
ORD002355,2025-04-28,PROD015,WH004,35,35,21550.33
ORD002356,2025-04-28,PROD016,WH004,17,17,33118.44
ORD002357,2025-04-28,PROD017,WH003,27,27,13320.16
ORD002358,2025-04-28,PROD018,WH003,26,26,37441.43
ORD002359,2025-04-28,PROD019,WH001,7,7,188374.81
ORD002360,2025-04-28,PROD020,WH001,13,13,99546.01
ORD002361,2025-04-29,PROD001,WH001,3,3,238404.07
ORD002362,2025-04-29,PROD002,WH001,7,7,421122.82
ORD002363,2025-04-29,PROD003,WH002,16,16,124528.47
ORD002364,2025-04-29,PROD004,WH002,12,12,58179.54
ORD002365,2025-04-29,PROD005,WH003,21,21,40596.72
ORD002366,2025-04-29,PROD006,WH003,10,10,167228.34
ORD002367,2025-04-29,PROD007,WH003,11,11,48238.94
ORD002368,2025-04-29,PROD008,WH003,27,27,25541.25
ORD002369,2025-04-29,PROD009,WH004,34,34,17126.66
ORD002370,2025-04-29,PROD010,WH001,40,40,12269.83
ORD002371,2025-04-29,PROD011,WH001,93,93,4940.83
ORD002372,2025-04-29,PROD012,WH001,27,27,29337.64
ORD002373,2025-04-29,PROD013,WH004,81,81,2547.93
ORD002374,2025-04-29,PROD014,WH004,109,109,3475.33
ORD002375,2025-04-29,PROD015,WH004,43,43,21190.37
ORD002376,2025-04-29,PROD016,WH004,29,29,34484.11
ORD002377,2025-04-29,PROD017,WH003,55,55,13359.64
ORD002378,2025-04-29,PROD018,WH003,43,43,38011.77
ORD002379,2025-04-29,PROD019,WH001,8,8,194502.16
ORD002380,2025-04-29,PROD020,WH001,10,10,102278.76
ORD002381,2025-04-30,PROD001,WH001,9,9,243590.74
ORD002382,2025-04-30,PROD002,WH001,4,4,416463.39
ORD002383,2025-04-30,PROD003,WH002,19,19,127982.63
ORD002384,2025-04-30,PROD004,WH002,19,19,58822.44
ORD002385,2025-04-30,PROD005,WH003,36,36,39615.0
ORD002386,2025-04-30,PROD006,WH003,13,13,161245.75
ORD002387,2025-04-30,PROD007,WH003,24,24,47775.03
ORD002388,2025-04-30,PROD008,WH003,39,39,24381.02
ORD002389,2025-04-30,PROD009,WH004,46,46,16608.09
ORD002390,2025-04-30,PROD010,WH001,53,53,12324.12
ORD002391,2025-04-30,PROD011,WH001,44,44,5052.77
ORD002392,2025-04-30,PROD012,WH001,37,37,30632.9
ORD002393,2025-04-30,PROD013,WH004,82,82,2521.43
ORD002394,2025-04-30,PROD014,WH004,87,87,3482.89
ORD002395,2025-04-30,PROD015,WH004,64,64,20401.7
ORD002396,2025-04-30,PROD016,WH004,23,23,34929.91
ORD002397,2025-04-30,PROD017,WH003,36,36,13152.46
ORD002398,2025-04-30,PROD018,WH003,48,48,38251.17
ORD002399,2025-04-30,PROD019,WH001,6,6,185465.12
ORD002400,2025-04-30,PROD020,WH001,16,16,98704.89
ORD002401,2025-05-01,PROD001,WH001,7,7,235475.77
ORD002402,2025-05-01,PROD002,WH001,4,4,411321.44
ORD002403,2025-05-01,PROD003,WH002,19,19,127903.07
ORD002404,2025-05-01,PROD004,WH002,27,27,58471.97
ORD002405,2025-05-01,PROD005,WH003,24,24,40394.05
ORD002406,2025-05-01,PROD006,WH003,7,7,169048.42
ORD002407,2025-05-01,PROD007,WH003,23,23,48718.34
ORD002408,2025-05-01,PROD008,WH003,36,36,25548.93
ORD002409,2025-05-01,PROD009,WH004,46,46,16914.72
ORD002410,2025-05-01,PROD010,WH001,39,39,12263.06
ORD002411,2025-05-01,PROD011,WH001,65,65,5043.76
ORD002412,2025-05-01,PROD012,WH001,23,23,29344.09
ORD002413,2025-05-01,PROD013,WH004,99,99,2430.81
ORD002414,2025-05-01,PROD014,WH004,78,78,3446.25
ORD002415,2025-05-01,PROD015,WH004,21,21,20846.72
ORD002416,2025-05-01,PROD016,WH004,19,19,34688.64
ORD002417,2025-05-01,PROD017,WH003,43,43,13695.41
ORD002418,2025-05-01,PROD018,WH003,39,39,39038.26
ORD002419,2025-05-01,PROD019,WH001,9,9,190674.59
ORD002420,2025-05-01,PROD020,WH001,13,13,101486.45
ORD002421,2025-05-02,PROD001,WH001,3,3,236764.08
ORD002422,2025-05-02,PROD002,WH001,3,3,414417.62
ORD002423,2025-05-02,PROD003,WH002,16,16,126546.13
ORD002424,2025-05-02,PROD004,WH002,23,23,59212.49
ORD002425,2025-05-02,PROD005,WH003,34,34,40087.37
ORD002426,2025-05-02,PROD006,WH003,11,11,166475.15
ORD002427,2025-05-02,PROD007,WH003,17,17,47144.78
ORD002428,2025-05-02,PROD008,WH003,34,34,25355.14
ORD002429,2025-05-02,PROD009,WH004,30,30,17345.18
ORD002430,2025-05-02,PROD010,WH001,33,33,12067.49
ORD002431,2025-05-02,PROD011,WH001,85,85,4884.7
ORD002432,2025-05-02,PROD012,WH001,25,25,29663.14
ORD002433,2025-05-02,PROD013,WH004,50,50,2496.33
ORD002434,2025-05-02,PROD014,WH004,106,106,3537.2
ORD002435,2025-05-02,PROD015,WH004,21,21,20773.61
ORD002436,2025-05-02,PROD016,WH004,31,31,34694.19
ORD002437,2025-05-02,PROD017,WH003,45,45,13396.15
ORD002438,2025-05-02,PROD018,WH003,34,34,36957.67
ORD002439,2025-05-02,PROD019,WH001,7,7,193351.54
ORD002440,2025-05-02,PROD020,WH001,14,14,100865.34
ORD002441,2025-05-03,PROD001,WH001,9,9,244348.17
ORD002442,2025-05-03,PROD002,WH001,7,7,406282.69
ORD002443,2025-05-03,PROD003,WH002,22,22,121382.23
ORD002444,2025-05-03,PROD004,WH002,18,18,56516.66
ORD002445,2025-05-03,PROD005,WH003,17,17,39068.32
ORD002446,2025-05-03,PROD006,WH003,10,10,168020.96
ORD002447,2025-05-03,PROD007,WH003,19,19,47428.13
ORD002448,2025-05-03,PROD008,WH003,39,39,25746.85
ORD002449,2025-05-03,PROD009,WH004,18,18,17263.56
ORD002450,2025-05-03,PROD010,WH001,56,56,12072.83
ORD002451,2025-05-03,PROD011,WH001,73,73,5145.09
ORD002452,2025-05-03,PROD012,WH001,26,26,29669.36
ORD002453,2025-05-03,PROD013,WH004,46,46,2449.84
ORD002454,2025-05-03,PROD014,WH004,86,86,3549.83
ORD002455,2025-05-03,PROD015,WH004,27,27,20720.39
ORD002456,2025-05-03,PROD016,WH004,23,23,34940.52
ORD002457,2025-05-03,PROD017,WH003,53,53,13895.34
ORD002458,2025-05-03,PROD018,WH003,46,46,38972.2
ORD002459,2025-05-03,PROD019,WH001,2,2,195070.28
ORD002460,2025-05-03,PROD020,WH001,11,11,100693.93
ORD002461,2025-05-04,PROD001,WH001,4,4,242766.51
ORD002462,2025-05-04,PROD002,WH001,6,6,400018.46
ORD002463,2025-05-04,PROD003,WH002,17,17,126972.88
ORD002464,2025-05-04,PROD004,WH002,18,18,56963.18
ORD002465,2025-05-04,PROD005,WH003,19,19,40816.78
ORD002466,2025-05-04,PROD006,WH003,11,11,169569.17
ORD002467,2025-05-04,PROD007,WH003,18,18,47171.65
ORD002468,2025-05-04,PROD008,WH003,42,42,24367.05
ORD002469,2025-05-04,PROD009,WH004,38,38,16983.57
ORD002470,2025-05-04,PROD010,WH001,46,46,12209.92
ORD002471,2025-05-04,PROD011,WH001,74,74,5081.19
ORD002472,2025-05-04,PROD012,WH001,28,28,30354.27
ORD002473,2025-05-04,PROD013,WH004,94,94,2548.1
ORD002474,2025-05-04,PROD014,WH004,30,30,3431.75
ORD002475,2025-05-04,PROD015,WH004,30,30,21191.44
ORD002476,2025-05-04,PROD016,WH004,20,20,34215.59
ORD002477,2025-05-04,PROD017,WH003,43,43,13219.28
ORD002478,2025-05-04,PROD018,WH003,33,33,37804.89
ORD002479,2025-05-04,PROD019,WH001,8,8,194018.84
ORD002480,2025-05-04,PROD020,WH001,13,13,102830.81
ORD002481,2025-05-05,PROD001,WH001,7,7,242382.19
ORD002482,2025-05-05,PROD002,WH001,7,7,420379.75
ORD002483,2025-05-05,PROD003,WH002,12,12,122240.37
ORD002484,2025-05-05,PROD004,WH002,13,13,59653.21
ORD002485,2025-05-05,PROD005,WH003,24,24,38880.42
ORD002486,2025-05-05,PROD006,WH003,7,7,165269.87
ORD002487,2025-05-05,PROD007,WH003,11,11,47398.1
ORD002488,2025-05-05,PROD008,WH003,17,17,25470.86
ORD002489,2025-05-05,PROD009,WH004,42,42,16711.89
ORD002490,2025-05-05,PROD010,WH001,58,58,11648.3
ORD002491,2025-05-05,PROD011,WH001,78,78,4974.38
ORD002492,2025-05-05,PROD012,WH001,28,28,29215.39
ORD002493,2025-05-05,PROD013,WH004,85,85,2468.51
ORD002494,2025-05-05,PROD014,WH004,76,76,3530.19
ORD002495,2025-05-05,PROD015,WH004,22,22,20741.33
ORD002496,2025-05-05,PROD016,WH004,15,15,33481.42
ORD002497,2025-05-05,PROD017,WH003,33,33,13220.95
ORD002498,2025-05-05,PROD018,WH003,43,43,37168.19
ORD002499,2025-05-05,PROD019,WH001,7,7,190294.77
ORD002500,2025-05-05,PROD020,WH001,13,13,101089.04
ORD002501,2025-05-06,PROD001,WH001,6,6,239319.36
ORD002502,2025-05-06,PROD002,WH001,4,4,400740.64
ORD002503,2025-05-06,PROD003,WH002,18,18,126108.17
ORD002504,2025-05-06,PROD004,WH002,18,18,58198.78
ORD002505,2025-05-06,PROD005,WH003,26,26,39715.06
ORD002506,2025-05-06,PROD006,WH003,13,13,163317.46
ORD002507,2025-05-06,PROD007,WH003,162,102,47087.48
ORD002508,2025-05-06,PROD008,WH003,25,25,24469.45
ORD002509,2025-05-06,PROD009,WH004,34,34,16835.55
ORD002510,2025-05-06,PROD010,WH001,56,56,11669.97
ORD002511,2025-05-06,PROD011,WH001,44,44,4980.99
ORD002512,2025-05-06,PROD012,WH001,18,18,30182.83
ORD002513,2025-05-06,PROD013,WH004,101,101,2566.25
ORD002514,2025-05-06,PROD014,WH004,112,112,3526.42
ORD002515,2025-05-06,PROD015,WH004,33,33,21156.34
ORD002516,2025-05-06,PROD016,WH004,22,22,33743.81
ORD002517,2025-05-06,PROD017,WH003,43,43,13202.99
ORD002518,2025-05-06,PROD018,WH003,32,32,37879.02
ORD002519,2025-05-06,PROD019,WH001,8,8,191124.91
ORD002520,2025-05-06,PROD020,WH001,14,14,101344.2
ORD002521,2025-05-07,PROD001,WH001,7,7,244695.65
ORD002522,2025-05-07,PROD002,WH001,10,10,403995.83
ORD002523,2025-05-07,PROD003,WH002,19,19,123059.15
ORD002524,2025-05-07,PROD004,WH002,23,23,58227.24
ORD002525,2025-05-07,PROD005,WH003,30,30,40158.44
ORD002526,2025-05-07,PROD006,WH003,9,9,162207.68
ORD002527,2025-05-07,PROD007,WH003,17,17,48251.93
ORD002528,2025-05-07,PROD008,WH003,30,30,24768.82
ORD002529,2025-05-07,PROD009,WH004,34,34,17142.1
ORD002530,2025-05-07,PROD010,WH001,30,30,11849.55
ORD002531,2025-05-07,PROD011,WH001,65,65,5027.69
ORD002532,2025-05-07,PROD012,WH001,30,30,30482.96
ORD002533,2025-05-07,PROD013,WH004,169,169,2572.02
ORD002534,2025-05-07,PROD014,WH004,192,192,3586.32
ORD002535,2025-05-07,PROD015,WH004,21,21,21004.46
ORD002536,2025-05-07,PROD016,WH004,8,8,33976.23
ORD002537,2025-05-07,PROD017,WH003,43,43,13449.54
ORD002538,2025-05-07,PROD018,WH003,37,37,36923.27
ORD002539,2025-05-07,PROD019,WH001,9,9,186191.88
ORD002540,2025-05-07,PROD020,WH001,13,13,97355.13
ORD002541,2025-05-08,PROD001,WH001,8,8,242827.51
ORD002542,2025-05-08,PROD002,WH001,5,5,407865.57
ORD002543,2025-05-08,PROD003,WH002,20,20,121728.27
ORD002544,2025-05-08,PROD004,WH002,25,25,58663.2
ORD002545,2025-05-08,PROD005,WH003,25,25,40346.65
ORD002546,2025-05-08,PROD006,WH003,13,13,167177.63
ORD002547,2025-05-08,PROD007,WH003,10,10,48287.52
ORD002548,2025-05-08,PROD008,WH003,25,25,24492.31
ORD002549,2025-05-08,PROD009,WH004,35,35,16552.62
ORD002550,2025-05-08,PROD010,WH001,41,41,12228.34
ORD002551,2025-05-08,PROD011,WH001,56,56,4914.74
ORD002552,2025-05-08,PROD012,WH001,28,28,30076.55
ORD002553,2025-05-08,PROD013,WH004,135,135,2497.78
ORD002554,2025-05-08,PROD014,WH004,66,66,3588.42
ORD002555,2025-05-08,PROD015,WH004,36,36,21066.07
ORD002556,2025-05-08,PROD016,WH004,20,20,34163.23
ORD002557,2025-05-08,PROD017,WH003,58,58,13353.8
ORD002558,2025-05-08,PROD018,WH003,45,45,39045.82
ORD002559,2025-05-08,PROD019,WH001,7,7,191281.06
ORD002560,2025-05-08,PROD020,WH001,10,10,97029.88
ORD002561,2025-05-09,PROD001,WH001,49,38,240807.58
ORD002562,2025-05-09,PROD002,WH001,4,4,406651.09
ORD002563,2025-05-09,PROD003,WH002,15,15,121490.84
ORD002564,2025-05-09,PROD004,WH002,19,19,57761.79
ORD002565,2025-05-09,PROD005,WH003,17,17,40656.56
ORD002566,2025-05-09,PROD006,WH003,9,9,165037.52
ORD002567,2025-05-09,PROD007,WH003,25,25,48401.64
ORD002568,2025-05-09,PROD008,WH003,32,32,25209.61
ORD002569,2025-05-09,PROD009,WH004,44,44,17174.44
ORD002570,2025-05-09,PROD010,WH001,63,63,11919.07
ORD002571,2025-05-09,PROD011,WH001,72,72,4961.0
ORD002572,2025-05-09,PROD012,WH001,23,23,29108.25
ORD002573,2025-05-09,PROD013,WH004,93,93,2448.13
ORD002574,2025-05-09,PROD014,WH004,58,58,3594.67
ORD002575,2025-05-09,PROD015,WH004,46,46,21431.45
ORD002576,2025-05-09,PROD016,WH004,17,17,33541.22
ORD002577,2025-05-09,PROD017,WH003,49,49,13419.97
ORD002578,2025-05-09,PROD018,WH003,29,29,39003.02
ORD002579,2025-05-09,PROD019,WH001,7,7,187155.07
ORD002580,2025-05-09,PROD020,WH001,11,11,100195.2
ORD002581,2025-05-10,PROD001,WH001,7,7,233117.95
ORD002582,2025-05-10,PROD002,WH001,11,11,412945.48
ORD002583,2025-05-10,PROD003,WH002,11,11,128225.55
ORD002584,2025-05-10,PROD004,WH002,21,21,59338.91
ORD002585,2025-05-10,PROD005,WH003,28,28,40004.73
ORD002586,2025-05-10,PROD006,WH003,12,12,166481.46
ORD002587,2025-05-10,PROD007,WH003,24,24,48201.02
ORD002588,2025-05-10,PROD008,WH003,36,36,24350.46
ORD002589,2025-05-10,PROD009,WH004,38,38,16651.9
ORD002590,2025-05-10,PROD010,WH001,39,39,12333.95
ORD002591,2025-05-10,PROD011,WH001,635,509,4926.79
ORD002592,2025-05-10,PROD012,WH001,30,30,29792.01
ORD002593,2025-05-10,PROD013,WH004,89,89,2501.34
ORD002594,2025-05-10,PROD014,WH004,55,55,3600.62
ORD002595,2025-05-10,PROD015,WH004,25,25,21239.39
ORD002596,2025-05-10,PROD016,WH004,20,20,34264.38
ORD002597,2025-05-10,PROD017,WH003,45,45,13519.76
ORD002598,2025-05-10,PROD018,WH003,15,15,38457.54
ORD002599,2025-05-10,PROD019,WH001,7,7,191869.78
ORD002600,2025-05-10,PROD020,WH001,12,12,102417.05
ORD002601,2025-05-11,PROD001,WH001,8,8,240602.43
ORD002602,2025-05-11,PROD002,WH001,30,18,408068.96
ORD002603,2025-05-11,PROD003,WH002,13,13,127303.72
ORD002604,2025-05-11,PROD004,WH002,24,24,59043.25
ORD002605,2025-05-11,PROD005,WH003,22,22,39207.61
ORD002606,2025-05-11,PROD006,WH003,9,9,162394.24
ORD002607,2025-05-11,PROD007,WH003,16,16,49320.88
ORD002608,2025-05-11,PROD008,WH003,24,24,24916.16
ORD002609,2025-05-11,PROD009,WH004,28,28,17020.05
ORD002610,2025-05-11,PROD010,WH001,27,27,11863.32
ORD002611,2025-05-11,PROD011,WH001,70,70,4994.32
ORD002612,2025-05-11,PROD012,WH001,22,22,30438.04
ORD002613,2025-05-11,PROD013,WH004,109,109,2497.35
ORD002614,2025-05-11,PROD014,WH004,82,82,3461.1
ORD002615,2025-05-11,PROD015,WH004,40,40,20490.96
ORD002616,2025-05-11,PROD016,WH004,9,9,34873.65
ORD002617,2025-05-11,PROD017,WH003,50,50,13801.04
ORD002618,2025-05-11,PROD018,WH003,46,46,38664.31
ORD002619,2025-05-11,PROD019,WH001,7,7,192212.41
ORD002620,2025-05-11,PROD020,WH001,16,16,100093.06
ORD002621,2025-05-12,PROD001,WH001,8,8,245722.51
ORD002622,2025-05-12,PROD002,WH001,8,8,417175.86
ORD002623,2025-05-12,PROD003,WH002,12,12,127370.08
ORD002624,2025-05-12,PROD004,WH002,39,39,57337.24
ORD002625,2025-05-12,PROD005,WH003,30,30,39816.3
ORD002626,2025-05-12,PROD006,WH003,11,11,167047.34
ORD002627,2025-05-12,PROD007,WH003,19,19,47628.66
ORD002628,2025-05-12,PROD008,WH003,26,26,24990.96
ORD002629,2025-05-12,PROD009,WH004,36,36,17149.44
ORD002630,2025-05-12,PROD010,WH001,42,42,11955.19
ORD002631,2025-05-12,PROD011,WH001,65,65,5087.91
ORD002632,2025-05-12,PROD012,WH001,26,26,29309.3
ORD002633,2025-05-12,PROD013,WH004,87,87,2532.71
ORD002634,2025-05-12,PROD014,WH004,103,103,3425.49
ORD002635,2025-05-12,PROD015,WH004,27,27,21551.68
ORD002636,2025-05-12,PROD016,WH004,20,20,33620.64
ORD002637,2025-05-12,PROD017,WH003,21,21,13739.3
ORD002638,2025-05-12,PROD018,WH003,19,19,38048.83
ORD002639,2025-05-12,PROD019,WH001,8,8,185338.39
ORD002640,2025-05-12,PROD020,WH001,11,11,100495.52
ORD002641,2025-05-13,PROD001,WH001,6,6,245935.36
ORD002642,2025-05-13,PROD002,WH001,3,3,401567.97
ORD002643,2025-05-13,PROD003,WH002,18,18,123659.8
ORD002644,2025-05-13,PROD004,WH002,24,24,57788.27
ORD002645,2025-05-13,PROD005,WH003,22,22,39460.13
ORD002646,2025-05-13,PROD006,WH003,11,11,169393.42
ORD002647,2025-05-13,PROD007,WH003,27,27,47647.2
ORD002648,2025-05-13,PROD008,WH003,43,43,25237.09
ORD002649,2025-05-13,PROD009,WH004,40,40,16718.4
ORD002650,2025-05-13,PROD010,WH001,53,53,11798.19
ORD002651,2025-05-13,PROD011,WH001,100,100,4902.75
ORD002652,2025-05-13,PROD012,WH001,22,22,29882.66
ORD002653,2025-05-13,PROD013,WH004,96,96,2504.93
ORD002654,2025-05-13,PROD014,WH004,59,59,3397.26
ORD002655,2025-05-13,PROD015,WH004,20,20,21419.48
ORD002656,2025-05-13,PROD016,WH004,20,20,34026.02
ORD002657,2025-05-13,PROD017,WH003,36,36,13222.34
ORD002658,2025-05-13,PROD018,WH003,46,46,37013.43
ORD002659,2025-05-13,PROD019,WH001,10,10,185020.47
ORD002660,2025-05-13,PROD020,WH001,18,18,98545.86
ORD002661,2025-05-14,PROD001,WH001,9,9,239989.81
ORD002662,2025-05-14,PROD002,WH001,5,5,418861.89
ORD002663,2025-05-14,PROD003,WH002,16,16,128022.24
ORD002664,2025-05-14,PROD004,WH002,20,20,59156.5
ORD002665,2025-05-14,PROD005,WH003,28,28,39588.55
ORD002666,2025-05-14,PROD006,WH003,6,6,163084.92
ORD002667,2025-05-14,PROD007,WH003,16,16,49403.88
ORD002668,2025-05-14,PROD008,WH003,30,30,25271.92
ORD002669,2025-05-14,PROD009,WH004,29,29,16801.05
ORD002670,2025-05-14,PROD010,WH001,51,51,11876.94
ORD002671,2025-05-14,PROD011,WH001,50,50,4980.39
ORD002672,2025-05-14,PROD012,WH001,28,28,30219.25
ORD002673,2025-05-14,PROD013,WH004,95,95,2559.7
ORD002674,2025-05-14,PROD014,WH004,90,90,3436.64
ORD002675,2025-05-14,PROD015,WH004,27,27,20476.35
ORD002676,2025-05-14,PROD016,WH004,16,16,33807.73
ORD002677,2025-05-14,PROD017,WH003,50,50,13293.82
ORD002678,2025-05-14,PROD018,WH003,81,81,38173.35
ORD002679,2025-05-14,PROD019,WH001,7,7,192271.05
ORD002680,2025-05-14,PROD020,WH001,10,10,98864.42
ORD002681,2025-05-15,PROD001,WH001,6,6,242670.5
ORD002682,2025-05-15,PROD002,WH001,4,4,406141.42
ORD002683,2025-05-15,PROD003,WH002,14,14,126012.26
ORD002684,2025-05-15,PROD004,WH002,26,26,58463.05
ORD002685,2025-05-15,PROD005,WH003,8,8,39467.58
ORD002686,2025-05-15,PROD006,WH003,10,10,166343.66
ORD002687,2025-05-15,PROD007,WH003,12,12,47657.15
ORD002688,2025-05-15,PROD008,WH003,27,27,24754.68
ORD002689,2025-05-15,PROD009,WH004,70,70,16785.07
ORD002690,2025-05-15,PROD010,WH001,47,47,11888.86
ORD002691,2025-05-15,PROD011,WH001,42,42,5086.02
ORD002692,2025-05-15,PROD012,WH001,23,23,29541.32
ORD002693,2025-05-15,PROD013,WH004,95,95,2527.3
ORD002694,2025-05-15,PROD014,WH004,105,105,3584.13
ORD002695,2025-05-15,PROD015,WH004,24,24,20811.54
ORD002696,2025-05-15,PROD016,WH004,23,23,33040.2
ORD002697,2025-05-15,PROD017,WH003,31,31,13114.93
ORD002698,2025-05-15,PROD018,WH003,31,31,37178.07
ORD002699,2025-05-15,PROD019,WH001,5,5,185554.51
ORD002700,2025-05-15,PROD020,WH001,11,11,101488.51
ORD002701,2025-05-16,PROD001,WH001,9,9,237045.85
ORD002702,2025-05-16,PROD002,WH001,6,6,413751.74
ORD002703,2025-05-16,PROD003,WH002,18,18,121568.42
ORD002704,2025-05-16,PROD004,WH002,16,16,57289.18
ORD002705,2025-05-16,PROD005,WH003,27,27,39361.95
ORD002706,2025-05-16,PROD006,WH003,13,13,162791.12
ORD002707,2025-05-16,PROD007,WH003,14,14,47109.27
ORD002708,2025-05-16,PROD008,WH003,35,35,25176.87
ORD002709,2025-05-16,PROD009,WH004,35,35,17165.93
ORD002710,2025-05-16,PROD010,WH001,56,56,11746.9
ORD002711,2025-05-16,PROD011,WH001,57,57,5072.34
ORD002712,2025-05-16,PROD012,WH001,39,39,29550.08
ORD002713,2025-05-16,PROD013,WH004,60,60,2467.44
ORD002714,2025-05-16,PROD014,WH004,181,181,3569.05
ORD002715,2025-05-16,PROD015,WH004,24,24,21505.47
ORD002716,2025-05-16,PROD016,WH004,24,24,34662.5
ORD002717,2025-05-16,PROD017,WH003,50,50,13214.69
ORD002718,2025-05-16,PROD018,WH003,34,34,39138.33
ORD002719,2025-05-16,PROD019,WH001,9,9,191962.57
ORD002720,2025-05-16,PROD020,WH001,12,12,100064.01
ORD002721,2025-05-17,PROD001,WH001,5,5,246549.72
ORD002722,2025-05-17,PROD002,WH001,4,4,417807.56
ORD002723,2025-05-17,PROD003,WH002,10,10,126438.07
ORD002724,2025-05-17,PROD004,WH002,12,12,59177.62
ORD002725,2025-05-17,PROD005,WH003,19,19,39725.12
ORD002726,2025-05-17,PROD006,WH003,11,11,166825.94
ORD002727,2025-05-17,PROD007,WH003,17,17,47108.87
ORD002728,2025-05-17,PROD008,WH003,37,37,25732.0
ORD002729,2025-05-17,PROD009,WH004,21,21,17090.76
ORD002730,2025-05-17,PROD010,WH001,26,26,12226.25
ORD002731,2025-05-17,PROD011,WH001,72,72,4972.2
ORD002732,2025-05-17,PROD012,WH001,36,36,30465.46
ORD002733,2025-05-17,PROD013,WH004,144,144,2483.11
ORD002734,2025-05-17,PROD014,WH004,88,88,3518.9
ORD002735,2025-05-17,PROD015,WH004,22,22,21350.45
ORD002736,2025-05-17,PROD016,WH004,30,30,33217.61
ORD002737,2025-05-17,PROD017,WH003,68,68,13384.0
ORD002738,2025-05-17,PROD018,WH003,32,32,38102.46
ORD002739,2025-05-17,PROD019,WH001,13,13,188107.57
ORD002740,2025-05-17,PROD020,WH001,16,16,98855.0
ORD002741,2025-05-18,PROD001,WH001,6,6,236855.96
ORD002742,2025-05-18,PROD002,WH001,5,5,403303.68
ORD002743,2025-05-18,PROD003,WH002,15,15,127616.78
ORD002744,2025-05-18,PROD004,WH002,27,27,59474.44
ORD002745,2025-05-18,PROD005,WH003,23,23,40480.41
ORD002746,2025-05-18,PROD006,WH003,9,9,160347.0
ORD002747,2025-05-18,PROD007,WH003,17,17,48824.35
ORD002748,2025-05-18,PROD008,WH003,27,27,25047.91
ORD002749,2025-05-18,PROD009,WH004,39,39,17263.27
ORD002750,2025-05-18,PROD010,WH001,45,45,11954.88
ORD002751,2025-05-18,PROD011,WH001,87,87,4862.38
ORD002752,2025-05-18,PROD012,WH001,37,37,30327.14
ORD002753,2025-05-18,PROD013,WH004,112,112,2491.62
ORD002754,2025-05-18,PROD014,WH004,48,48,3578.55
ORD002755,2025-05-18,PROD015,WH004,41,41,21300.05
ORD002756,2025-05-18,PROD016,WH004,24,24,33713.51
ORD002757,2025-05-18,PROD017,WH003,42,42,13681.51
ORD002758,2025-05-18,PROD018,WH003,36,36,37989.08
ORD002759,2025-05-18,PROD019,WH001,9,9,186573.66
ORD002760,2025-05-18,PROD020,WH001,13,13,99519.32
ORD002761,2025-05-19,PROD001,WH001,4,4,236004.9
ORD002762,2025-05-19,PROD002,WH001,3,3,397822.42
ORD002763,2025-05-19,PROD003,WH002,17,17,123100.97
ORD002764,2025-05-19,PROD004,WH002,17,17,56989.13
ORD002765,2025-05-19,PROD005,WH003,30,30,38810.41
ORD002766,2025-05-19,PROD006,WH003,5,5,167810.86
ORD002767,2025-05-19,PROD007,WH003,216,120,46781.72
ORD002768,2025-05-19,PROD008,WH003,39,39,24923.59
ORD002769,2025-05-19,PROD009,WH004,54,54,16916.24
ORD002770,2025-05-19,PROD010,WH001,45,45,11770.61
ORD002771,2025-05-19,PROD011,WH001,102,102,5140.06
ORD002772,2025-05-19,PROD012,WH001,34,34,30186.72
ORD002773,2025-05-19,PROD013,WH004,100,100,2547.03
ORD002774,2025-05-19,PROD014,WH004,130,130,3499.19
ORD002775,2025-05-19,PROD015,WH004,25,25,21280.74
ORD002776,2025-05-19,PROD016,WH004,20,20,34958.35
ORD002777,2025-05-19,PROD017,WH003,47,47,13377.21
ORD002778,2025-05-19,PROD018,WH003,23,23,38009.72
ORD002779,2025-05-19,PROD019,WH001,6,6,190165.72
ORD002780,2025-05-19,PROD020,WH001,14,14,102951.97
ORD002781,2025-05-20,PROD001,WH001,10,10,236156.63
ORD002782,2025-05-20,PROD002,WH001,4,4,414312.56
ORD002783,2025-05-20,PROD003,WH002,15,15,122286.72
ORD002784,2025-05-20,PROD004,WH002,18,18,59486.22
ORD002785,2025-05-20,PROD005,WH003,20,20,40216.92
ORD002786,2025-05-20,PROD006,WH003,10,10,168558.17
ORD002787,2025-05-20,PROD007,WH003,12,12,49138.3
ORD002788,2025-05-20,PROD008,WH003,13,13,25085.66
ORD002789,2025-05-20,PROD009,WH004,41,41,17185.65
ORD002790,2025-05-20,PROD010,WH001,30,30,12143.08
ORD002791,2025-05-20,PROD011,WH001,74,74,4988.14
ORD002792,2025-05-20,PROD012,WH001,127,82,29882.71
ORD002793,2025-05-20,PROD013,WH004,99,99,2452.93
ORD002794,2025-05-20,PROD014,WH004,104,104,3475.62
ORD002795,2025-05-20,PROD015,WH004,39,39,21618.35
ORD002796,2025-05-20,PROD016,WH004,15,15,33530.52
ORD002797,2025-05-20,PROD017,WH003,33,33,13712.58
ORD002798,2025-05-20,PROD018,WH003,26,26,36995.31
ORD002799,2025-05-20,PROD019,WH001,1,1,189629.14
ORD002800,2025-05-20,PROD020,WH001,14,14,97350.46
ORD002801,2025-05-21,PROD001,WH001,6,6,239651.52
ORD002802,2025-05-21,PROD002,WH001,6,6,398377.79
ORD002803,2025-05-21,PROD003,WH002,15,15,125849.71
ORD002804,2025-05-21,PROD004,WH002,24,24,58301.05
ORD002805,2025-05-21,PROD005,WH003,21,21,40714.82
ORD002806,2025-05-21,PROD006,WH003,8,8,165824.53
ORD002807,2025-05-21,PROD007,WH003,13,13,49226.88
ORD002808,2025-05-21,PROD008,WH003,37,37,25424.66
ORD002809,2025-05-21,PROD009,WH004,42,42,16625.31
ORD002810,2025-05-21,PROD010,WH001,44,44,11831.14
ORD002811,2025-05-21,PROD011,WH001,50,50,4857.87
ORD002812,2025-05-21,PROD012,WH001,31,31,29795.04
ORD002813,2025-05-21,PROD013,WH004,114,114,2501.43
ORD002814,2025-05-21,PROD014,WH004,91,91,3593.65
ORD002815,2025-05-21,PROD015,WH004,27,27,21028.06
ORD002816,2025-05-21,PROD016,WH004,14,14,34573.3
ORD002817,2025-05-21,PROD017,WH003,46,46,13312.1
ORD002818,2025-05-21,PROD018,WH003,35,35,37209.2
ORD002819,2025-05-21,PROD019,WH001,7,7,193543.53
ORD002820,2025-05-21,PROD020,WH001,12,12,98484.55
ORD002821,2025-05-22,PROD001,WH001,11,11,245347.23
ORD002822,2025-05-22,PROD002,WH001,3,3,401878.31
ORD002823,2025-05-22,PROD003,WH002,11,11,127636.9
ORD002824,2025-05-22,PROD004,WH002,29,29,58949.51
ORD002825,2025-05-22,PROD005,WH003,32,32,40266.93
ORD002826,2025-05-22,PROD006,WH003,10,10,168467.18
ORD002827,2025-05-22,PROD007,WH003,103,73,47512.45
ORD002828,2025-05-22,PROD008,WH003,22,22,24499.05
ORD002829,2025-05-22,PROD009,WH004,44,44,16650.18
ORD002830,2025-05-22,PROD010,WH001,36,36,11834.66
ORD002831,2025-05-22,PROD011,WH001,47,47,4983.87
ORD002832,2025-05-22,PROD012,WH001,22,22,30676.84
ORD002833,2025-05-22,PROD013,WH004,113,113,2438.43
ORD002834,2025-05-22,PROD014,WH004,80,80,3587.2
ORD002835,2025-05-22,PROD015,WH004,22,22,21536.12
ORD002836,2025-05-22,PROD016,WH004,43,43,34463.56
ORD002837,2025-05-22,PROD017,WH003,41,41,13824.23
ORD002838,2025-05-22,PROD018,WH003,29,29,38615.57
ORD002839,2025-05-22,PROD019,WH001,7,7,190322.63
ORD002840,2025-05-22,PROD020,WH001,9,9,100604.5
ORD002841,2025-05-23,PROD001,WH001,7,7,241846.43
ORD002842,2025-05-23,PROD002,WH001,7,7,400821.57
ORD002843,2025-05-23,PROD003,WH002,9,9,122697.91
ORD002844,2025-05-23,PROD004,WH002,28,28,58081.32
ORD002845,2025-05-23,PROD005,WH003,27,27,39076.55
ORD002846,2025-05-23,PROD006,WH003,12,12,169603.3
ORD002847,2025-05-23,PROD007,WH003,11,11,48020.53
ORD002848,2025-05-23,PROD008,WH003,39,39,24820.13
ORD002849,2025-05-23,PROD009,WH004,36,36,16650.69
ORD002850,2025-05-23,PROD010,WH001,38,38,11939.9
ORD002851,2025-05-23,PROD011,WH001,55,55,4940.73
ORD002852,2025-05-23,PROD012,WH001,30,30,29258.27
ORD002853,2025-05-23,PROD013,WH004,109,109,2570.05
ORD002854,2025-05-23,PROD014,WH004,178,178,3450.65
ORD002855,2025-05-23,PROD015,WH004,29,29,21239.99
ORD002856,2025-05-23,PROD016,WH004,17,17,33166.3
ORD002857,2025-05-23,PROD017,WH003,40,40,13834.67
ORD002858,2025-05-23,PROD018,WH003,33,33,38206.91
ORD002859,2025-05-23,PROD019,WH001,6,6,191788.34
ORD002860,2025-05-23,PROD020,WH001,10,10,101690.71
ORD002861,2025-05-24,PROD001,WH001,6,6,241525.18
ORD002862,2025-05-24,PROD002,WH001,52,37,399444.32
ORD002863,2025-05-24,PROD003,WH002,14,14,124471.87
ORD002864,2025-05-24,PROD004,WH002,20,20,57171.86
ORD002865,2025-05-24,PROD005,WH003,25,25,39968.12
ORD002866,2025-05-24,PROD006,WH003,8,8,164052.82
ORD002867,2025-05-24,PROD007,WH003,18,18,48940.42
ORD002868,2025-05-24,PROD008,WH003,55,55,24620.57
ORD002869,2025-05-24,PROD009,WH004,41,41,16695.33
ORD002870,2025-05-24,PROD010,WH001,62,62,12329.82
ORD002871,2025-05-24,PROD011,WH001,55,55,5134.85
ORD002872,2025-05-24,PROD012,WH001,23,23,30888.24
ORD002873,2025-05-24,PROD013,WH004,114,114,2510.26
ORD002874,2025-05-24,PROD014,WH004,135,135,3418.76
ORD002875,2025-05-24,PROD015,WH004,42,42,21479.01
ORD002876,2025-05-24,PROD016,WH004,21,21,33276.03
ORD002877,2025-05-24,PROD017,WH003,30,30,13221.03
ORD002878,2025-05-24,PROD018,WH003,31,31,37300.95
ORD002879,2025-05-24,PROD019,WH001,7,7,191748.97
ORD002880,2025-05-24,PROD020,WH001,15,15,97643.19
ORD002881,2025-05-25,PROD001,WH001,9,9,244007.26
ORD002882,2025-05-25,PROD002,WH001,8,8,399132.99
ORD002883,2025-05-25,PROD003,WH002,16,16,122078.35
ORD002884,2025-05-25,PROD004,WH002,28,28,57772.02
ORD002885,2025-05-25,PROD005,WH003,19,19,39710.01
ORD002886,2025-05-25,PROD006,WH003,13,13,169848.11
ORD002887,2025-05-25,PROD007,WH003,20,20,49344.57
ORD002888,2025-05-25,PROD008,WH003,35,35,24534.52
ORD002889,2025-05-25,PROD009,WH004,38,38,17455.6
ORD002890,2025-05-25,PROD010,WH001,51,51,12138.43
ORD002891,2025-05-25,PROD011,WH001,74,74,4972.65
ORD002892,2025-05-25,PROD012,WH001,24,24,30431.34
ORD002893,2025-05-25,PROD013,WH004,95,95,2560.02
ORD002894,2025-05-25,PROD014,WH004,112,112,3432.83
ORD002895,2025-05-25,PROD015,WH004,27,27,20616.94
ORD002896,2025-05-25,PROD016,WH004,22,22,33813.79
ORD002897,2025-05-25,PROD017,WH003,53,53,13232.06
ORD002898,2025-05-25,PROD018,WH003,44,44,37681.71
ORD002899,2025-05-25,PROD019,WH001,7,7,191660.88
ORD002900,2025-05-25,PROD020,WH001,13,13,101876.91
ORD002901,2025-05-26,PROD001,WH001,5,5,237147.86
ORD002902,2025-05-26,PROD002,WH001,6,6,404630.57
ORD002903,2025-05-26,PROD003,WH002,24,24,127098.07
ORD002904,2025-05-26,PROD004,WH002,14,14,57585.97
ORD002905,2025-05-26,PROD005,WH003,32,32,40764.34
ORD002906,2025-05-26,PROD006,WH003,7,7,169884.47
ORD002907,2025-05-26,PROD007,WH003,30,30,49381.45
ORD002908,2025-05-26,PROD008,WH003,32,32,25244.03
ORD002909,2025-05-26,PROD009,WH004,25,25,16872.72
ORD002910,2025-05-26,PROD010,WH001,30,30,11687.15
ORD002911,2025-05-26,PROD011,WH001,68,68,5071.41
ORD002912,2025-05-26,PROD012,WH001,32,32,30860.34
ORD002913,2025-05-26,PROD013,WH004,145,145,2435.2
ORD002914,2025-05-26,PROD014,WH004,97,97,3396.3
ORD002915,2025-05-26,PROD015,WH004,45,45,21418.04
ORD002916,2025-05-26,PROD016,WH004,18,18,33188.61
ORD002917,2025-05-26,PROD017,WH003,49,49,13161.11
ORD002918,2025-05-26,PROD018,WH003,34,34,38935.57
ORD002919,2025-05-26,PROD019,WH001,9,9,185206.99
ORD002920,2025-05-26,PROD020,WH001,8,8,97684.11
ORD002921,2025-05-27,PROD001,WH001,8,8,241001.86
ORD002922,2025-05-27,PROD002,WH001,5,5,416317.63
ORD002923,2025-05-27,PROD003,WH002,21,21,124246.79
ORD002924,2025-05-27,PROD004,WH002,32,32,57723.65
ORD002925,2025-05-27,PROD005,WH003,28,28,40318.3
ORD002926,2025-05-27,PROD006,WH003,9,9,165053.71
ORD002927,2025-05-27,PROD007,WH003,13,13,46613.65
ORD002928,2025-05-27,PROD008,WH003,37,37,24420.37
ORD002929,2025-05-27,PROD009,WH004,35,35,17083.23
ORD002930,2025-05-27,PROD010,WH001,48,48,12211.44
ORD002931,2025-05-27,PROD011,WH001,78,78,5078.93
ORD002932,2025-05-27,PROD012,WH001,40,40,30432.1
ORD002933,2025-05-27,PROD013,WH004,85,85,2540.69
ORD002934,2025-05-27,PROD014,WH004,187,187,3404.33
ORD002935,2025-05-27,PROD015,WH004,27,27,21497.83
ORD002936,2025-05-27,PROD016,WH004,29,29,34794.14
ORD002937,2025-05-27,PROD017,WH003,57,57,13525.86
ORD002938,2025-05-27,PROD018,WH003,37,37,37426.8
ORD002939,2025-05-27,PROD019,WH001,8,8,191050.83
ORD002940,2025-05-27,PROD020,WH001,10,10,100347.32
ORD002941,2025-05-28,PROD001,WH001,6,6,236010.58
ORD002942,2025-05-28,PROD002,WH001,5,5,412537.0
ORD002943,2025-05-28,PROD003,WH002,19,19,127229.71
ORD002944,2025-05-28,PROD004,WH002,22,22,59065.25
ORD002945,2025-05-28,PROD005,WH003,26,26,38943.27
ORD002946,2025-05-28,PROD006,WH003,8,8,162001.92
ORD002947,2025-05-28,PROD007,WH003,17,17,48484.48
ORD002948,2025-05-28,PROD008,WH003,33,33,25539.75
ORD002949,2025-05-28,PROD009,WH004,12,12,17021.64
ORD002950,2025-05-28,PROD010,WH001,41,41,12149.42
ORD002951,2025-05-28,PROD011,WH001,59,59,4856.32
ORD002952,2025-05-28,PROD012,WH001,57,57,30195.16
ORD002953,2025-05-28,PROD013,WH004,129,129,2569.29
ORD002954,2025-05-28,PROD014,WH004,144,144,3533.81
ORD002955,2025-05-28,PROD015,WH004,23,23,21532.07
ORD002956,2025-05-28,PROD016,WH004,29,29,34134.66
ORD002957,2025-05-28,PROD017,WH003,63,63,13778.14
ORD002958,2025-05-28,PROD018,WH003,32,32,37143.09
ORD002959,2025-05-28,PROD019,WH001,8,8,185708.05
ORD002960,2025-05-28,PROD020,WH001,11,11,97721.08
ORD002961,2025-05-29,PROD001,WH001,7,7,239839.43
ORD002962,2025-05-29,PROD002,WH001,7,7,405824.48
ORD002963,2025-05-29,PROD003,WH002,8,8,126643.89
ORD002964,2025-05-29,PROD004,WH002,21,21,59401.12
ORD002965,2025-05-29,PROD005,WH003,27,27,40286.5
ORD002966,2025-05-29,PROD006,WH003,16,16,162160.78
ORD002967,2025-05-29,PROD007,WH003,12,12,49240.93
ORD002968,2025-05-29,PROD008,WH003,19,19,25041.79
ORD002969,2025-05-29,PROD009,WH004,12,12,17224.34
ORD002970,2025-05-29,PROD010,WH001,35,35,12281.16
ORD002971,2025-05-29,PROD011,WH001,38,38,5146.95
ORD002972,2025-05-29,PROD012,WH001,12,12,30010.92
ORD002973,2025-05-29,PROD013,WH004,533,347,2546.21
ORD002974,2025-05-29,PROD014,WH004,71,71,3514.04
ORD002975,2025-05-29,PROD015,WH004,45,45,20982.93
ORD002976,2025-05-29,PROD016,WH004,21,21,34076.93
ORD002977,2025-05-29,PROD017,WH003,28,28,13487.26
ORD002978,2025-05-29,PROD018,WH003,41,41,37819.94
ORD002979,2025-05-29,PROD019,WH001,9,9,192550.42
ORD002980,2025-05-29,PROD020,WH001,11,11,98498.05
ORD002981,2025-05-30,PROD001,WH001,10,10,241675.89
ORD002982,2025-05-30,PROD002,WH001,6,6,415238.82
ORD002983,2025-05-30,PROD003,WH002,10,10,127940.68
ORD002984,2025-05-30,PROD004,WH002,20,20,57414.93
ORD002985,2025-05-30,PROD005,WH003,22,22,40865.44
ORD002986,2025-05-30,PROD006,WH003,15,15,169408.38
ORD002987,2025-05-30,PROD007,WH003,25,25,48428.2
ORD002988,2025-05-30,PROD008,WH003,37,37,25407.15
ORD002989,2025-05-30,PROD009,WH004,32,32,16903.82
ORD002990,2025-05-30,PROD010,WH001,44,44,12325.54
ORD002991,2025-05-30,PROD011,WH001,71,71,5051.26
ORD002992,2025-05-30,PROD012,WH001,36,36,29658.28
ORD002993,2025-05-30,PROD013,WH004,94,94,2485.64
ORD002994,2025-05-30,PROD014,WH004,89,89,3524.73
ORD002995,2025-05-30,PROD015,WH004,24,24,20665.01
ORD002996,2025-05-30,PROD016,WH004,15,15,34517.99
ORD002997,2025-05-30,PROD017,WH003,51,51,13277.0
ORD002998,2025-05-30,PROD018,WH003,30,30,38209.28
ORD002999,2025-05-30,PROD019,WH001,12,12,192245.87
ORD003000,2025-05-30,PROD020,WH001,10,10,102158.49
ORD003001,2025-05-31,PROD001,WH001,11,11,243368.17
ORD003002,2025-05-31,PROD002,WH001,5,5,417351.1
ORD003003,2025-05-31,PROD003,WH002,15,15,128096.99
ORD003004,2025-05-31,PROD004,WH002,21,21,58340.25
ORD003005,2025-05-31,PROD005,WH003,31,31,40831.07
ORD003006,2025-05-31,PROD006,WH003,8,8,162345.54
ORD003007,2025-05-31,PROD007,WH003,21,21,48906.43
ORD003008,2025-05-31,PROD008,WH003,34,34,24582.53
ORD003009,2025-05-31,PROD009,WH004,20,20,17443.32
ORD003010,2025-05-31,PROD010,WH001,37,37,11877.58
ORD003011,2025-05-31,PROD011,WH001,97,97,4901.55
ORD003012,2025-05-31,PROD012,WH001,11,11,29366.7
ORD003013,2025-05-31,PROD013,WH004,87,87,2453.09
ORD003014,2025-05-31,PROD014,WH004,48,48,3488.98
ORD003015,2025-05-31,PROD015,WH004,33,33,21027.91
ORD003016,2025-05-31,PROD016,WH004,10,10,34844.12
ORD003017,2025-05-31,PROD017,WH003,32,32,13403.62
ORD003018,2025-05-31,PROD018,WH003,43,43,37355.86
ORD003019,2025-05-31,PROD019,WH001,10,10,192779.56
ORD003020,2025-05-31,PROD020,WH001,13,13,97807.93
ORD003021,2025-06-01,PROD001,WH001,9,9,245648.88
ORD003022,2025-06-01,PROD002,WH001,4,4,407771.23
ORD003023,2025-06-01,PROD003,WH002,12,12,125853.81
ORD003024,2025-06-01,PROD004,WH002,22,22,56907.92
ORD003025,2025-06-01,PROD005,WH003,15,15,39149.27
ORD003026,2025-06-01,PROD006,WH003,7,7,167958.51
ORD003027,2025-06-01,PROD007,WH003,12,12,47797.54
ORD003028,2025-06-01,PROD008,WH003,31,31,25730.11
ORD003029,2025-06-01,PROD009,WH004,61,61,17024.78
ORD003030,2025-06-01,PROD010,WH001,37,37,12248.87
ORD003031,2025-06-01,PROD011,WH001,62,62,5143.99
ORD003032,2025-06-01,PROD012,WH001,19,19,29606.07
ORD003033,2025-06-01,PROD013,WH004,116,116,2545.13
ORD003034,2025-06-01,PROD014,WH004,79,79,3399.62
ORD003035,2025-06-01,PROD015,WH004,19,19,21226.49
ORD003036,2025-06-01,PROD016,WH004,24,24,34500.21
ORD003037,2025-06-01,PROD017,WH003,52,52,13481.66
ORD003038,2025-06-01,PROD018,WH003,31,31,37229.6
ORD003039,2025-06-01,PROD019,WH001,9,9,191330.61
ORD003040,2025-06-01,PROD020,WH001,12,12,102385.17
ORD003041,2025-06-02,PROD001,WH001,5,5,246211.0
ORD003042,2025-06-02,PROD002,WH001,5,5,416054.12
ORD003043,2025-06-02,PROD003,WH002,12,12,123227.85
ORD003044,2025-06-02,PROD004,WH002,23,23,59288.74
ORD003045,2025-06-02,PROD005,WH003,15,15,40933.18
ORD003046,2025-06-02,PROD006,WH003,7,7,163685.7
ORD003047,2025-06-02,PROD007,WH003,14,14,47086.99
ORD003048,2025-06-02,PROD008,WH003,40,40,25561.99
ORD003049,2025-06-02,PROD009,WH004,21,21,17392.8
ORD003050,2025-06-02,PROD010,WH001,58,58,11712.65
ORD003051,2025-06-02,PROD011,WH001,81,81,5140.1
ORD003052,2025-06-02,PROD012,WH001,22,22,30059.54
ORD003053,2025-06-02,PROD013,WH004,93,93,2574.06
ORD003054,2025-06-02,PROD014,WH004,82,82,3488.45
ORD003055,2025-06-02,PROD015,WH004,32,32,21041.94
ORD003056,2025-06-02,PROD016,WH004,20,20,33522.81
ORD003057,2025-06-02,PROD017,WH003,50,50,13823.15
ORD003058,2025-06-02,PROD018,WH003,38,38,37871.66
ORD003059,2025-06-02,PROD019,WH001,7,7,193586.6
ORD003060,2025-06-02,PROD020,WH001,5,5,97478.41
ORD003061,2025-06-03,PROD001,WH001,6,6,244150.75
ORD003062,2025-06-03,PROD002,WH001,5,5,409759.98
ORD003063,2025-06-03,PROD003,WH002,15,15,121290.56
ORD003064,2025-06-03,PROD004,WH002,20,20,57047.4
ORD003065,2025-06-03,PROD005,WH003,35,35,39264.95
ORD003066,2025-06-03,PROD006,WH003,10,10,167492.47
ORD003067,2025-06-03,PROD007,WH003,18,18,47934.34
ORD003068,2025-06-03,PROD008,WH003,24,24,24489.58
ORD003069,2025-06-03,PROD009,WH004,34,34,16751.94
ORD003070,2025-06-03,PROD010,WH001,43,43,12002.94
ORD003071,2025-06-03,PROD011,WH001,48,48,4855.89
ORD003072,2025-06-03,PROD012,WH001,17,17,29863.43
ORD003073,2025-06-03,PROD013,WH004,105,105,2526.71
ORD003074,2025-06-03,PROD014,WH004,83,83,3503.73
ORD003075,2025-06-03,PROD015,WH004,38,38,21123.61
ORD003076,2025-06-03,PROD016,WH004,21,21,33646.3
ORD003077,2025-06-03,PROD017,WH003,52,52,13243.29
ORD003078,2025-06-03,PROD018,WH003,38,38,38706.21
ORD003079,2025-06-03,PROD019,WH001,10,10,194624.24
ORD003080,2025-06-03,PROD020,WH001,8,8,100064.44
ORD003081,2025-06-04,PROD001,WH001,4,4,237192.59
ORD003082,2025-06-04,PROD002,WH001,9,9,410275.64
ORD003083,2025-06-04,PROD003,WH002,12,12,127842.39
ORD003084,2025-06-04,PROD004,WH002,23,23,58666.09
ORD003085,2025-06-04,PROD005,WH003,25,25,40860.68
ORD003086,2025-06-04,PROD006,WH003,10,10,163300.96
ORD003087,2025-06-04,PROD007,WH003,15,15,48610.5
ORD003088,2025-06-04,PROD008,WH003,14,14,25229.57
ORD003089,2025-06-04,PROD009,WH004,31,31,17073.05
ORD003090,2025-06-04,PROD010,WH001,500,287,12020.32
ORD003091,2025-06-04,PROD011,WH001,48,48,5015.29
ORD003092,2025-06-04,PROD012,WH001,24,24,30629.41
ORD003093,2025-06-04,PROD013,WH004,588,401,2562.4
ORD003094,2025-06-04,PROD014,WH004,103,103,3418.7
ORD003095,2025-06-04,PROD015,WH004,30,30,21086.65
ORD003096,2025-06-04,PROD016,WH004,16,16,34853.55
ORD003097,2025-06-04,PROD017,WH003,38,38,13204.14
ORD003098,2025-06-04,PROD018,WH003,41,41,37801.32
ORD003099,2025-06-04,PROD019,WH001,7,7,185315.51
ORD003100,2025-06-04,PROD020,WH001,13,13,97680.86
ORD003101,2025-06-05,PROD001,WH001,10,10,245819.2
ORD003102,2025-06-05,PROD002,WH001,10,10,408676.02
ORD003103,2025-06-05,PROD003,WH002,19,19,126415.55
ORD003104,2025-06-05,PROD004,WH002,15,15,56743.42
ORD003105,2025-06-05,PROD005,WH003,31,31,38852.67
ORD003106,2025-06-05,PROD006,WH003,7,7,168865.79
ORD003107,2025-06-05,PROD007,WH003,15,15,48214.69
ORD003108,2025-06-05,PROD008,WH003,33,33,24279.98
ORD003109,2025-06-05,PROD009,WH004,43,43,17502.19
ORD003110,2025-06-05,PROD010,WH001,32,32,11994.38
ORD003111,2025-06-05,PROD011,WH001,81,81,4992.76
ORD003112,2025-06-05,PROD012,WH001,23,23,30217.65
ORD003113,2025-06-05,PROD013,WH004,123,123,2426.19
ORD003114,2025-06-05,PROD014,WH004,61,61,3514.52
ORD003115,2025-06-05,PROD015,WH004,20,20,21163.15
ORD003116,2025-06-05,PROD016,WH004,23,23,33585.79
ORD003117,2025-06-05,PROD017,WH003,35,35,13683.75
ORD003118,2025-06-05,PROD018,WH003,48,48,37720.54
ORD003119,2025-06-05,PROD019,WH001,7,7,192482.61
ORD003120,2025-06-05,PROD020,WH001,9,9,97862.95
ORD003121,2025-06-06,PROD001,WH001,7,7,245957.25
ORD003122,2025-06-06,PROD002,WH001,5,5,419334.65
ORD003123,2025-06-06,PROD003,WH002,12,12,122379.7
ORD003124,2025-06-06,PROD004,WH002,31,31,59525.82
ORD003125,2025-06-06,PROD005,WH003,23,23,40138.67
ORD003126,2025-06-06,PROD006,WH003,8,8,166996.33
ORD003127,2025-06-06,PROD007,WH003,12,12,48980.05
ORD003128,2025-06-06,PROD008,WH003,38,38,24375.35
ORD003129,2025-06-06,PROD009,WH004,38,38,16662.67
ORD003130,2025-06-06,PROD010,WH001,43,43,11849.08
ORD003131,2025-06-06,PROD011,WH001,65,65,4993.16
ORD003132,2025-06-06,PROD012,WH001,26,26,29722.9
ORD003133,2025-06-06,PROD013,WH004,101,101,2500.88
ORD003134,2025-06-06,PROD014,WH004,73,73,3434.04
ORD003135,2025-06-06,PROD015,WH004,26,26,21229.51
ORD003136,2025-06-06,PROD016,WH004,31,31,33093.7
ORD003137,2025-06-06,PROD017,WH003,63,63,13387.77
ORD003138,2025-06-06,PROD018,WH003,29,29,37268.2
ORD003139,2025-06-06,PROD019,WH001,9,9,192621.24
ORD003140,2025-06-06,PROD020,WH001,9,9,102301.92
ORD003141,2025-06-07,PROD001,WH001,10,10,233934.52
ORD003142,2025-06-07,PROD002,WH001,3,3,417011.93
ORD003143,2025-06-07,PROD003,WH002,11,11,127967.92
ORD003144,2025-06-07,PROD004,WH002,24,24,59649.42
ORD003145,2025-06-07,PROD005,WH003,51,51,40190.53
ORD003146,2025-06-07,PROD006,WH003,9,9,163291.18
ORD003147,2025-06-07,PROD007,WH003,17,17,47487.28
ORD003148,2025-06-07,PROD008,WH003,20,20,24818.46
ORD003149,2025-06-07,PROD009,WH004,47,47,17114.92
ORD003150,2025-06-07,PROD010,WH001,32,32,11992.97
ORD003151,2025-06-07,PROD011,WH001,20,20,5046.09
ORD003152,2025-06-07,PROD012,WH001,27,27,29170.76
ORD003153,2025-06-07,PROD013,WH004,105,105,2440.88
ORD003154,2025-06-07,PROD014,WH004,96,96,3600.07
ORD003155,2025-06-07,PROD015,WH004,34,34,21624.19
ORD003156,2025-06-07,PROD016,WH004,20,20,34503.18
ORD003157,2025-06-07,PROD017,WH003,43,43,13302.68
ORD003158,2025-06-07,PROD018,WH003,18,18,39033.71
ORD003159,2025-06-07,PROD019,WH001,8,8,186736.21
ORD003160,2025-06-07,PROD020,WH001,13,13,101388.59
ORD003161,2025-06-08,PROD001,WH001,7,7,234459.72
ORD003162,2025-06-08,PROD002,WH001,4,4,413663.05
ORD003163,2025-06-08,PROD003,WH002,11,11,126946.36
ORD003164,2025-06-08,PROD004,WH002,17,17,59251.55
ORD003165,2025-06-08,PROD005,WH003,25,25,40562.33
ORD003166,2025-06-08,PROD006,WH003,11,11,169192.51
ORD003167,2025-06-08,PROD007,WH003,23,23,48060.26
ORD003168,2025-06-08,PROD008,WH003,26,26,25266.14
ORD003169,2025-06-08,PROD009,WH004,45,45,16866.94
ORD003170,2025-06-08,PROD010,WH001,58,58,11647.48
ORD003171,2025-06-08,PROD011,WH001,67,67,5077.01
ORD003172,2025-06-08,PROD012,WH001,19,19,30665.75
ORD003173,2025-06-08,PROD013,WH004,47,47,2451.09
ORD003174,2025-06-08,PROD014,WH004,106,106,3401.01
ORD003175,2025-06-08,PROD015,WH004,26,26,20577.27
ORD003176,2025-06-08,PROD016,WH004,22,22,34806.39
ORD003177,2025-06-08,PROD017,WH003,31,31,13334.36
ORD003178,2025-06-08,PROD018,WH003,42,42,37392.85
ORD003179,2025-06-08,PROD019,WH001,11,11,184466.32
ORD003180,2025-06-08,PROD020,WH001,5,5,98782.33
ORD003181,2025-06-09,PROD001,WH001,5,5,243105.2
ORD003182,2025-06-09,PROD002,WH001,7,7,421293.6
ORD003183,2025-06-09,PROD003,WH002,25,25,123595.56
ORD003184,2025-06-09,PROD004,WH002,11,11,57097.58
ORD003185,2025-06-09,PROD005,WH003,28,28,40931.37
ORD003186,2025-06-09,PROD006,WH003,12,12,168489.8
ORD003187,2025-06-09,PROD007,WH003,19,19,47505.1
ORD003188,2025-06-09,PROD008,WH003,22,22,24353.21
ORD003189,2025-06-09,PROD009,WH004,29,29,17501.83
ORD003190,2025-06-09,PROD010,WH001,55,55,12130.11
ORD003191,2025-06-09,PROD011,WH001,73,73,5127.97
ORD003192,2025-06-09,PROD012,WH001,209,132,29715.37
ORD003193,2025-06-09,PROD013,WH004,77,77,2522.15
ORD003194,2025-06-09,PROD014,WH004,76,76,3536.64
ORD003195,2025-06-09,PROD015,WH004,17,17,21469.86
ORD003196,2025-06-09,PROD016,WH004,28,28,35005.84
ORD003197,2025-06-09,PROD017,WH003,38,38,13183.02
ORD003198,2025-06-09,PROD018,WH003,34,34,38298.95
ORD003199,2025-06-09,PROD019,WH001,7,7,188135.42
ORD003200,2025-06-09,PROD020,WH001,15,15,101869.95
ORD003201,2025-06-10,PROD001,WH001,7,7,243659.73
ORD003202,2025-06-10,PROD002,WH001,6,6,419655.96
ORD003203,2025-06-10,PROD003,WH002,19,19,123827.77
ORD003204,2025-06-10,PROD004,WH002,18,18,56902.17
ORD003205,2025-06-10,PROD005,WH003,23,23,38852.32
ORD003206,2025-06-10,PROD006,WH003,11,11,162579.52
ORD003207,2025-06-10,PROD007,WH003,16,16,47617.45
ORD003208,2025-06-10,PROD008,WH003,310,162,25669.1
ORD003209,2025-06-10,PROD009,WH004,31,31,16991.2
ORD003210,2025-06-10,PROD010,WH001,53,53,12040.64
ORD003211,2025-06-10,PROD011,WH001,98,98,5114.04
ORD003212,2025-06-10,PROD012,WH001,19,19,30693.13
ORD003213,2025-06-10,PROD013,WH004,76,76,2504.19
ORD003214,2025-06-10,PROD014,WH004,90,90,3418.88
ORD003215,2025-06-10,PROD015,WH004,37,37,20710.85
ORD003216,2025-06-10,PROD016,WH004,20,20,33912.05
ORD003217,2025-06-10,PROD017,WH003,28,28,13703.45
ORD003218,2025-06-10,PROD018,WH003,36,36,38482.63
ORD003219,2025-06-10,PROD019,WH001,8,8,191626.87
ORD003220,2025-06-10,PROD020,WH001,10,10,102281.47
ORD003221,2025-06-11,PROD001,WH001,12,12,244358.11
ORD003222,2025-06-11,PROD002,WH001,5,5,421860.01
ORD003223,2025-06-11,PROD003,WH002,14,14,127918.69
ORD003224,2025-06-11,PROD004,WH002,138,90,56940.88
ORD003225,2025-06-11,PROD005,WH003,29,29,38938.28
ORD003226,2025-06-11,PROD006,WH003,6,6,164153.66
ORD003227,2025-06-11,PROD007,WH003,15,15,48338.41
ORD003228,2025-06-11,PROD008,WH003,27,27,25214.66
ORD003229,2025-06-11,PROD009,WH004,41,41,16762.86
ORD003230,2025-06-11,PROD010,WH001,54,54,12259.11
ORD003231,2025-06-11,PROD011,WH001,31,31,4948.77
ORD003232,2025-06-11,PROD012,WH001,16,16,30754.41
ORD003233,2025-06-11,PROD013,WH004,184,184,2495.74
ORD003234,2025-06-11,PROD014,WH004,60,60,3397.18
ORD003235,2025-06-11,PROD015,WH004,22,22,20574.17
ORD003236,2025-06-11,PROD016,WH004,16,16,33188.73
ORD003237,2025-06-11,PROD017,WH003,81,81,13130.66
ORD003238,2025-06-11,PROD018,WH003,32,32,38487.96
ORD003239,2025-06-11,PROD019,WH001,8,8,186492.4
ORD003240,2025-06-11,PROD020,WH001,3,3,102031.72
ORD003241,2025-06-12,PROD001,WH001,8,8,236608.35
ORD003242,2025-06-12,PROD002,WH001,5,5,398495.25
ORD003243,2025-06-12,PROD003,WH002,15,15,127405.07
ORD003244,2025-06-12,PROD004,WH002,18,18,57882.19
ORD003245,2025-06-12,PROD005,WH003,26,26,40238.81
ORD003246,2025-06-12,PROD006,WH003,9,9,163378.65
ORD003247,2025-06-12,PROD007,WH003,18,18,46692.6
ORD003248,2025-06-12,PROD008,WH003,37,37,24805.27
ORD003249,2025-06-12,PROD009,WH004,38,38,17018.65
ORD003250,2025-06-12,PROD010,WH001,40,40,11648.41
ORD003251,2025-06-12,PROD011,WH001,142,142,5022.29
ORD003252,2025-06-12,PROD012,WH001,16,16,30707.48
ORD003253,2025-06-12,PROD013,WH004,100,100,2457.68
ORD003254,2025-06-12,PROD014,WH004,98,98,3589.62
ORD003255,2025-06-12,PROD015,WH004,22,22,20492.99
ORD003256,2025-06-12,PROD016,WH004,9,9,34663.89
ORD003257,2025-06-12,PROD017,WH003,257,141,13775.66
ORD003258,2025-06-12,PROD018,WH003,38,38,37447.69
ORD003259,2025-06-12,PROD019,WH001,7,7,195219.41
ORD003260,2025-06-12,PROD020,WH001,16,16,99499.59
ORD003261,2025-06-13,PROD001,WH001,116,73,234834.09
ORD003262,2025-06-13,PROD002,WH001,4,4,412256.18
ORD003263,2025-06-13,PROD003,WH002,10,10,128724.61
ORD003264,2025-06-13,PROD004,WH002,29,29,59389.53
ORD003265,2025-06-13,PROD005,WH003,14,14,39468.65
ORD003266,2025-06-13,PROD006,WH003,13,13,165762.17
ORD003267,2025-06-13,PROD007,WH003,22,22,46892.26
ORD003268,2025-06-13,PROD008,WH003,44,44,24942.77
ORD003269,2025-06-13,PROD009,WH004,37,37,17023.53
ORD003270,2025-06-13,PROD010,WH001,51,51,11867.0
ORD003271,2025-06-13,PROD011,WH001,49,49,4995.26
ORD003272,2025-06-13,PROD012,WH001,27,27,30755.89
ORD003273,2025-06-13,PROD013,WH004,159,159,2500.02
ORD003274,2025-06-13,PROD014,WH004,381,246,3569.51
ORD003275,2025-06-13,PROD015,WH004,25,25,20769.91
ORD003276,2025-06-13,PROD016,WH004,18,18,34961.66
ORD003277,2025-06-13,PROD017,WH003,47,47,13170.71
ORD003278,2025-06-13,PROD018,WH003,30,30,38195.14
ORD003279,2025-06-13,PROD019,WH001,6,6,193304.72
ORD003280,2025-06-13,PROD020,WH001,6,6,101884.25
ORD003281,2025-06-14,PROD001,WH001,13,13,235655.25
ORD003282,2025-06-14,PROD002,WH001,5,5,407580.49
ORD003283,2025-06-14,PROD003,WH002,22,22,125931.47
ORD003284,2025-06-14,PROD004,WH002,26,26,57359.27
ORD003285,2025-06-14,PROD005,WH003,25,25,40379.91
ORD003286,2025-06-14,PROD006,WH003,9,9,163799.93
ORD003287,2025-06-14,PROD007,WH003,18,18,47570.5
ORD003288,2025-06-14,PROD008,WH003,29,29,24412.1
ORD003289,2025-06-14,PROD009,WH004,52,52,16530.04
ORD003290,2025-06-14,PROD010,WH001,48,48,12241.4
ORD003291,2025-06-14,PROD011,WH001,94,94,4996.86
ORD003292,2025-06-14,PROD012,WH001,32,32,30113.17
ORD003293,2025-06-14,PROD013,WH004,113,113,2480.83
ORD003294,2025-06-14,PROD014,WH004,50,50,3423.72
ORD003295,2025-06-14,PROD015,WH004,35,35,20936.46
ORD003296,2025-06-14,PROD016,WH004,23,23,33447.07
ORD003297,2025-06-14,PROD017,WH003,47,47,13773.52
ORD003298,2025-06-14,PROD018,WH003,28,28,39109.88
ORD003299,2025-06-14,PROD019,WH001,5,5,194435.7
ORD003300,2025-06-14,PROD020,WH001,19,19,100169.65
ORD003301,2025-06-15,PROD001,WH001,8,8,241845.1
ORD003302,2025-06-15,PROD002,WH001,5,5,421023.81
ORD003303,2025-06-15,PROD003,WH002,18,18,125290.11
ORD003304,2025-06-15,PROD004,WH002,17,17,58482.29
ORD003305,2025-06-15,PROD005,WH003,16,16,40310.15
ORD003306,2025-06-15,PROD006,WH003,12,12,167060.4
ORD003307,2025-06-15,PROD007,WH003,20,20,48404.02
ORD003308,2025-06-15,PROD008,WH003,36,36,25256.06
ORD003309,2025-06-15,PROD009,WH004,42,42,17230.41
ORD003310,2025-06-15,PROD010,WH001,58,58,12222.55
ORD003311,2025-06-15,PROD011,WH001,52,52,4970.92
ORD003312,2025-06-15,PROD012,WH001,27,27,30442.5
ORD003313,2025-06-15,PROD013,WH004,94,94,2440.03
ORD003314,2025-06-15,PROD014,WH004,91,91,3579.0
ORD003315,2025-06-15,PROD015,WH004,32,32,20735.46
ORD003316,2025-06-15,PROD016,WH004,20,20,33803.06
ORD003317,2025-06-15,PROD017,WH003,29,29,13745.92
ORD003318,2025-06-15,PROD018,WH003,34,34,38312.33
ORD003319,2025-06-15,PROD019,WH001,7,7,187818.36
ORD003320,2025-06-15,PROD020,WH001,13,13,98352.39
ORD003321,2025-06-16,PROD001,WH001,59,44,246591.09
ORD003322,2025-06-16,PROD002,WH001,5,5,399859.3
ORD003323,2025-06-16,PROD003,WH002,15,15,121282.51
ORD003324,2025-06-16,PROD004,WH002,15,15,58601.81
ORD003325,2025-06-16,PROD005,WH003,24,24,40274.74
ORD003326,2025-06-16,PROD006,WH003,8,8,167352.38
ORD003327,2025-06-16,PROD007,WH003,16,16,48667.11
ORD003328,2025-06-16,PROD008,WH003,55,55,25544.89
ORD003329,2025-06-16,PROD009,WH004,23,23,17430.55
ORD003330,2025-06-16,PROD010,WH001,32,32,12198.02
ORD003331,2025-06-16,PROD011,WH001,42,42,4919.69
ORD003332,2025-06-16,PROD012,WH001,30,30,29934.29
ORD003333,2025-06-16,PROD013,WH004,77,77,2521.26
ORD003334,2025-06-16,PROD014,WH004,98,98,3508.27
ORD003335,2025-06-16,PROD015,WH004,32,32,20570.21
ORD003336,2025-06-16,PROD016,WH004,25,25,34182.12
ORD003337,2025-06-16,PROD017,WH003,38,38,13813.09
ORD003338,2025-06-16,PROD018,WH003,35,35,37814.22
ORD003339,2025-06-16,PROD019,WH001,11,11,191925.83
ORD003340,2025-06-16,PROD020,WH001,16,16,100695.61
ORD003341,2025-06-17,PROD001,WH001,6,6,238229.42
ORD003342,2025-06-17,PROD002,WH001,6,6,411605.67
ORD003343,2025-06-17,PROD003,WH002,18,18,122826.59
ORD003344,2025-06-17,PROD004,WH002,17,17,58160.45
ORD003345,2025-06-17,PROD005,WH003,13,13,40717.19
ORD003346,2025-06-17,PROD006,WH003,7,7,167563.58
ORD003347,2025-06-17,PROD007,WH003,18,18,47590.91
ORD003348,2025-06-17,PROD008,WH003,33,33,24418.13
ORD003349,2025-06-17,PROD009,WH004,30,30,17305.94
ORD003350,2025-06-17,PROD010,WH001,53,53,11830.83
ORD003351,2025-06-17,PROD011,WH001,66,66,4865.91
ORD003352,2025-06-17,PROD012,WH001,15,15,29901.35
ORD003353,2025-06-17,PROD013,WH004,107,107,2535.92
ORD003354,2025-06-17,PROD014,WH004,76,76,3564.78
ORD003355,2025-06-17,PROD015,WH004,38,38,21607.57
ORD003356,2025-06-17,PROD016,WH004,18,18,33366.39
ORD003357,2025-06-17,PROD017,WH003,41,41,13332.97
ORD003358,2025-06-17,PROD018,WH003,34,34,38249.64
ORD003359,2025-06-17,PROD019,WH001,7,7,193549.32
ORD003360,2025-06-17,PROD020,WH001,11,11,98404.45
ORD003361,2025-06-18,PROD001,WH001,9,9,238702.77
ORD003362,2025-06-18,PROD002,WH001,6,6,407746.66
ORD003363,2025-06-18,PROD003,WH002,16,16,127047.03
ORD003364,2025-06-18,PROD004,WH002,19,19,57098.44
ORD003365,2025-06-18,PROD005,WH003,31,31,41125.02
ORD003366,2025-06-18,PROD006,WH003,10,10,165103.59
ORD003367,2025-06-18,PROD007,WH003,42,42,47372.35
ORD003368,2025-06-18,PROD008,WH003,30,30,24676.43
ORD003369,2025-06-18,PROD009,WH004,45,45,16508.67
ORD003370,2025-06-18,PROD010,WH001,39,39,12138.55
ORD003371,2025-06-18,PROD011,WH001,94,94,5082.78
ORD003372,2025-06-18,PROD012,WH001,25,25,29158.37
ORD003373,2025-06-18,PROD013,WH004,112,112,2512.89
ORD003374,2025-06-18,PROD014,WH004,81,81,3559.15
ORD003375,2025-06-18,PROD015,WH004,21,21,20844.06
ORD003376,2025-06-18,PROD016,WH004,16,16,33862.79
ORD003377,2025-06-18,PROD017,WH003,30,30,13387.92
ORD003378,2025-06-18,PROD018,WH003,34,34,37579.68
ORD003379,2025-06-18,PROD019,WH001,11,11,189899.02
ORD003380,2025-06-18,PROD020,WH001,13,13,97996.6
ORD003381,2025-06-19,PROD001,WH001,6,6,239145.9
ORD003382,2025-06-19,PROD002,WH001,4,4,420868.9
ORD003383,2025-06-19,PROD003,WH002,18,18,121455.52
ORD003384,2025-06-19,PROD004,WH002,11,11,56833.31
ORD003385,2025-06-19,PROD005,WH003,22,22,40666.49
ORD003386,2025-06-19,PROD006,WH003,9,9,161357.37
ORD003387,2025-06-19,PROD007,WH003,17,17,47341.29
ORD003388,2025-06-19,PROD008,WH003,15,15,24932.26
ORD003389,2025-06-19,PROD009,WH004,20,20,17452.03
ORD003390,2025-06-19,PROD010,WH001,45,45,11772.12
ORD003391,2025-06-19,PROD011,WH001,68,68,5126.93
ORD003392,2025-06-19,PROD012,WH001,26,26,30393.34
ORD003393,2025-06-19,PROD013,WH004,111,111,2525.67
ORD003394,2025-06-19,PROD014,WH004,63,63,3546.94
ORD003395,2025-06-19,PROD015,WH004,30,30,20409.37
ORD003396,2025-06-19,PROD016,WH004,18,18,33181.76
ORD003397,2025-06-19,PROD017,WH003,42,42,13366.22
ORD003398,2025-06-19,PROD018,WH003,37,37,37028.65
ORD003399,2025-06-19,PROD019,WH001,6,6,195558.52
ORD003400,2025-06-19,PROD020,WH001,7,7,100482.47
ORD003401,2025-06-20,PROD001,WH001,8,8,239817.75
ORD003402,2025-06-20,PROD002,WH001,7,7,417023.59
ORD003403,2025-06-20,PROD003,WH002,23,23,128577.19
ORD003404,2025-06-20,PROD004,WH002,13,13,59583.85
ORD003405,2025-06-20,PROD005,WH003,31,31,40703.36
ORD003406,2025-06-20,PROD006,WH003,11,11,163784.02
ORD003407,2025-06-20,PROD007,WH003,20,20,46749.96
ORD003408,2025-06-20,PROD008,WH003,12,12,24397.57
ORD003409,2025-06-20,PROD009,WH004,40,40,16491.18
ORD003410,2025-06-20,PROD010,WH001,45,45,11641.37
ORD003411,2025-06-20,PROD011,WH001,93,93,5130.93
ORD003412,2025-06-20,PROD012,WH001,23,23,30768.63
ORD003413,2025-06-20,PROD013,WH004,98,98,2525.13
ORD003414,2025-06-20,PROD014,WH004,114,114,3547.6
ORD003415,2025-06-20,PROD015,WH004,19,19,21016.64
ORD003416,2025-06-20,PROD016,WH004,11,11,33465.2
ORD003417,2025-06-20,PROD017,WH003,38,38,13835.65
ORD003418,2025-06-20,PROD018,WH003,36,36,37493.14
ORD003419,2025-06-20,PROD019,WH001,7,7,192732.25
ORD003420,2025-06-20,PROD020,WH001,12,12,98472.61
ORD003421,2025-06-21,PROD001,WH001,4,4,245330.14
ORD003422,2025-06-21,PROD002,WH001,9,9,413720.49
ORD003423,2025-06-21,PROD003,WH002,20,20,126070.21
ORD003424,2025-06-21,PROD004,WH002,153,94,56598.84
ORD003425,2025-06-21,PROD005,WH003,12,12,39806.73
ORD003426,2025-06-21,PROD006,WH003,12,12,165246.59
ORD003427,2025-06-21,PROD007,WH003,15,15,47406.82
ORD003428,2025-06-21,PROD008,WH003,415,210,25571.46
ORD003429,2025-06-21,PROD009,WH004,39,39,17344.42
ORD003430,2025-06-21,PROD010,WH001,39,39,11995.41
ORD003431,2025-06-21,PROD011,WH001,80,80,4952.01
ORD003432,2025-06-21,PROD012,WH001,26,26,30542.78
ORD003433,2025-06-21,PROD013,WH004,98,98,2454.53
ORD003434,2025-06-21,PROD014,WH004,95,95,3410.02
ORD003435,2025-06-21,PROD015,WH004,41,41,20427.6
ORD003436,2025-06-21,PROD016,WH004,17,17,33058.91
ORD003437,2025-06-21,PROD017,WH003,31,31,13491.0
ORD003438,2025-06-21,PROD018,WH003,35,35,37442.12
ORD003439,2025-06-21,PROD019,WH001,10,10,192170.28
ORD003440,2025-06-21,PROD020,WH001,14,14,100923.35
ORD003441,2025-06-22,PROD001,WH001,7,7,240605.09
ORD003442,2025-06-22,PROD002,WH001,4,4,406379.94
ORD003443,2025-06-22,PROD003,WH002,13,13,127628.42
ORD003444,2025-06-22,PROD004,WH002,21,21,58729.77
ORD003445,2025-06-22,PROD005,WH003,27,27,39451.66
ORD003446,2025-06-22,PROD006,WH003,12,12,165016.72
ORD003447,2025-06-22,PROD007,WH003,18,18,47010.06
ORD003448,2025-06-22,PROD008,WH003,26,26,24743.16
ORD003449,2025-06-22,PROD009,WH004,36,36,17507.08
ORD003450,2025-06-22,PROD010,WH001,55,55,11801.17
ORD003451,2025-06-22,PROD011,WH001,63,63,5059.49
ORD003452,2025-06-22,PROD012,WH001,34,34,29529.15
ORD003453,2025-06-22,PROD013,WH004,109,109,2565.72
ORD003454,2025-06-22,PROD014,WH004,109,109,3460.13
ORD003455,2025-06-22,PROD015,WH004,33,33,20806.83
ORD003456,2025-06-22,PROD016,WH004,17,17,34191.47
ORD003457,2025-06-22,PROD017,WH003,45,45,13571.37
ORD003458,2025-06-22,PROD018,WH003,29,29,38180.29
ORD003459,2025-06-22,PROD019,WH001,8,8,190835.1
ORD003460,2025-06-22,PROD020,WH001,14,14,98873.12
ORD003461,2025-06-23,PROD001,WH001,9,9,239055.51
ORD003462,2025-06-23,PROD002,WH001,2,2,412298.46
ORD003463,2025-06-23,PROD003,WH002,14,14,126284.53
ORD003464,2025-06-23,PROD004,WH002,22,22,57140.89
ORD003465,2025-06-23,PROD005,WH003,33,33,40483.54
ORD003466,2025-06-23,PROD006,WH003,4,4,169190.43
ORD003467,2025-06-23,PROD007,WH003,29,29,48742.83
ORD003468,2025-06-23,PROD008,WH003,25,25,24376.35
ORD003469,2025-06-23,PROD009,WH004,44,44,16968.51
ORD003470,2025-06-23,PROD010,WH001,56,56,11953.39
ORD003471,2025-06-23,PROD011,WH001,59,59,4950.95
ORD003472,2025-06-23,PROD012,WH001,22,22,29984.38
ORD003473,2025-06-23,PROD013,WH004,99,99,2490.95
ORD003474,2025-06-23,PROD014,WH004,75,75,3396.3
ORD003475,2025-06-23,PROD015,WH004,45,45,20668.06
ORD003476,2025-06-23,PROD016,WH004,15,15,33416.12
ORD003477,2025-06-23,PROD017,WH003,33,33,13377.9
ORD003478,2025-06-23,PROD018,WH003,41,41,37257.76
ORD003479,2025-06-23,PROD019,WH001,10,10,185072.94
ORD003480,2025-06-23,PROD020,WH001,15,15,98179.68
ORD003481,2025-06-24,PROD001,WH001,7,7,245100.29
ORD003482,2025-06-24,PROD002,WH001,5,5,417307.17
ORD003483,2025-06-24,PROD003,WH002,11,11,124565.72
ORD003484,2025-06-24,PROD004,WH002,21,21,59314.8
ORD003485,2025-06-24,PROD005,WH003,30,30,39358.4
ORD003486,2025-06-24,PROD006,WH003,12,12,165833.67
ORD003487,2025-06-24,PROD007,WH003,9,9,46971.62
ORD003488,2025-06-24,PROD008,WH003,25,25,25500.1
ORD003489,2025-06-24,PROD009,WH004,39,39,16623.19
ORD003490,2025-06-24,PROD010,WH001,55,55,11662.94
ORD003491,2025-06-24,PROD011,WH001,81,81,4932.03
ORD003492,2025-06-24,PROD012,WH001,27,27,30721.68
ORD003493,2025-06-24,PROD013,WH004,82,82,2444.42
ORD003494,2025-06-24,PROD014,WH004,106,106,3464.44
ORD003495,2025-06-24,PROD015,WH004,49,49,20768.68
ORD003496,2025-06-24,PROD016,WH004,15,15,34615.36
ORD003497,2025-06-24,PROD017,WH003,33,33,13436.44
ORD003498,2025-06-24,PROD018,WH003,48,48,38254.37
ORD003499,2025-06-24,PROD019,WH001,8,8,188909.97
ORD003500,2025-06-24,PROD020,WH001,8,8,100308.74
ORD003501,2025-06-25,PROD001,WH001,6,6,233699.15
ORD003502,2025-06-25,PROD002,WH001,9,9,406901.12
ORD003503,2025-06-25,PROD003,WH002,14,14,127663.29
ORD003504,2025-06-25,PROD004,WH002,25,25,58664.92
ORD003505,2025-06-25,PROD005,WH003,13,13,41156.39
ORD003506,2025-06-25,PROD006,WH003,13,13,167850.4
ORD003507,2025-06-25,PROD007,WH003,22,22,47860.35
ORD003508,2025-06-25,PROD008,WH003,49,49,25264.42
ORD003509,2025-06-25,PROD009,WH004,35,35,17281.43
ORD003510,2025-06-25,PROD010,WH001,48,48,11834.17
ORD003511,2025-06-25,PROD011,WH001,95,95,4868.01
ORD003512,2025-06-25,PROD012,WH001,25,25,29830.53
ORD003513,2025-06-25,PROD013,WH004,90,90,2446.7
ORD003514,2025-06-25,PROD014,WH004,91,91,3453.22
ORD003515,2025-06-25,PROD015,WH004,39,39,21563.03
ORD003516,2025-06-25,PROD016,WH004,14,14,34708.05
ORD003517,2025-06-25,PROD017,WH003,39,39,13574.9
ORD003518,2025-06-25,PROD018,WH003,32,32,37774.87
ORD003519,2025-06-25,PROD019,WH001,7,7,187313.37
ORD003520,2025-06-25,PROD020,WH001,11,11,100428.75
ORD003521,2025-06-26,PROD001,WH001,6,6,240477.51
ORD003522,2025-06-26,PROD002,WH001,9,9,416907.21
ORD003523,2025-06-26,PROD003,WH002,13,13,128210.15
ORD003524,2025-06-26,PROD004,WH002,18,18,57404.7
ORD003525,2025-06-26,PROD005,WH003,9,9,39295.11
ORD003526,2025-06-26,PROD006,WH003,15,15,164037.72
ORD003527,2025-06-26,PROD007,WH003,15,15,47820.12
ORD003528,2025-06-26,PROD008,WH003,25,25,24309.81
ORD003529,2025-06-26,PROD009,WH004,37,37,17368.93
ORD003530,2025-06-26,PROD010,WH001,45,45,12356.83
ORD003531,2025-06-26,PROD011,WH001,73,73,5126.96
ORD003532,2025-06-26,PROD012,WH001,27,27,30649.2
ORD003533,2025-06-26,PROD013,WH004,133,133,2573.89
ORD003534,2025-06-26,PROD014,WH004,122,122,3585.64
ORD003535,2025-06-26,PROD015,WH004,29,29,21237.34
ORD003536,2025-06-26,PROD016,WH004,16,16,33320.18
ORD003537,2025-06-26,PROD017,WH003,51,51,13221.64
ORD003538,2025-06-26,PROD018,WH003,27,27,36971.22
ORD003539,2025-06-26,PROD019,WH001,7,7,188994.87
ORD003540,2025-06-26,PROD020,WH001,9,9,101852.94
ORD003541,2025-06-27,PROD001,WH001,9,9,239860.26
ORD003542,2025-06-27,PROD002,WH001,6,6,406711.51
ORD003543,2025-06-27,PROD003,WH002,13,13,122069.27
ORD003544,2025-06-27,PROD004,WH002,23,23,56440.1
ORD003545,2025-06-27,PROD005,WH003,27,27,39758.03
ORD003546,2025-06-27,PROD006,WH003,6,6,161039.26
ORD003547,2025-06-27,PROD007,WH003,20,20,46858.22
ORD003548,2025-06-27,PROD008,WH003,40,40,24843.02
ORD003549,2025-06-27,PROD009,WH004,27,27,17002.9
ORD003550,2025-06-27,PROD010,WH001,47,47,11774.41
ORD003551,2025-06-27,PROD011,WH001,82,82,5055.39
ORD003552,2025-06-27,PROD012,WH001,30,30,29853.65
ORD003553,2025-06-27,PROD013,WH004,83,83,2438.79
ORD003554,2025-06-27,PROD014,WH004,58,58,3528.78
ORD003555,2025-06-27,PROD015,WH004,34,34,20819.75
ORD003556,2025-06-27,PROD016,WH004,19,19,33086.74
ORD003557,2025-06-27,PROD017,WH003,34,34,13862.87
ORD003558,2025-06-27,PROD018,WH003,32,32,38162.33
ORD003559,2025-06-27,PROD019,WH001,7,7,189746.01
ORD003560,2025-06-27,PROD020,WH001,8,8,102154.82
ORD003561,2025-06-28,PROD001,WH001,8,8,246289.06
ORD003562,2025-06-28,PROD002,WH001,7,7,403119.92
ORD003563,2025-06-28,PROD003,WH002,19,19,127326.08
ORD003564,2025-06-28,PROD004,WH002,22,22,59152.16
ORD003565,2025-06-28,PROD005,WH003,24,24,38930.57
ORD003566,2025-06-28,PROD006,WH003,13,13,167098.25
ORD003567,2025-06-28,PROD007,WH003,21,21,46741.35
ORD003568,2025-06-28,PROD008,WH003,36,36,25142.01
ORD003569,2025-06-28,PROD009,WH004,37,37,17172.62
ORD003570,2025-06-28,PROD010,WH001,44,44,11904.28
ORD003571,2025-06-28,PROD011,WH001,67,67,5114.24
ORD003572,2025-06-28,PROD012,WH001,17,17,30540.92
ORD003573,2025-06-28,PROD013,WH004,58,58,2563.89
ORD003574,2025-06-28,PROD014,WH004,75,75,3461.13
ORD003575,2025-06-28,PROD015,WH004,39,39,20397.13
ORD003576,2025-06-28,PROD016,WH004,19,19,34635.38
ORD003577,2025-06-28,PROD017,WH003,31,31,13275.61
ORD003578,2025-06-28,PROD018,WH003,38,38,37925.12
ORD003579,2025-06-28,PROD019,WH001,42,24,193617.46
ORD003580,2025-06-28,PROD020,WH001,13,13,98296.81
ORD003581,2025-06-29,PROD001,WH001,7,7,237291.49
ORD003582,2025-06-29,PROD002,WH001,6,6,408501.37
ORD003583,2025-06-29,PROD003,WH002,13,13,123288.69
ORD003584,2025-06-29,PROD004,WH002,28,28,57865.4
ORD003585,2025-06-29,PROD005,WH003,27,27,38823.03
ORD003586,2025-06-29,PROD006,WH003,9,9,162150.66
ORD003587,2025-06-29,PROD007,WH003,19,19,48957.75
ORD003588,2025-06-29,PROD008,WH003,38,38,24870.22
ORD003589,2025-06-29,PROD009,WH004,39,39,17139.13
ORD003590,2025-06-29,PROD010,WH001,29,29,11807.25
ORD003591,2025-06-29,PROD011,WH001,99,99,5044.96
ORD003592,2025-06-29,PROD012,WH001,16,16,30899.95
ORD003593,2025-06-29,PROD013,WH004,114,114,2514.29
ORD003594,2025-06-29,PROD014,WH004,78,78,3526.96
ORD003595,2025-06-29,PROD015,WH004,32,32,20510.51
ORD003596,2025-06-29,PROD016,WH004,408,220,33802.9
ORD003597,2025-06-29,PROD017,WH003,49,49,13792.19
ORD003598,2025-06-29,PROD018,WH003,15,15,38762.14
ORD003599,2025-06-29,PROD019,WH001,6,6,190255.35
ORD003600,2025-06-29,PROD020,WH001,12,12,102420.72
ORD003601,2025-06-30,PROD001,WH001,9,9,234858.29
ORD003602,2025-06-30,PROD002,WH001,6,6,413891.46
ORD003603,2025-06-30,PROD003,WH002,18,18,123116.63
ORD003604,2025-06-30,PROD004,WH002,17,17,58506.55
ORD003605,2025-06-30,PROD005,WH003,24,24,39009.76
ORD003606,2025-06-30,PROD006,WH003,10,10,169391.73
ORD003607,2025-06-30,PROD007,WH003,17,17,48824.64
ORD003608,2025-06-30,PROD008,WH003,40,40,24551.44
ORD003609,2025-06-30,PROD009,WH004,34,34,17140.02
ORD003610,2025-06-30,PROD010,WH001,35,35,12186.58
ORD003611,2025-06-30,PROD011,WH001,71,71,4912.83
ORD003612,2025-06-30,PROD012,WH001,28,28,29267.99
ORD003613,2025-06-30,PROD013,WH004,184,184,2477.77
ORD003614,2025-06-30,PROD014,WH004,109,109,3423.51
ORD003615,2025-06-30,PROD015,WH004,32,32,21082.8
ORD003616,2025-06-30,PROD016,WH004,23,23,33845.19
ORD003617,2025-06-30,PROD017,WH003,267,190,13469.56
ORD003618,2025-06-30,PROD018,WH003,19,19,38097.73
ORD003619,2025-06-30,PROD019,WH001,5,5,195495.39
ORD003620,2025-06-30,PROD020,WH001,14,14,101755.81
ORD003621,2025-07-01,PROD001,WH001,6,6,241864.39
ORD003622,2025-07-01,PROD002,WH001,6,6,406647.16
ORD003623,2025-07-01,PROD003,WH002,15,15,121453.02
ORD003624,2025-07-01,PROD004,WH002,18,18,56665.52
ORD003625,2025-07-01,PROD005,WH003,36,36,40554.08
ORD003626,2025-07-01,PROD006,WH003,11,11,163705.12
ORD003627,2025-07-01,PROD007,WH003,26,26,47523.18
ORD003628,2025-07-01,PROD008,WH003,15,15,25583.47
ORD003629,2025-07-01,PROD009,WH004,49,49,16984.2
ORD003630,2025-07-01,PROD010,WH001,37,37,12287.7
ORD003631,2025-07-01,PROD011,WH001,59,59,5115.99
ORD003632,2025-07-01,PROD012,WH001,22,22,29244.33
ORD003633,2025-07-01,PROD013,WH004,195,195,2566.8
ORD003634,2025-07-01,PROD014,WH004,85,85,3411.16
ORD003635,2025-07-01,PROD015,WH004,48,48,21584.02
ORD003636,2025-07-01,PROD016,WH004,14,14,33903.33
ORD003637,2025-07-01,PROD017,WH003,46,46,13711.3
ORD003638,2025-07-01,PROD018,WH003,38,38,38470.01
ORD003639,2025-07-01,PROD019,WH001,11,11,190210.84
ORD003640,2025-07-01,PROD020,WH001,7,7,100716.73
ORD003641,2025-07-02,PROD001,WH001,8,8,246478.82
ORD003642,2025-07-02,PROD002,WH001,5,5,420512.85
ORD003643,2025-07-02,PROD003,WH002,20,20,126157.45
ORD003644,2025-07-02,PROD004,WH002,27,27,58548.86
ORD003645,2025-07-02,PROD005,WH003,25,25,39392.65
ORD003646,2025-07-02,PROD006,WH003,8,8,168253.37
ORD003647,2025-07-02,PROD007,WH003,26,26,48381.9
ORD003648,2025-07-02,PROD008,WH003,31,31,25489.37
ORD003649,2025-07-02,PROD009,WH004,50,50,17161.01
ORD003650,2025-07-02,PROD010,WH001,46,46,11855.51
ORD003651,2025-07-02,PROD011,WH001,41,41,4906.84
ORD003652,2025-07-02,PROD012,WH001,23,23,29238.54
ORD003653,2025-07-02,PROD013,WH004,76,76,2512.9
ORD003654,2025-07-02,PROD014,WH004,52,52,3454.65
ORD003655,2025-07-02,PROD015,WH004,36,36,21164.44
ORD003656,2025-07-02,PROD016,WH004,21,21,33099.66
ORD003657,2025-07-02,PROD017,WH003,28,28,13399.29
ORD003658,2025-07-02,PROD018,WH003,28,28,37454.06
ORD003659,2025-07-02,PROD019,WH001,4,4,188521.81
ORD003660,2025-07-02,PROD020,WH001,7,7,97325.7
ORD003661,2025-07-03,PROD001,WH001,8,8,243228.21
ORD003662,2025-07-03,PROD002,WH001,7,7,400570.75
ORD003663,2025-07-03,PROD003,WH002,85,48,121358.02
ORD003664,2025-07-03,PROD004,WH002,24,24,59553.09
ORD003665,2025-07-03,PROD005,WH003,31,31,39262.9
ORD003666,2025-07-03,PROD006,WH003,6,6,168247.81
ORD003667,2025-07-03,PROD007,WH003,11,11,49337.68
ORD003668,2025-07-03,PROD008,WH003,16,16,25051.18
ORD003669,2025-07-03,PROD009,WH004,39,39,17026.64
ORD003670,2025-07-03,PROD010,WH001,41,41,11904.54
ORD003671,2025-07-03,PROD011,WH001,70,70,4977.68
ORD003672,2025-07-03,PROD012,WH001,12,12,29967.74
ORD003673,2025-07-03,PROD013,WH004,94,94,2447.81
ORD003674,2025-07-03,PROD014,WH004,65,65,3471.59
ORD003675,2025-07-03,PROD015,WH004,32,32,21398.3
ORD003676,2025-07-03,PROD016,WH004,29,29,33352.09
ORD003677,2025-07-03,PROD017,WH003,42,42,13686.18
ORD003678,2025-07-03,PROD018,WH003,28,28,38345.62
ORD003679,2025-07-03,PROD019,WH001,7,7,184953.19
ORD003680,2025-07-03,PROD020,WH001,18,18,97134.57
ORD003681,2025-07-04,PROD001,WH001,12,12,237876.41
ORD003682,2025-07-04,PROD002,WH001,7,7,414727.39
ORD003683,2025-07-04,PROD003,WH002,18,18,123728.13
ORD003684,2025-07-04,PROD004,WH002,25,25,58583.71
ORD003685,2025-07-04,PROD005,WH003,30,30,40397.1
ORD003686,2025-07-04,PROD006,WH003,14,14,168034.89
ORD003687,2025-07-04,PROD007,WH003,29,29,46846.52
ORD003688,2025-07-04,PROD008,WH003,26,26,25115.69
ORD003689,2025-07-04,PROD009,WH004,30,30,16553.75
ORD003690,2025-07-04,PROD010,WH001,41,41,11766.68
ORD003691,2025-07-04,PROD011,WH001,83,83,4947.65
ORD003692,2025-07-04,PROD012,WH001,18,18,30373.3
ORD003693,2025-07-04,PROD013,WH004,58,58,2571.08
ORD003694,2025-07-04,PROD014,WH004,80,80,3466.93
ORD003695,2025-07-04,PROD015,WH004,35,35,21026.64
ORD003696,2025-07-04,PROD016,WH004,20,20,33508.47
ORD003697,2025-07-04,PROD017,WH003,44,44,13642.15
ORD003698,2025-07-04,PROD018,WH003,23,23,37695.82
ORD003699,2025-07-04,PROD019,WH001,6,6,189790.2
ORD003700,2025-07-04,PROD020,WH001,13,13,100406.88
ORD003701,2025-07-05,PROD001,WH001,9,9,242681.89
ORD003702,2025-07-05,PROD002,WH001,5,5,399177.27
ORD003703,2025-07-05,PROD003,WH002,12,12,125411.76
ORD003704,2025-07-05,PROD004,WH002,23,23,57760.45
ORD003705,2025-07-05,PROD005,WH003,20,20,39121.04
ORD003706,2025-07-05,PROD006,WH003,10,10,162109.56
ORD003707,2025-07-05,PROD007,WH003,28,28,49105.6
ORD003708,2025-07-05,PROD008,WH003,26,26,25557.66
ORD003709,2025-07-05,PROD009,WH004,29,29,16524.0
ORD003710,2025-07-05,PROD010,WH001,44,44,12136.37
ORD003711,2025-07-05,PROD011,WH001,54,54,5016.26
ORD003712,2025-07-05,PROD012,WH001,24,24,30791.67
ORD003713,2025-07-05,PROD013,WH004,106,106,2561.2
ORD003714,2025-07-05,PROD014,WH004,87,87,3516.71
ORD003715,2025-07-05,PROD015,WH004,27,27,20545.08
ORD003716,2025-07-05,PROD016,WH004,18,18,33918.02
ORD003717,2025-07-05,PROD017,WH003,40,40,13682.38
ORD003718,2025-07-05,PROD018,WH003,35,35,39029.96
ORD003719,2025-07-05,PROD019,WH001,8,8,188447.66
ORD003720,2025-07-05,PROD020,WH001,10,10,101708.03
ORD003721,2025-07-06,PROD001,WH001,10,10,242640.11
ORD003722,2025-07-06,PROD002,WH001,5,5,399626.0
ORD003723,2025-07-06,PROD003,WH002,17,17,125434.83
ORD003724,2025-07-06,PROD004,WH002,24,24,56898.61
ORD003725,2025-07-06,PROD005,WH003,10,10,40440.52
ORD003726,2025-07-06,PROD006,WH003,10,10,166089.84
ORD003727,2025-07-06,PROD007,WH003,14,14,49362.38
ORD003728,2025-07-06,PROD008,WH003,21,21,25653.07
ORD003729,2025-07-06,PROD009,WH004,30,30,16499.56
ORD003730,2025-07-06,PROD010,WH001,56,56,11697.62
ORD003731,2025-07-06,PROD011,WH001,62,62,5080.74
ORD003732,2025-07-06,PROD012,WH001,201,133,30334.16
ORD003733,2025-07-06,PROD013,WH004,127,127,2545.14
ORD003734,2025-07-06,PROD014,WH004,101,101,3451.03
ORD003735,2025-07-06,PROD015,WH004,32,32,21440.15
ORD003736,2025-07-06,PROD016,WH004,14,14,33882.54
ORD003737,2025-07-06,PROD017,WH003,26,26,13307.15
ORD003738,2025-07-06,PROD018,WH003,29,29,36884.19
ORD003739,2025-07-06,PROD019,WH001,8,8,194233.55
ORD003740,2025-07-06,PROD020,WH001,8,8,100212.06
ORD003741,2025-07-07,PROD001,WH001,7,7,246845.5
ORD003742,2025-07-07,PROD002,WH001,4,4,415281.16
ORD003743,2025-07-07,PROD003,WH002,10,10,121853.13
ORD003744,2025-07-07,PROD004,WH002,17,17,58306.91
ORD003745,2025-07-07,PROD005,WH003,19,19,38841.1
ORD003746,2025-07-07,PROD006,WH003,8,8,165572.04
ORD003747,2025-07-07,PROD007,WH003,18,18,47568.58
ORD003748,2025-07-07,PROD008,WH003,24,24,25214.94
ORD003749,2025-07-07,PROD009,WH004,34,34,17042.41
ORD003750,2025-07-07,PROD010,WH001,51,51,11828.17
ORD003751,2025-07-07,PROD011,WH001,73,73,4898.71
ORD003752,2025-07-07,PROD012,WH001,34,34,29828.48
ORD003753,2025-07-07,PROD013,WH004,114,114,2573.03
ORD003754,2025-07-07,PROD014,WH004,101,101,3486.5
ORD003755,2025-07-07,PROD015,WH004,37,37,21313.47
ORD003756,2025-07-07,PROD016,WH004,22,22,33096.23
ORD003757,2025-07-07,PROD017,WH003,36,36,13401.88
ORD003758,2025-07-07,PROD018,WH003,44,44,38183.14
ORD003759,2025-07-07,PROD019,WH001,8,8,192863.64
ORD003760,2025-07-07,PROD020,WH001,9,9,100170.3
ORD003761,2025-07-08,PROD001,WH001,8,8,240220.26
ORD003762,2025-07-08,PROD002,WH001,7,7,416492.11
ORD003763,2025-07-08,PROD003,WH002,14,14,123599.66
ORD003764,2025-07-08,PROD004,WH002,18,18,56575.32
ORD003765,2025-07-08,PROD005,WH003,12,12,39633.16
ORD003766,2025-07-08,PROD006,WH003,13,13,161624.06
ORD003767,2025-07-08,PROD007,WH003,16,16,49341.92
ORD003768,2025-07-08,PROD008,WH003,37,37,25116.27
ORD003769,2025-07-08,PROD009,WH004,32,32,16945.53
ORD003770,2025-07-08,PROD010,WH001,50,50,12296.68
ORD003771,2025-07-08,PROD011,WH001,83,83,5120.11
ORD003772,2025-07-08,PROD012,WH001,13,13,29848.26
ORD003773,2025-07-08,PROD013,WH004,90,90,2556.21
ORD003774,2025-07-08,PROD014,WH004,101,101,3408.45
ORD003775,2025-07-08,PROD015,WH004,33,33,21486.01
ORD003776,2025-07-08,PROD016,WH004,180,139,33613.59
ORD003777,2025-07-08,PROD017,WH003,46,46,13552.75
ORD003778,2025-07-08,PROD018,WH003,18,18,37474.89
ORD003779,2025-07-08,PROD019,WH001,6,6,195526.71
ORD003780,2025-07-08,PROD020,WH001,7,7,97430.68
ORD003781,2025-07-09,PROD001,WH001,9,9,239236.16
ORD003782,2025-07-09,PROD002,WH001,6,6,412976.31
ORD003783,2025-07-09,PROD003,WH002,10,10,125867.09
ORD003784,2025-07-09,PROD004,WH002,21,21,58830.88
ORD003785,2025-07-09,PROD005,WH003,28,28,40538.6
ORD003786,2025-07-09,PROD006,WH003,14,14,167902.11
ORD003787,2025-07-09,PROD007,WH003,20,20,47234.75
ORD003788,2025-07-09,PROD008,WH003,21,21,24805.76
ORD003789,2025-07-09,PROD009,WH004,37,37,16879.67
ORD003790,2025-07-09,PROD010,WH001,34,34,12328.2
ORD003791,2025-07-09,PROD011,WH001,77,77,4972.79
ORD003792,2025-07-09,PROD012,WH001,23,23,29499.36
ORD003793,2025-07-09,PROD013,WH004,94,94,2519.85
ORD003794,2025-07-09,PROD014,WH004,67,67,3484.73
ORD003795,2025-07-09,PROD015,WH004,39,39,20685.1
ORD003796,2025-07-09,PROD016,WH004,20,20,34438.88
ORD003797,2025-07-09,PROD017,WH003,66,66,13250.46
ORD003798,2025-07-09,PROD018,WH003,29,29,38304.05
ORD003799,2025-07-09,PROD019,WH001,8,8,189208.05
ORD003800,2025-07-09,PROD020,WH001,12,12,98915.0
ORD003801,2025-07-10,PROD001,WH001,7,7,246422.14
ORD003802,2025-07-10,PROD002,WH001,5,5,405680.42
ORD003803,2025-07-10,PROD003,WH002,19,19,123856.31
ORD003804,2025-07-10,PROD004,WH002,21,21,59289.82
ORD003805,2025-07-10,PROD005,WH003,15,15,39109.7
ORD003806,2025-07-10,PROD006,WH003,8,8,161119.88
ORD003807,2025-07-10,PROD007,WH003,9,9,47374.2
ORD003808,2025-07-10,PROD008,WH003,28,28,25137.45
ORD003809,2025-07-10,PROD009,WH004,32,32,16881.99
ORD003810,2025-07-10,PROD010,WH001,64,64,12078.16
ORD003811,2025-07-10,PROD011,WH001,65,65,4897.93
ORD003812,2025-07-10,PROD012,WH001,26,26,29570.61
ORD003813,2025-07-10,PROD013,WH004,91,91,2509.77
ORD003814,2025-07-10,PROD014,WH004,60,60,3440.6
ORD003815,2025-07-10,PROD015,WH004,21,21,20902.73
ORD003816,2025-07-10,PROD016,WH004,18,18,34148.2
ORD003817,2025-07-10,PROD017,WH003,38,38,13883.66
ORD003818,2025-07-10,PROD018,WH003,36,36,37042.14
ORD003819,2025-07-10,PROD019,WH001,7,7,189548.72
ORD003820,2025-07-10,PROD020,WH001,10,10,99377.63
ORD003821,2025-07-11,PROD001,WH001,5,5,244669.07
ORD003822,2025-07-11,PROD002,WH001,5,5,419847.31
ORD003823,2025-07-11,PROD003,WH002,12,12,128052.6
ORD003824,2025-07-11,PROD004,WH002,18,18,57565.48
ORD003825,2025-07-11,PROD005,WH003,23,23,39531.17
ORD003826,2025-07-11,PROD006,WH003,10,10,164496.46
ORD003827,2025-07-11,PROD007,WH003,20,20,47550.68
ORD003828,2025-07-11,PROD008,WH003,174,95,25328.28
ORD003829,2025-07-11,PROD009,WH004,33,33,16707.84
ORD003830,2025-07-11,PROD010,WH001,40,40,12114.25
ORD003831,2025-07-11,PROD011,WH001,79,79,5128.1
ORD003832,2025-07-11,PROD012,WH001,18,18,29603.84
ORD003833,2025-07-11,PROD013,WH004,100,100,2526.53
ORD003834,2025-07-11,PROD014,WH004,97,97,3425.15
ORD003835,2025-07-11,PROD015,WH004,57,57,20522.94
ORD003836,2025-07-11,PROD016,WH004,10,10,33215.91
ORD003837,2025-07-11,PROD017,WH003,51,51,13207.21
ORD003838,2025-07-11,PROD018,WH003,30,30,37352.86
ORD003839,2025-07-11,PROD019,WH001,8,8,190716.27
ORD003840,2025-07-11,PROD020,WH001,12,12,101601.91
ORD003841,2025-07-12,PROD001,WH001,6,6,234626.74
ORD003842,2025-07-12,PROD002,WH001,3,3,419102.37
ORD003843,2025-07-12,PROD003,WH002,17,17,127570.37
ORD003844,2025-07-12,PROD004,WH002,13,13,58791.31
ORD003845,2025-07-12,PROD005,WH003,26,26,39822.32
ORD003846,2025-07-12,PROD006,WH003,13,13,160065.42
ORD003847,2025-07-12,PROD007,WH003,22,22,48676.12
ORD003848,2025-07-12,PROD008,WH003,33,33,25568.48
ORD003849,2025-07-12,PROD009,WH004,39,39,16831.99
ORD003850,2025-07-12,PROD010,WH001,45,45,12156.95
ORD003851,2025-07-12,PROD011,WH001,60,60,4868.61
ORD003852,2025-07-12,PROD012,WH001,23,23,30377.09
ORD003853,2025-07-12,PROD013,WH004,75,75,2435.25
ORD003854,2025-07-12,PROD014,WH004,51,51,3518.31
ORD003855,2025-07-12,PROD015,WH004,24,24,21122.92
ORD003856,2025-07-12,PROD016,WH004,26,26,33596.4
ORD003857,2025-07-12,PROD017,WH003,25,25,13159.09
ORD003858,2025-07-12,PROD018,WH003,36,36,39024.48
ORD003859,2025-07-12,PROD019,WH001,8,8,190405.58
ORD003860,2025-07-12,PROD020,WH001,15,15,100478.55
ORD003861,2025-07-13,PROD001,WH001,5,5,241656.3
ORD003862,2025-07-13,PROD002,WH001,10,10,419619.78
ORD003863,2025-07-13,PROD003,WH002,16,16,121701.92
ORD003864,2025-07-13,PROD004,WH002,11,11,59368.64
ORD003865,2025-07-13,PROD005,WH003,27,27,39375.22
ORD003866,2025-07-13,PROD006,WH003,8,8,160821.71
ORD003867,2025-07-13,PROD007,WH003,24,24,48452.93
ORD003868,2025-07-13,PROD008,WH003,36,36,25715.46
ORD003869,2025-07-13,PROD009,WH004,20,20,16548.39
ORD003870,2025-07-13,PROD010,WH001,33,33,11946.81
ORD003871,2025-07-13,PROD011,WH001,35,35,5008.94
ORD003872,2025-07-13,PROD012,WH001,25,25,29553.81
ORD003873,2025-07-13,PROD013,WH004,67,67,2572.43
ORD003874,2025-07-13,PROD014,WH004,72,72,3529.6
ORD003875,2025-07-13,PROD015,WH004,31,31,21433.88
ORD003876,2025-07-13,PROD016,WH004,13,13,33828.19
ORD003877,2025-07-13,PROD017,WH003,37,37,13381.7
ORD003878,2025-07-13,PROD018,WH003,25,25,38121.2
ORD003879,2025-07-13,PROD019,WH001,7,7,189262.17
ORD003880,2025-07-13,PROD020,WH001,8,8,101289.69
ORD003881,2025-07-14,PROD001,WH001,11,11,236627.78
ORD003882,2025-07-14,PROD002,WH001,6,6,408759.94
ORD003883,2025-07-14,PROD003,WH002,15,15,127963.5
ORD003884,2025-07-14,PROD004,WH002,17,17,58891.26
ORD003885,2025-07-14,PROD005,WH003,36,36,39203.37
ORD003886,2025-07-14,PROD006,WH003,12,12,168829.96
ORD003887,2025-07-14,PROD007,WH003,14,14,48256.37
ORD003888,2025-07-14,PROD008,WH003,34,34,25268.93
ORD003889,2025-07-14,PROD009,WH004,30,30,16790.14
ORD003890,2025-07-14,PROD010,WH001,48,48,11957.91
ORD003891,2025-07-14,PROD011,WH001,98,98,5092.04
ORD003892,2025-07-14,PROD012,WH001,22,22,29695.22
ORD003893,2025-07-14,PROD013,WH004,67,67,2449.76
ORD003894,2025-07-14,PROD014,WH004,56,56,3474.44
ORD003895,2025-07-14,PROD015,WH004,27,27,20457.22
ORD003896,2025-07-14,PROD016,WH004,20,20,34444.43
ORD003897,2025-07-14,PROD017,WH003,37,37,13214.67
ORD003898,2025-07-14,PROD018,WH003,39,39,37510.09
ORD003899,2025-07-14,PROD019,WH001,4,4,194344.32
ORD003900,2025-07-14,PROD020,WH001,13,13,100242.99
ORD003901,2025-07-15,PROD001,WH001,5,5,237427.27
ORD003902,2025-07-15,PROD002,WH001,7,7,411172.61
ORD003903,2025-07-15,PROD003,WH002,27,27,122887.08
ORD003904,2025-07-15,PROD004,WH002,229,135,56347.6
ORD003905,2025-07-15,PROD005,WH003,31,31,40248.96
ORD003906,2025-07-15,PROD006,WH003,15,15,167119.85
ORD003907,2025-07-15,PROD007,WH003,15,15,49093.77
ORD003908,2025-07-15,PROD008,WH003,33,33,25407.83
ORD003909,2025-07-15,PROD009,WH004,34,34,17435.21
ORD003910,2025-07-15,PROD010,WH001,35,35,12349.89
ORD003911,2025-07-15,PROD011,WH001,92,92,5073.48
ORD003912,2025-07-15,PROD012,WH001,30,30,30662.26
ORD003913,2025-07-15,PROD013,WH004,109,109,2526.06
ORD003914,2025-07-15,PROD014,WH004,114,114,3430.9
ORD003915,2025-07-15,PROD015,WH004,35,35,20598.95
ORD003916,2025-07-15,PROD016,WH004,12,12,33204.93
ORD003917,2025-07-15,PROD017,WH003,43,43,13858.81
ORD003918,2025-07-15,PROD018,WH003,37,37,38393.87
ORD003919,2025-07-15,PROD019,WH001,6,6,193304.97
ORD003920,2025-07-15,PROD020,WH001,13,13,98986.94
ORD003921,2025-07-16,PROD001,WH001,5,5,239430.07
ORD003922,2025-07-16,PROD002,WH001,4,4,398678.58
ORD003923,2025-07-16,PROD003,WH002,17,17,127917.56
ORD003924,2025-07-16,PROD004,WH002,14,14,59228.45
ORD003925,2025-07-16,PROD005,WH003,22,22,40683.55
ORD003926,2025-07-16,PROD006,WH003,6,6,160627.19
ORD003927,2025-07-16,PROD007,WH003,22,22,47061.84
ORD003928,2025-07-16,PROD008,WH003,20,20,24751.26
ORD003929,2025-07-16,PROD009,WH004,58,58,16758.32
ORD003930,2025-07-16,PROD010,WH001,57,57,12243.69
ORD003931,2025-07-16,PROD011,WH001,72,72,4908.45
ORD003932,2025-07-16,PROD012,WH001,22,22,30057.82
ORD003933,2025-07-16,PROD013,WH004,102,102,2510.71
ORD003934,2025-07-16,PROD014,WH004,76,76,3484.25
ORD003935,2025-07-16,PROD015,WH004,29,29,20673.27
ORD003936,2025-07-16,PROD016,WH004,18,18,34939.0
ORD003937,2025-07-16,PROD017,WH003,40,40,13429.85
ORD003938,2025-07-16,PROD018,WH003,13,13,38518.27
ORD003939,2025-07-16,PROD019,WH001,6,6,186398.13
ORD003940,2025-07-16,PROD020,WH001,12,12,101936.87
ORD003941,2025-07-17,PROD001,WH001,7,7,235908.84
ORD003942,2025-07-17,PROD002,WH001,6,6,414312.54
ORD003943,2025-07-17,PROD003,WH002,20,20,125048.72
ORD003944,2025-07-17,PROD004,WH002,17,17,56770.02
ORD003945,2025-07-17,PROD005,WH003,21,21,38859.88
ORD003946,2025-07-17,PROD006,WH003,10,10,169264.41
ORD003947,2025-07-17,PROD007,WH003,13,13,46921.99
ORD003948,2025-07-17,PROD008,WH003,25,25,25307.43
ORD003949,2025-07-17,PROD009,WH004,25,25,17155.74
ORD003950,2025-07-17,PROD010,WH001,45,45,11886.04
ORD003951,2025-07-17,PROD011,WH001,72,72,4905.61
ORD003952,2025-07-17,PROD012,WH001,27,27,29420.99
ORD003953,2025-07-17,PROD013,WH004,73,73,2512.8
ORD003954,2025-07-17,PROD014,WH004,75,75,3509.85
ORD003955,2025-07-17,PROD015,WH004,18,18,21473.68
ORD003956,2025-07-17,PROD016,WH004,12,12,34285.61
ORD003957,2025-07-17,PROD017,WH003,42,42,13758.61
ORD003958,2025-07-17,PROD018,WH003,40,40,36933.9
ORD003959,2025-07-17,PROD019,WH001,6,6,191949.32
ORD003960,2025-07-17,PROD020,WH001,11,11,98402.25
ORD003961,2025-07-18,PROD001,WH001,8,8,236440.88
ORD003962,2025-07-18,PROD002,WH001,4,4,415426.18
ORD003963,2025-07-18,PROD003,WH002,11,11,127200.75
ORD003964,2025-07-18,PROD004,WH002,25,25,57553.64
ORD003965,2025-07-18,PROD005,WH003,34,34,40696.18
ORD003966,2025-07-18,PROD006,WH003,8,8,164443.07
ORD003967,2025-07-18,PROD007,WH003,14,14,49030.02
ORD003968,2025-07-18,PROD008,WH003,31,31,24287.36
ORD003969,2025-07-18,PROD009,WH004,47,47,16575.16
ORD003970,2025-07-18,PROD010,WH001,40,40,12198.97
ORD003971,2025-07-18,PROD011,WH001,75,75,5037.23
ORD003972,2025-07-18,PROD012,WH001,20,20,30106.24
ORD003973,2025-07-18,PROD013,WH004,75,75,2517.1
ORD003974,2025-07-18,PROD014,WH004,83,83,3590.34
ORD003975,2025-07-18,PROD015,WH004,18,18,21195.98
ORD003976,2025-07-18,PROD016,WH004,22,22,34300.85
ORD003977,2025-07-18,PROD017,WH003,26,26,13710.17
ORD003978,2025-07-18,PROD018,WH003,28,28,38835.9
ORD003979,2025-07-18,PROD019,WH001,8,8,187285.8
ORD003980,2025-07-18,PROD020,WH001,19,19,100700.49
ORD003981,2025-07-19,PROD001,WH001,15,15,241209.24
ORD003982,2025-07-19,PROD002,WH001,2,2,401017.3
ORD003983,2025-07-19,PROD003,WH002,21,21,125152.38
ORD003984,2025-07-19,PROD004,WH002,23,23,56502.04
ORD003985,2025-07-19,PROD005,WH003,22,22,39243.9
ORD003986,2025-07-19,PROD006,WH003,2,2,169088.33
ORD003987,2025-07-19,PROD007,WH003,27,27,46903.42
ORD003988,2025-07-19,PROD008,WH003,29,29,25118.37
ORD003989,2025-07-19,PROD009,WH004,45,45,16819.95
ORD003990,2025-07-19,PROD010,WH001,70,70,12039.83
ORD003991,2025-07-19,PROD011,WH001,666,487,4920.49
ORD003992,2025-07-19,PROD012,WH001,28,28,29899.88
ORD003993,2025-07-19,PROD013,WH004,94,94,2555.1
ORD003994,2025-07-19,PROD014,WH004,77,77,3474.01
ORD003995,2025-07-19,PROD015,WH004,22,22,20814.82
ORD003996,2025-07-19,PROD016,WH004,21,21,33890.08
ORD003997,2025-07-19,PROD017,WH003,37,37,13176.4
ORD003998,2025-07-19,PROD018,WH003,539,343,37743.15
ORD003999,2025-07-19,PROD019,WH001,10,10,184378.66
ORD004000,2025-07-19,PROD020,WH001,11,11,100020.38
ORD004001,2025-07-20,PROD001,WH001,7,7,245010.35
ORD004002,2025-07-20,PROD002,WH001,0,0,411281.0
ORD004003,2025-07-20,PROD003,WH002,22,22,125807.94
ORD004004,2025-07-20,PROD004,WH002,11,11,56366.36
ORD004005,2025-07-20,PROD005,WH003,23,23,40862.84
ORD004006,2025-07-20,PROD006,WH003,11,11,163861.54
ORD004007,2025-07-20,PROD007,WH003,16,16,49367.58
ORD004008,2025-07-20,PROD008,WH003,37,37,24430.7
ORD004009,2025-07-20,PROD009,WH004,42,42,17453.57
ORD004010,2025-07-20,PROD010,WH001,60,60,12096.69
ORD004011,2025-07-20,PROD011,WH001,62,62,4865.7
ORD004012,2025-07-20,PROD012,WH001,22,22,30849.06
ORD004013,2025-07-20,PROD013,WH004,106,106,2427.08
ORD004014,2025-07-20,PROD014,WH004,109,109,3548.45
ORD004015,2025-07-20,PROD015,WH004,38,38,21490.81
ORD004016,2025-07-20,PROD016,WH004,19,19,33338.66
ORD004017,2025-07-20,PROD017,WH003,32,32,13373.12
ORD004018,2025-07-20,PROD018,WH003,44,44,38139.6
ORD004019,2025-07-20,PROD019,WH001,9,9,192049.83
ORD004020,2025-07-20,PROD020,WH001,13,13,102231.26
ORD004021,2025-07-21,PROD001,WH001,7,7,243759.41
ORD004022,2025-07-21,PROD002,WH001,5,5,406637.95
ORD004023,2025-07-21,PROD003,WH002,11,11,127412.9
ORD004024,2025-07-21,PROD004,WH002,16,16,59621.95
ORD004025,2025-07-21,PROD005,WH003,20,20,39344.77
ORD004026,2025-07-21,PROD006,WH003,7,7,160783.55
ORD004027,2025-07-21,PROD007,WH003,12,12,47788.66
ORD004028,2025-07-21,PROD008,WH003,33,33,25572.1
ORD004029,2025-07-21,PROD009,WH004,35,35,16643.3
ORD004030,2025-07-21,PROD010,WH001,39,39,12277.77
ORD004031,2025-07-21,PROD011,WH001,77,77,5147.66
ORD004032,2025-07-21,PROD012,WH001,23,23,29197.2
ORD004033,2025-07-21,PROD013,WH004,95,95,2499.29
ORD004034,2025-07-21,PROD014,WH004,82,82,3464.07
ORD004035,2025-07-21,PROD015,WH004,21,21,20866.04
ORD004036,2025-07-21,PROD016,WH004,30,30,33901.33
ORD004037,2025-07-21,PROD017,WH003,59,59,13694.16
ORD004038,2025-07-21,PROD018,WH003,40,40,38208.16
ORD004039,2025-07-21,PROD019,WH001,7,7,195257.69
ORD004040,2025-07-21,PROD020,WH001,11,11,98996.59
ORD004041,2025-07-22,PROD001,WH001,6,6,240597.66
ORD004042,2025-07-22,PROD002,WH001,6,6,417707.88
ORD004043,2025-07-22,PROD003,WH002,25,25,124047.71
ORD004044,2025-07-22,PROD004,WH002,32,32,57879.24
ORD004045,2025-07-22,PROD005,WH003,37,37,40443.94
ORD004046,2025-07-22,PROD006,WH003,6,6,168571.37
ORD004047,2025-07-22,PROD007,WH003,21,21,47757.16
ORD004048,2025-07-22,PROD008,WH003,50,50,25047.93
ORD004049,2025-07-22,PROD009,WH004,32,32,17484.62
ORD004050,2025-07-22,PROD010,WH001,49,49,11670.58
ORD004051,2025-07-22,PROD011,WH001,89,89,4984.47
ORD004052,2025-07-22,PROD012,WH001,313,202,30244.77
ORD004053,2025-07-22,PROD013,WH004,120,120,2426.26
ORD004054,2025-07-22,PROD014,WH004,57,57,3520.33
ORD004055,2025-07-22,PROD015,WH004,19,19,20440.81
ORD004056,2025-07-22,PROD016,WH004,16,16,34729.42
ORD004057,2025-07-22,PROD017,WH003,49,49,13748.74
ORD004058,2025-07-22,PROD018,WH003,44,44,36933.54
ORD004059,2025-07-22,PROD019,WH001,8,8,184856.37
ORD004060,2025-07-22,PROD020,WH001,16,16,101521.68
ORD004061,2025-07-23,PROD001,WH001,11,11,238121.45
ORD004062,2025-07-23,PROD002,WH001,6,6,411845.63
ORD004063,2025-07-23,PROD003,WH002,13,13,123277.46
ORD004064,2025-07-23,PROD004,WH002,16,16,56861.93
ORD004065,2025-07-23,PROD005,WH003,24,24,39510.59
ORD004066,2025-07-23,PROD006,WH003,10,10,162492.47
ORD004067,2025-07-23,PROD007,WH003,21,21,47851.13
ORD004068,2025-07-23,PROD008,WH003,27,27,25370.01
ORD004069,2025-07-23,PROD009,WH004,28,28,17055.21
ORD004070,2025-07-23,PROD010,WH001,53,53,12078.61
ORD004071,2025-07-23,PROD011,WH001,51,51,4991.02
ORD004072,2025-07-23,PROD012,WH001,21,21,29684.52
ORD004073,2025-07-23,PROD013,WH004,104,104,2446.53
ORD004074,2025-07-23,PROD014,WH004,86,86,3469.46
ORD004075,2025-07-23,PROD015,WH004,19,19,21208.15
ORD004076,2025-07-23,PROD016,WH004,30,30,34476.91
ORD004077,2025-07-23,PROD017,WH003,52,52,13475.04
ORD004078,2025-07-23,PROD018,WH003,27,27,38330.59
ORD004079,2025-07-23,PROD019,WH001,7,7,186700.17
ORD004080,2025-07-23,PROD020,WH001,12,12,102160.4
ORD004081,2025-07-24,PROD001,WH001,9,9,245269.48
ORD004082,2025-07-24,PROD002,WH001,6,6,405580.07
ORD004083,2025-07-24,PROD003,WH002,12,12,125357.84
ORD004084,2025-07-24,PROD004,WH002,22,22,58371.18
ORD004085,2025-07-24,PROD005,WH003,20,20,39933.83
ORD004086,2025-07-24,PROD006,WH003,7,7,169070.31
ORD004087,2025-07-24,PROD007,WH003,21,21,48690.38
ORD004088,2025-07-24,PROD008,WH003,34,34,25258.77
ORD004089,2025-07-24,PROD009,WH004,28,28,17020.5
ORD004090,2025-07-24,PROD010,WH001,41,41,11701.09
ORD004091,2025-07-24,PROD011,WH001,48,48,4882.35
ORD004092,2025-07-24,PROD012,WH001,26,26,29638.22
ORD004093,2025-07-24,PROD013,WH004,96,96,2456.73
ORD004094,2025-07-24,PROD014,WH004,55,55,3595.03
ORD004095,2025-07-24,PROD015,WH004,25,25,20886.36
ORD004096,2025-07-24,PROD016,WH004,14,14,34768.28
ORD004097,2025-07-24,PROD017,WH003,39,39,13757.64
ORD004098,2025-07-24,PROD018,WH003,32,32,38712.66
ORD004099,2025-07-24,PROD019,WH001,8,8,186759.07
ORD004100,2025-07-24,PROD020,WH001,9,9,99683.93
ORD004101,2025-07-25,PROD001,WH001,7,7,237378.51
ORD004102,2025-07-25,PROD002,WH001,6,6,421572.11
ORD004103,2025-07-25,PROD003,WH002,15,15,127825.58
ORD004104,2025-07-25,PROD004,WH002,19,19,57129.73
ORD004105,2025-07-25,PROD005,WH003,23,23,39552.45
ORD004106,2025-07-25,PROD006,WH003,11,11,165286.2
ORD004107,2025-07-25,PROD007,WH003,21,21,47362.38
ORD004108,2025-07-25,PROD008,WH003,26,26,25486.79
ORD004109,2025-07-25,PROD009,WH004,27,27,17325.62
ORD004110,2025-07-25,PROD010,WH001,68,68,12161.53
ORD004111,2025-07-25,PROD011,WH001,84,84,5056.79
ORD004112,2025-07-25,PROD012,WH001,19,19,30085.14
ORD004113,2025-07-25,PROD013,WH004,105,105,2477.07
ORD004114,2025-07-25,PROD014,WH004,106,106,3570.76
ORD004115,2025-07-25,PROD015,WH004,15,15,21452.13
ORD004116,2025-07-25,PROD016,WH004,13,13,33081.0
ORD004117,2025-07-25,PROD017,WH003,49,49,13417.88
ORD004118,2025-07-25,PROD018,WH003,23,23,36920.71
ORD004119,2025-07-25,PROD019,WH001,7,7,193870.04
ORD004120,2025-07-25,PROD020,WH001,12,12,98062.56
ORD004121,2025-07-26,PROD001,WH001,9,9,242503.68
ORD004122,2025-07-26,PROD002,WH001,1,1,406491.45
ORD004123,2025-07-26,PROD003,WH002,14,14,127370.49
ORD004124,2025-07-26,PROD004,WH002,12,12,58033.71
ORD004125,2025-07-26,PROD005,WH003,22,22,39578.56
ORD004126,2025-07-26,PROD006,WH003,10,10,163256.32
ORD004127,2025-07-26,PROD007,WH003,19,19,47501.55
ORD004128,2025-07-26,PROD008,WH003,34,34,25432.87
ORD004129,2025-07-26,PROD009,WH004,29,29,17215.34
ORD004130,2025-07-26,PROD010,WH001,223,160,11869.83
ORD004131,2025-07-26,PROD011,WH001,74,74,4997.06
ORD004132,2025-07-26,PROD012,WH001,22,22,29237.08
ORD004133,2025-07-26,PROD013,WH004,131,131,2549.13
ORD004134,2025-07-26,PROD014,WH004,100,100,3450.85
ORD004135,2025-07-26,PROD015,WH004,49,49,21490.42
ORD004136,2025-07-26,PROD016,WH004,19,19,34197.47
ORD004137,2025-07-26,PROD017,WH003,35,35,13554.93
ORD004138,2025-07-26,PROD018,WH003,46,46,37231.0
ORD004139,2025-07-26,PROD019,WH001,8,8,185092.7
ORD004140,2025-07-26,PROD020,WH001,12,12,100315.7
ORD004141,2025-07-27,PROD001,WH001,1,1,239539.04
ORD004142,2025-07-27,PROD002,WH001,5,5,400644.2
ORD004143,2025-07-27,PROD003,WH002,15,15,127516.91
ORD004144,2025-07-27,PROD004,WH002,12,12,57712.0
ORD004145,2025-07-27,PROD005,WH003,20,20,39425.1
ORD004146,2025-07-27,PROD006,WH003,6,6,167853.89
ORD004147,2025-07-27,PROD007,WH003,18,18,49189.62
ORD004148,2025-07-27,PROD008,WH003,37,37,24708.94
ORD004149,2025-07-27,PROD009,WH004,15,15,17281.47
ORD004150,2025-07-27,PROD010,WH001,59,59,12109.81
ORD004151,2025-07-27,PROD011,WH001,89,89,5146.92
ORD004152,2025-07-27,PROD012,WH001,32,32,29467.19
ORD004153,2025-07-27,PROD013,WH004,72,72,2569.1
ORD004154,2025-07-27,PROD014,WH004,53,53,3461.21
ORD004155,2025-07-27,PROD015,WH004,29,29,20889.06
ORD004156,2025-07-27,PROD016,WH004,25,25,33712.0
ORD004157,2025-07-27,PROD017,WH003,38,38,13312.45
ORD004158,2025-07-27,PROD018,WH003,27,27,38440.55
ORD004159,2025-07-27,PROD019,WH001,7,7,191016.26
ORD004160,2025-07-27,PROD020,WH001,14,14,98834.15
ORD004161,2025-07-28,PROD001,WH001,6,6,234703.86
ORD004162,2025-07-28,PROD002,WH001,7,7,405507.44
ORD004163,2025-07-28,PROD003,WH002,21,21,124109.23
ORD004164,2025-07-28,PROD004,WH002,21,21,57584.67
ORD004165,2025-07-28,PROD005,WH003,22,22,39657.42
ORD004166,2025-07-28,PROD006,WH003,9,9,160532.35
ORD004167,2025-07-28,PROD007,WH003,32,32,47896.42
ORD004168,2025-07-28,PROD008,WH003,33,33,25504.31
ORD004169,2025-07-28,PROD009,WH004,49,49,16673.97
ORD004170,2025-07-28,PROD010,WH001,50,50,11744.87
ORD004171,2025-07-28,PROD011,WH001,58,58,4991.56
ORD004172,2025-07-28,PROD012,WH001,16,16,29767.09
ORD004173,2025-07-28,PROD013,WH004,187,187,2509.19
ORD004174,2025-07-28,PROD014,WH004,94,94,3593.89
ORD004175,2025-07-28,PROD015,WH004,29,29,21328.72
ORD004176,2025-07-28,PROD016,WH004,5,5,34381.6
ORD004177,2025-07-28,PROD017,WH003,49,49,13431.91
ORD004178,2025-07-28,PROD018,WH003,331,189,37515.18
ORD004179,2025-07-28,PROD019,WH001,12,12,190459.01
ORD004180,2025-07-28,PROD020,WH001,12,12,102312.66
ORD004181,2025-07-29,PROD001,WH001,10,10,245425.09
ORD004182,2025-07-29,PROD002,WH001,5,5,408659.67
ORD004183,2025-07-29,PROD003,WH002,22,22,123096.65
ORD004184,2025-07-29,PROD004,WH002,22,22,57044.2
ORD004185,2025-07-29,PROD005,WH003,34,34,38881.57
ORD004186,2025-07-29,PROD006,WH003,13,13,168392.38
ORD004187,2025-07-29,PROD007,WH003,20,20,47322.73
ORD004188,2025-07-29,PROD008,WH003,36,36,24788.5
ORD004189,2025-07-29,PROD009,WH004,43,43,17315.4
ORD004190,2025-07-29,PROD010,WH001,53,53,11726.42
ORD004191,2025-07-29,PROD011,WH001,79,79,4988.37
ORD004192,2025-07-29,PROD012,WH001,22,22,29320.21
ORD004193,2025-07-29,PROD013,WH004,113,113,2491.28
ORD004194,2025-07-29,PROD014,WH004,128,128,3404.9
ORD004195,2025-07-29,PROD015,WH004,34,34,21022.2
ORD004196,2025-07-29,PROD016,WH004,19,19,34603.25
ORD004197,2025-07-29,PROD017,WH003,41,41,13642.8
ORD004198,2025-07-29,PROD018,WH003,33,33,38020.91
ORD004199,2025-07-29,PROD019,WH001,6,6,193747.85
ORD004200,2025-07-29,PROD020,WH001,8,8,98366.73
ORD004201,2025-07-30,PROD001,WH001,9,9,244763.47
ORD004202,2025-07-30,PROD002,WH001,10,10,404498.54
ORD004203,2025-07-30,PROD003,WH002,15,15,123968.65
ORD004204,2025-07-30,PROD004,WH002,20,20,56706.94
ORD004205,2025-07-30,PROD005,WH003,20,20,39044.21
ORD004206,2025-07-30,PROD006,WH003,7,7,169277.9
ORD004207,2025-07-30,PROD007,WH003,25,25,47107.14
ORD004208,2025-07-30,PROD008,WH003,25,25,24749.94
ORD004209,2025-07-30,PROD009,WH004,27,27,17029.73
ORD004210,2025-07-30,PROD010,WH001,46,46,11890.46
ORD004211,2025-07-30,PROD011,WH001,68,68,5111.04
ORD004212,2025-07-30,PROD012,WH001,19,19,30721.29
ORD004213,2025-07-30,PROD013,WH004,99,99,2473.9
ORD004214,2025-07-30,PROD014,WH004,52,52,3414.33
ORD004215,2025-07-30,PROD015,WH004,28,28,20634.8
ORD004216,2025-07-30,PROD016,WH004,13,13,33947.76
ORD004217,2025-07-30,PROD017,WH003,38,38,13328.67
ORD004218,2025-07-30,PROD018,WH003,45,45,37893.92
ORD004219,2025-07-30,PROD019,WH001,7,7,192949.22
ORD004220,2025-07-30,PROD020,WH001,11,11,99523.83
ORD004221,2025-07-31,PROD001,WH001,3,3,235636.76
ORD004222,2025-07-31,PROD002,WH001,7,7,406506.0
ORD004223,2025-07-31,PROD003,WH002,16,16,126822.36
ORD004224,2025-07-31,PROD004,WH002,25,25,57735.74
ORD004225,2025-07-31,PROD005,WH003,31,31,39398.89
ORD004226,2025-07-31,PROD006,WH003,17,17,164281.38
ORD004227,2025-07-31,PROD007,WH003,22,22,47869.84
ORD004228,2025-07-31,PROD008,WH003,42,42,24694.57
ORD004229,2025-07-31,PROD009,WH004,37,37,17505.6
ORD004230,2025-07-31,PROD010,WH001,50,50,12192.69
ORD004231,2025-07-31,PROD011,WH001,56,56,5057.74
ORD004232,2025-07-31,PROD012,WH001,20,20,30638.76
ORD004233,2025-07-31,PROD013,WH004,132,132,2524.96
ORD004234,2025-07-31,PROD014,WH004,141,141,3561.11
ORD004235,2025-07-31,PROD015,WH004,37,37,20889.78
ORD004236,2025-07-31,PROD016,WH004,21,21,34000.76
ORD004237,2025-07-31,PROD017,WH003,49,49,13133.07
ORD004238,2025-07-31,PROD018,WH003,30,30,37499.87
ORD004239,2025-07-31,PROD019,WH001,6,6,188495.34
ORD004240,2025-07-31,PROD020,WH001,15,15,100752.82
ORD004241,2025-08-01,PROD001,WH001,11,11,239484.64
ORD004242,2025-08-01,PROD002,WH001,5,5,412652.82
ORD004243,2025-08-01,PROD003,WH002,17,17,126599.96
ORD004244,2025-08-01,PROD004,WH002,26,26,56408.66
ORD004245,2025-08-01,PROD005,WH003,26,26,39419.87
ORD004246,2025-08-01,PROD006,WH003,11,11,161741.95
ORD004247,2025-08-01,PROD007,WH003,26,26,47099.87
ORD004248,2025-08-01,PROD008,WH003,32,32,25004.69
ORD004249,2025-08-01,PROD009,WH004,35,35,17244.78
ORD004250,2025-08-01,PROD010,WH001,47,47,11836.4
ORD004251,2025-08-01,PROD011,WH001,65,65,5097.33
ORD004252,2025-08-01,PROD012,WH001,19,19,30706.42
ORD004253,2025-08-01,PROD013,WH004,86,86,2477.58
ORD004254,2025-08-01,PROD014,WH004,58,58,3538.08
ORD004255,2025-08-01,PROD015,WH004,33,33,20517.48
ORD004256,2025-08-01,PROD016,WH004,21,21,34497.82
ORD004257,2025-08-01,PROD017,WH003,36,36,13228.67
ORD004258,2025-08-01,PROD018,WH003,32,32,38427.31
ORD004259,2025-08-01,PROD019,WH001,10,10,189109.66
ORD004260,2025-08-01,PROD020,WH001,11,11,102570.74
ORD004261,2025-08-02,PROD001,WH001,8,8,239488.23
ORD004262,2025-08-02,PROD002,WH001,7,7,398460.21
ORD004263,2025-08-02,PROD003,WH002,25,25,124855.02
ORD004264,2025-08-02,PROD004,WH002,17,17,59028.34
ORD004265,2025-08-02,PROD005,WH003,43,43,40353.0
ORD004266,2025-08-02,PROD006,WH003,16,16,169616.52
ORD004267,2025-08-02,PROD007,WH003,16,16,48988.62
ORD004268,2025-08-02,PROD008,WH003,34,34,25039.83
ORD004269,2025-08-02,PROD009,WH004,31,31,16700.65
ORD004270,2025-08-02,PROD010,WH001,43,43,11642.72
ORD004271,2025-08-02,PROD011,WH001,38,38,5144.15
ORD004272,2025-08-02,PROD012,WH001,29,29,30788.98
ORD004273,2025-08-02,PROD013,WH004,180,180,2466.12
ORD004274,2025-08-02,PROD014,WH004,63,63,3529.03
ORD004275,2025-08-02,PROD015,WH004,30,30,21288.84
ORD004276,2025-08-02,PROD016,WH004,20,20,34159.15
ORD004277,2025-08-02,PROD017,WH003,47,47,13777.8
ORD004278,2025-08-02,PROD018,WH003,48,48,37037.44
ORD004279,2025-08-02,PROD019,WH001,2,2,194520.03
ORD004280,2025-08-02,PROD020,WH001,9,9,99352.11
ORD004281,2025-08-03,PROD001,WH001,7,7,239721.94
ORD004282,2025-08-03,PROD002,WH001,5,5,408640.45
ORD004283,2025-08-03,PROD003,WH002,12,12,125234.65
ORD004284,2025-08-03,PROD004,WH002,21,21,58341.63
ORD004285,2025-08-03,PROD005,WH003,34,34,40504.82
ORD004286,2025-08-03,PROD006,WH003,7,7,165246.91
ORD004287,2025-08-03,PROD007,WH003,16,16,48532.15
ORD004288,2025-08-03,PROD008,WH003,29,29,24757.45
ORD004289,2025-08-03,PROD009,WH004,44,44,17445.41
ORD004290,2025-08-03,PROD010,WH001,41,41,11686.46
ORD004291,2025-08-03,PROD011,WH001,74,74,5013.66
ORD004292,2025-08-03,PROD012,WH001,17,17,29257.31
ORD004293,2025-08-03,PROD013,WH004,64,64,2491.42
ORD004294,2025-08-03,PROD014,WH004,66,66,3449.09
ORD004295,2025-08-03,PROD015,WH004,31,31,21550.5
ORD004296,2025-08-03,PROD016,WH004,27,27,33006.67
ORD004297,2025-08-03,PROD017,WH003,35,35,13411.87
ORD004298,2025-08-03,PROD018,WH003,46,46,38643.06
ORD004299,2025-08-03,PROD019,WH001,6,6,186448.46
ORD004300,2025-08-03,PROD020,WH001,13,13,101893.53
ORD004301,2025-08-04,PROD001,WH001,8,8,245180.04
ORD004302,2025-08-04,PROD002,WH001,6,6,415116.87
ORD004303,2025-08-04,PROD003,WH002,7,7,122818.02
ORD004304,2025-08-04,PROD004,WH002,16,16,57206.69
ORD004305,2025-08-04,PROD005,WH003,14,14,39200.64
ORD004306,2025-08-04,PROD006,WH003,14,14,161872.23
ORD004307,2025-08-04,PROD007,WH003,19,19,46665.1
ORD004308,2025-08-04,PROD008,WH003,28,28,25535.97
ORD004309,2025-08-04,PROD009,WH004,35,35,17029.07
ORD004310,2025-08-04,PROD010,WH001,39,39,11875.99
ORD004311,2025-08-04,PROD011,WH001,67,67,4936.87
ORD004312,2025-08-04,PROD012,WH001,36,36,30080.45
ORD004313,2025-08-04,PROD013,WH004,112,112,2474.0
ORD004314,2025-08-04,PROD014,WH004,100,100,3576.38
ORD004315,2025-08-04,PROD015,WH004,19,19,20635.81
ORD004316,2025-08-04,PROD016,WH004,27,27,34779.9
ORD004317,2025-08-04,PROD017,WH003,66,66,13632.91
ORD004318,2025-08-04,PROD018,WH003,49,49,39041.11
ORD004319,2025-08-04,PROD019,WH001,8,8,184472.22
ORD004320,2025-08-04,PROD020,WH001,7,7,97354.57
ORD004321,2025-08-05,PROD001,WH001,6,6,240012.88
ORD004322,2025-08-05,PROD002,WH001,5,5,420144.52
ORD004323,2025-08-05,PROD003,WH002,15,15,126730.96
ORD004324,2025-08-05,PROD004,WH002,17,17,58425.03
ORD004325,2025-08-05,PROD005,WH003,23,23,38875.85
ORD004326,2025-08-05,PROD006,WH003,11,11,163556.22
ORD004327,2025-08-05,PROD007,WH003,20,20,47556.06
ORD004328,2025-08-05,PROD008,WH003,33,33,25063.13
ORD004329,2025-08-05,PROD009,WH004,34,34,16752.98
ORD004330,2025-08-05,PROD010,WH001,53,53,11832.35
ORD004331,2025-08-05,PROD011,WH001,83,83,5036.26
ORD004332,2025-08-05,PROD012,WH001,25,25,30800.22
ORD004333,2025-08-05,PROD013,WH004,68,68,2524.03
ORD004334,2025-08-05,PROD014,WH004,94,94,3535.31
ORD004335,2025-08-05,PROD015,WH004,24,24,21612.63
ORD004336,2025-08-05,PROD016,WH004,20,20,33293.1
ORD004337,2025-08-05,PROD017,WH003,62,62,13122.41
ORD004338,2025-08-05,PROD018,WH003,35,35,38559.77
ORD004339,2025-08-05,PROD019,WH001,6,6,189302.18
ORD004340,2025-08-05,PROD020,WH001,10,10,99572.94
ORD004341,2025-08-06,PROD001,WH001,15,15,236044.37
ORD004342,2025-08-06,PROD002,WH001,4,4,410168.83
ORD004343,2025-08-06,PROD003,WH002,14,14,124566.29
ORD004344,2025-08-06,PROD004,WH002,31,31,57462.17
ORD004345,2025-08-06,PROD005,WH003,14,14,39862.59
ORD004346,2025-08-06,PROD006,WH003,12,12,163849.96
ORD004347,2025-08-06,PROD007,WH003,14,14,49266.9
ORD004348,2025-08-06,PROD008,WH003,25,25,25720.38
ORD004349,2025-08-06,PROD009,WH004,26,26,17346.7
ORD004350,2025-08-06,PROD010,WH001,26,26,12353.1
ORD004351,2025-08-06,PROD011,WH001,50,50,4929.72
ORD004352,2025-08-06,PROD012,WH001,21,21,30617.27
ORD004353,2025-08-06,PROD013,WH004,75,75,2485.99
ORD004354,2025-08-06,PROD014,WH004,82,82,3551.69
ORD004355,2025-08-06,PROD015,WH004,35,35,20623.75
ORD004356,2025-08-06,PROD016,WH004,14,14,34636.39
ORD004357,2025-08-06,PROD017,WH003,33,33,13162.61
ORD004358,2025-08-06,PROD018,WH003,54,54,37476.87
ORD004359,2025-08-06,PROD019,WH001,6,6,193670.26
ORD004360,2025-08-06,PROD020,WH001,9,9,101482.96
ORD004361,2025-08-07,PROD001,WH001,8,8,240017.95
ORD004362,2025-08-07,PROD002,WH001,6,6,414250.7
ORD004363,2025-08-07,PROD003,WH002,12,12,122641.81
ORD004364,2025-08-07,PROD004,WH002,16,16,58583.82
ORD004365,2025-08-07,PROD005,WH003,17,17,38819.14
ORD004366,2025-08-07,PROD006,WH003,14,14,168298.84
ORD004367,2025-08-07,PROD007,WH003,22,22,48046.91
ORD004368,2025-08-07,PROD008,WH003,28,28,25665.82
ORD004369,2025-08-07,PROD009,WH004,36,36,16977.73
ORD004370,2025-08-07,PROD010,WH001,27,27,11951.82
ORD004371,2025-08-07,PROD011,WH001,77,77,4985.02
ORD004372,2025-08-07,PROD012,WH001,30,30,29747.51
ORD004373,2025-08-07,PROD013,WH004,78,78,2450.0
ORD004374,2025-08-07,PROD014,WH004,105,105,3571.83
ORD004375,2025-08-07,PROD015,WH004,26,26,20860.25
ORD004376,2025-08-07,PROD016,WH004,15,15,34059.38
ORD004377,2025-08-07,PROD017,WH003,36,36,13111.11
ORD004378,2025-08-07,PROD018,WH003,37,37,36997.38
ORD004379,2025-08-07,PROD019,WH001,13,13,191107.89
ORD004380,2025-08-07,PROD020,WH001,8,8,102275.37
ORD004381,2025-08-08,PROD001,WH001,5,5,239904.9
ORD004382,2025-08-08,PROD002,WH001,5,5,401758.37
ORD004383,2025-08-08,PROD003,WH002,8,8,122120.95
ORD004384,2025-08-08,PROD004,WH002,21,21,59391.26
ORD004385,2025-08-08,PROD005,WH003,30,30,40483.93
ORD004386,2025-08-08,PROD006,WH003,11,11,169615.34
ORD004387,2025-08-08,PROD007,WH003,18,18,46797.16
ORD004388,2025-08-08,PROD008,WH003,22,22,25603.92
ORD004389,2025-08-08,PROD009,WH004,49,49,17352.54
ORD004390,2025-08-08,PROD010,WH001,34,34,12283.09
ORD004391,2025-08-08,PROD011,WH001,132,132,4851.73
ORD004392,2025-08-08,PROD012,WH001,18,18,30435.43
ORD004393,2025-08-08,PROD013,WH004,151,151,2507.34
ORD004394,2025-08-08,PROD014,WH004,72,72,3515.37
ORD004395,2025-08-08,PROD015,WH004,292,227,20961.19
ORD004396,2025-08-08,PROD016,WH004,19,19,34495.06
ORD004397,2025-08-08,PROD017,WH003,45,45,13904.87
ORD004398,2025-08-08,PROD018,WH003,30,30,38480.03
ORD004399,2025-08-08,PROD019,WH001,8,8,192029.77
ORD004400,2025-08-08,PROD020,WH001,4,4,100926.63
ORD004401,2025-08-09,PROD001,WH001,6,6,242811.05
ORD004402,2025-08-09,PROD002,WH001,5,5,406115.97
ORD004403,2025-08-09,PROD003,WH002,14,14,123651.65
ORD004404,2025-08-09,PROD004,WH002,25,25,58989.5
ORD004405,2025-08-09,PROD005,WH003,38,38,38927.41
ORD004406,2025-08-09,PROD006,WH003,6,6,167566.55
ORD004407,2025-08-09,PROD007,WH003,19,19,48903.86
ORD004408,2025-08-09,PROD008,WH003,26,26,25032.4
ORD004409,2025-08-09,PROD009,WH004,18,18,17418.35
ORD004410,2025-08-09,PROD010,WH001,67,67,11980.62
ORD004411,2025-08-09,PROD011,WH001,88,88,4903.43
ORD004412,2025-08-09,PROD012,WH001,23,23,29750.52
ORD004413,2025-08-09,PROD013,WH004,96,96,2560.88
ORD004414,2025-08-09,PROD014,WH004,60,60,3603.69
ORD004415,2025-08-09,PROD015,WH004,35,35,20901.54
ORD004416,2025-08-09,PROD016,WH004,15,15,33320.37
ORD004417,2025-08-09,PROD017,WH003,29,29,13326.93
ORD004418,2025-08-09,PROD018,WH003,49,49,38121.52
ORD004419,2025-08-09,PROD019,WH001,8,8,190821.89
ORD004420,2025-08-09,PROD020,WH001,10,10,100780.36
ORD004421,2025-08-10,PROD001,WH001,8,8,244829.09
ORD004422,2025-08-10,PROD002,WH001,4,4,415195.87
ORD004423,2025-08-10,PROD003,WH002,7,7,123206.3
ORD004424,2025-08-10,PROD004,WH002,12,12,57634.75
ORD004425,2025-08-10,PROD005,WH003,19,19,40815.56
ORD004426,2025-08-10,PROD006,WH003,12,12,166320.49
ORD004427,2025-08-10,PROD007,WH003,16,16,47039.28
ORD004428,2025-08-10,PROD008,WH003,37,37,24738.31
ORD004429,2025-08-10,PROD009,WH004,33,33,17296.91
ORD004430,2025-08-10,PROD010,WH001,40,40,11763.91
ORD004431,2025-08-10,PROD011,WH001,73,73,5057.32
ORD004432,2025-08-10,PROD012,WH001,13,13,30114.37
ORD004433,2025-08-10,PROD013,WH004,107,107,2447.12
ORD004434,2025-08-10,PROD014,WH004,52,52,3539.66
ORD004435,2025-08-10,PROD015,WH004,15,15,20549.36
ORD004436,2025-08-10,PROD016,WH004,250,164,33792.81
ORD004437,2025-08-10,PROD017,WH003,34,34,13344.93
ORD004438,2025-08-10,PROD018,WH003,31,31,38433.22
ORD004439,2025-08-10,PROD019,WH001,7,7,193218.93
ORD004440,2025-08-10,PROD020,WH001,13,13,98009.9
ORD004441,2025-08-11,PROD001,WH001,6,6,244492.75
ORD004442,2025-08-11,PROD002,WH001,4,4,397877.47
ORD004443,2025-08-11,PROD003,WH002,16,16,125225.44
ORD004444,2025-08-11,PROD004,WH002,28,28,58058.43
ORD004445,2025-08-11,PROD005,WH003,30,30,40297.17
ORD004446,2025-08-11,PROD006,WH003,3,3,162423.04
ORD004447,2025-08-11,PROD007,WH003,17,17,46588.39
ORD004448,2025-08-11,PROD008,WH003,36,36,24932.14
ORD004449,2025-08-11,PROD009,WH004,33,33,16562.83
ORD004450,2025-08-11,PROD010,WH001,50,50,12282.38
ORD004451,2025-08-11,PROD011,WH001,76,76,4902.1
ORD004452,2025-08-11,PROD012,WH001,25,25,29865.42
ORD004453,2025-08-11,PROD013,WH004,99,99,2490.1
ORD004454,2025-08-11,PROD014,WH004,58,58,3511.1
ORD004455,2025-08-11,PROD015,WH004,36,36,21355.99
ORD004456,2025-08-11,PROD016,WH004,23,23,33943.18
ORD004457,2025-08-11,PROD017,WH003,45,45,13115.86
ORD004458,2025-08-11,PROD018,WH003,46,46,38618.13
ORD004459,2025-08-11,PROD019,WH001,4,4,185236.78
ORD004460,2025-08-11,PROD020,WH001,16,16,100849.32
ORD004461,2025-08-12,PROD001,WH001,7,7,244369.38
ORD004462,2025-08-12,PROD002,WH001,2,2,404654.18
ORD004463,2025-08-12,PROD003,WH002,17,17,124618.3
ORD004464,2025-08-12,PROD004,WH002,14,14,56309.89
ORD004465,2025-08-12,PROD005,WH003,31,31,40729.3
ORD004466,2025-08-12,PROD006,WH003,6,6,167012.28
ORD004467,2025-08-12,PROD007,WH003,9,9,47226.4
ORD004468,2025-08-12,PROD008,WH003,24,24,24835.34
ORD004469,2025-08-12,PROD009,WH004,64,64,17199.22
ORD004470,2025-08-12,PROD010,WH001,34,34,11897.88
ORD004471,2025-08-12,PROD011,WH001,50,50,4898.72
ORD004472,2025-08-12,PROD012,WH001,34,34,30033.31
ORD004473,2025-08-12,PROD013,WH004,49,49,2533.54
ORD004474,2025-08-12,PROD014,WH004,91,91,3462.37
ORD004475,2025-08-12,PROD015,WH004,29,29,20523.43
ORD004476,2025-08-12,PROD016,WH004,36,36,34672.27
ORD004477,2025-08-12,PROD017,WH003,26,26,13299.77
ORD004478,2025-08-12,PROD018,WH003,24,24,38029.22
ORD004479,2025-08-12,PROD019,WH001,8,8,192181.31
ORD004480,2025-08-12,PROD020,WH001,12,12,98902.45
ORD004481,2025-08-13,PROD001,WH001,5,5,242140.37
ORD004482,2025-08-13,PROD002,WH001,6,6,409008.85
ORD004483,2025-08-13,PROD003,WH002,17,17,125528.27
ORD004484,2025-08-13,PROD004,WH002,29,29,58315.2
ORD004485,2025-08-13,PROD005,WH003,29,29,40777.96
ORD004486,2025-08-13,PROD006,WH003,8,8,166547.63
ORD004487,2025-08-13,PROD007,WH003,19,19,47321.2
ORD004488,2025-08-13,PROD008,WH003,37,37,24339.41
ORD004489,2025-08-13,PROD009,WH004,44,44,16492.03
ORD004490,2025-08-13,PROD010,WH001,56,56,12291.18
ORD004491,2025-08-13,PROD011,WH001,118,118,5132.63
ORD004492,2025-08-13,PROD012,WH001,30,30,29269.4
ORD004493,2025-08-13,PROD013,WH004,78,78,2498.06
ORD004494,2025-08-13,PROD014,WH004,71,71,3426.83
ORD004495,2025-08-13,PROD015,WH004,18,18,21565.42
ORD004496,2025-08-13,PROD016,WH004,19,19,33483.54
ORD004497,2025-08-13,PROD017,WH003,36,36,13501.33
ORD004498,2025-08-13,PROD018,WH003,21,21,37237.61
ORD004499,2025-08-13,PROD019,WH001,7,7,188093.48
ORD004500,2025-08-13,PROD020,WH001,18,18,98600.84
ORD004501,2025-08-14,PROD001,WH001,7,7,239646.14
ORD004502,2025-08-14,PROD002,WH001,4,4,408026.64
ORD004503,2025-08-14,PROD003,WH002,10,10,123730.98
ORD004504,2025-08-14,PROD004,WH002,21,21,56628.45
ORD004505,2025-08-14,PROD005,WH003,14,14,39962.77
ORD004506,2025-08-14,PROD006,WH003,6,6,168467.06
ORD004507,2025-08-14,PROD007,WH003,21,21,48663.04
ORD004508,2025-08-14,PROD008,WH003,63,63,25330.86
ORD004509,2025-08-14,PROD009,WH004,59,59,16863.41
ORD004510,2025-08-14,PROD010,WH001,41,41,12150.06
ORD004511,2025-08-14,PROD011,WH001,70,70,4989.66
ORD004512,2025-08-14,PROD012,WH001,24,24,29370.5
ORD004513,2025-08-14,PROD013,WH004,132,132,2487.86
ORD004514,2025-08-14,PROD014,WH004,48,48,3422.88
ORD004515,2025-08-14,PROD015,WH004,32,32,20514.25
ORD004516,2025-08-14,PROD016,WH004,30,30,33027.04
ORD004517,2025-08-14,PROD017,WH003,38,38,13324.11
ORD004518,2025-08-14,PROD018,WH003,53,53,37614.39
ORD004519,2025-08-14,PROD019,WH001,8,8,192273.66
ORD004520,2025-08-14,PROD020,WH001,5,5,100228.03
ORD004521,2025-08-15,PROD001,WH001,6,6,245161.68
ORD004522,2025-08-15,PROD002,WH001,9,9,402041.18
ORD004523,2025-08-15,PROD003,WH002,15,15,123244.67
ORD004524,2025-08-15,PROD004,WH002,16,16,59534.94
ORD004525,2025-08-15,PROD005,WH003,33,33,39865.71
ORD004526,2025-08-15,PROD006,WH003,10,10,167861.6
ORD004527,2025-08-15,PROD007,WH003,9,9,47977.44
ORD004528,2025-08-15,PROD008,WH003,31,31,24956.63
ORD004529,2025-08-15,PROD009,WH004,32,32,16641.08
ORD004530,2025-08-15,PROD010,WH001,46,46,12252.86
ORD004531,2025-08-15,PROD011,WH001,66,66,4873.51
ORD004532,2025-08-15,PROD012,WH001,34,34,29658.47
ORD004533,2025-08-15,PROD013,WH004,120,120,2526.02
ORD004534,2025-08-15,PROD014,WH004,112,112,3501.52
ORD004535,2025-08-15,PROD015,WH004,23,23,21480.54
ORD004536,2025-08-15,PROD016,WH004,23,23,33060.17
ORD004537,2025-08-15,PROD017,WH003,38,38,13621.02
ORD004538,2025-08-15,PROD018,WH003,48,48,37948.62
ORD004539,2025-08-15,PROD019,WH001,7,7,186059.15
ORD004540,2025-08-15,PROD020,WH001,6,6,101459.51
ORD004541,2025-08-16,PROD001,WH001,7,7,238722.82
ORD004542,2025-08-16,PROD002,WH001,6,6,410776.91
ORD004543,2025-08-16,PROD003,WH002,21,21,128504.5
ORD004544,2025-08-16,PROD004,WH002,15,15,57952.08
ORD004545,2025-08-16,PROD005,WH003,35,35,40776.09
ORD004546,2025-08-16,PROD006,WH003,6,6,167668.82
ORD004547,2025-08-16,PROD007,WH003,211,125,48468.73
ORD004548,2025-08-16,PROD008,WH003,31,31,25595.22
ORD004549,2025-08-16,PROD009,WH004,40,40,16746.63
ORD004550,2025-08-16,PROD010,WH001,25,25,12230.96
ORD004551,2025-08-16,PROD011,WH001,102,102,4963.34
ORD004552,2025-08-16,PROD012,WH001,26,26,30562.48
ORD004553,2025-08-16,PROD013,WH004,123,123,2499.07
ORD004554,2025-08-16,PROD014,WH004,105,105,3575.12
ORD004555,2025-08-16,PROD015,WH004,15,15,21497.5
ORD004556,2025-08-16,PROD016,WH004,8,8,34199.19
ORD004557,2025-08-16,PROD017,WH003,52,52,13506.18
ORD004558,2025-08-16,PROD018,WH003,34,34,38645.88
ORD004559,2025-08-16,PROD019,WH001,3,3,187343.64
ORD004560,2025-08-16,PROD020,WH001,11,11,97092.09
ORD004561,2025-08-17,PROD001,WH001,7,7,238662.16
ORD004562,2025-08-17,PROD002,WH001,6,6,410191.24
ORD004563,2025-08-17,PROD003,WH002,16,16,123479.47
ORD004564,2025-08-17,PROD004,WH002,15,15,57594.1
ORD004565,2025-08-17,PROD005,WH003,16,16,39119.34
ORD004566,2025-08-17,PROD006,WH003,12,12,162795.17
ORD004567,2025-08-17,PROD007,WH003,22,22,47251.47
ORD004568,2025-08-17,PROD008,WH003,25,25,24701.48
ORD004569,2025-08-17,PROD009,WH004,41,41,16795.04
ORD004570,2025-08-17,PROD010,WH001,27,27,12042.46
ORD004571,2025-08-17,PROD011,WH001,76,76,4925.18
ORD004572,2025-08-17,PROD012,WH001,18,18,30793.73
ORD004573,2025-08-17,PROD013,WH004,109,109,2501.69
ORD004574,2025-08-17,PROD014,WH004,122,122,3422.08
ORD004575,2025-08-17,PROD015,WH004,32,32,20722.3
ORD004576,2025-08-17,PROD016,WH004,13,13,34468.71
ORD004577,2025-08-17,PROD017,WH003,48,48,13106.06
ORD004578,2025-08-17,PROD018,WH003,21,21,38998.23
ORD004579,2025-08-17,PROD019,WH001,96,60,189375.02
ORD004580,2025-08-17,PROD020,WH001,12,12,100126.47
ORD004581,2025-08-18,PROD001,WH001,7,7,247033.14
ORD004582,2025-08-18,PROD002,WH001,7,7,410083.72
ORD004583,2025-08-18,PROD003,WH002,17,17,128358.08
ORD004584,2025-08-18,PROD004,WH002,19,19,59445.0
ORD004585,2025-08-18,PROD005,WH003,25,25,41059.16
ORD004586,2025-08-18,PROD006,WH003,9,9,168092.49
ORD004587,2025-08-18,PROD007,WH003,19,19,47413.63
ORD004588,2025-08-18,PROD008,WH003,27,27,24769.57
ORD004589,2025-08-18,PROD009,WH004,29,29,16862.28
ORD004590,2025-08-18,PROD010,WH001,46,46,12345.01
ORD004591,2025-08-18,PROD011,WH001,112,112,4958.23
ORD004592,2025-08-18,PROD012,WH001,21,21,29295.64
ORD004593,2025-08-18,PROD013,WH004,73,73,2541.75
ORD004594,2025-08-18,PROD014,WH004,69,69,3471.87
ORD004595,2025-08-18,PROD015,WH004,31,31,21152.38
ORD004596,2025-08-18,PROD016,WH004,18,18,34865.7
ORD004597,2025-08-18,PROD017,WH003,55,55,13561.16
ORD004598,2025-08-18,PROD018,WH003,44,44,38313.96
ORD004599,2025-08-18,PROD019,WH001,9,9,191628.63
ORD004600,2025-08-18,PROD020,WH001,11,11,100674.4
ORD004601,2025-08-19,PROD001,WH001,7,7,235100.68
ORD004602,2025-08-19,PROD002,WH001,7,7,408927.82
ORD004603,2025-08-19,PROD003,WH002,16,16,121307.48
ORD004604,2025-08-19,PROD004,WH002,21,21,58439.4
ORD004605,2025-08-19,PROD005,WH003,25,25,40180.86
ORD004606,2025-08-19,PROD006,WH003,11,11,163199.56
ORD004607,2025-08-19,PROD007,WH003,13,13,48068.82
ORD004608,2025-08-19,PROD008,WH003,38,38,24989.59
ORD004609,2025-08-19,PROD009,WH004,37,37,16745.93
ORD004610,2025-08-19,PROD010,WH001,43,43,11851.17
ORD004611,2025-08-19,PROD011,WH001,51,51,5078.76
ORD004612,2025-08-19,PROD012,WH001,30,30,30460.32
ORD004613,2025-08-19,PROD013,WH004,86,86,2495.47
ORD004614,2025-08-19,PROD014,WH004,61,61,3545.68
ORD004615,2025-08-19,PROD015,WH004,37,37,20938.01
ORD004616,2025-08-19,PROD016,WH004,25,25,34716.8
ORD004617,2025-08-19,PROD017,WH003,54,54,13364.57
ORD004618,2025-08-19,PROD018,WH003,23,23,38974.23
ORD004619,2025-08-19,PROD019,WH001,10,10,190482.03
ORD004620,2025-08-19,PROD020,WH001,13,13,100214.13
ORD004621,2025-08-20,PROD001,WH001,9,9,242459.67
ORD004622,2025-08-20,PROD002,WH001,4,4,406085.06
ORD004623,2025-08-20,PROD003,WH002,14,14,126682.47
ORD004624,2025-08-20,PROD004,WH002,12,12,57375.08
ORD004625,2025-08-20,PROD005,WH003,40,40,39754.09
ORD004626,2025-08-20,PROD006,WH003,13,13,166729.56
ORD004627,2025-08-20,PROD007,WH003,16,16,47649.93
ORD004628,2025-08-20,PROD008,WH003,24,24,24549.96
ORD004629,2025-08-20,PROD009,WH004,47,47,17379.34
ORD004630,2025-08-20,PROD010,WH001,41,41,12303.95
ORD004631,2025-08-20,PROD011,WH001,48,48,5038.02
ORD004632,2025-08-20,PROD012,WH001,24,24,30560.07
ORD004633,2025-08-20,PROD013,WH004,121,121,2573.0
ORD004634,2025-08-20,PROD014,WH004,85,85,3524.1
ORD004635,2025-08-20,PROD015,WH004,29,29,21515.08
ORD004636,2025-08-20,PROD016,WH004,9,9,33712.88
ORD004637,2025-08-20,PROD017,WH003,60,60,13662.38
ORD004638,2025-08-20,PROD018,WH003,46,46,36987.24
ORD004639,2025-08-20,PROD019,WH001,8,8,193294.28
ORD004640,2025-08-20,PROD020,WH001,8,8,101978.82
ORD004641,2025-08-21,PROD001,WH001,7,7,238576.93
ORD004642,2025-08-21,PROD002,WH001,9,9,413418.29
ORD004643,2025-08-21,PROD003,WH002,13,13,127687.71
ORD004644,2025-08-21,PROD004,WH002,19,19,59334.96
ORD004645,2025-08-21,PROD005,WH003,19,19,39055.68
ORD004646,2025-08-21,PROD006,WH003,9,9,168242.13
ORD004647,2025-08-21,PROD007,WH003,9,9,47349.82
ORD004648,2025-08-21,PROD008,WH003,49,49,25340.96
ORD004649,2025-08-21,PROD009,WH004,34,34,16821.67
ORD004650,2025-08-21,PROD010,WH001,44,44,11680.56
ORD004651,2025-08-21,PROD011,WH001,68,68,4912.96
ORD004652,2025-08-21,PROD012,WH001,26,26,29835.61
ORD004653,2025-08-21,PROD013,WH004,80,80,2536.18
ORD004654,2025-08-21,PROD014,WH004,73,73,3416.15
ORD004655,2025-08-21,PROD015,WH004,26,26,21394.3
ORD004656,2025-08-21,PROD016,WH004,16,16,35013.78
ORD004657,2025-08-21,PROD017,WH003,42,42,13733.49
ORD004658,2025-08-21,PROD018,WH003,38,38,37940.12
ORD004659,2025-08-21,PROD019,WH001,6,6,190777.03
ORD004660,2025-08-21,PROD020,WH001,14,14,97036.96
ORD004661,2025-08-22,PROD001,WH001,7,7,235813.54
ORD004662,2025-08-22,PROD002,WH001,5,5,419815.11
ORD004663,2025-08-22,PROD003,WH002,18,18,121412.97
ORD004664,2025-08-22,PROD004,WH002,21,21,59408.69
ORD004665,2025-08-22,PROD005,WH003,13,13,39071.81
ORD004666,2025-08-22,PROD006,WH003,11,11,161367.43
ORD004667,2025-08-22,PROD007,WH003,18,18,47065.01
ORD004668,2025-08-22,PROD008,WH003,24,24,25449.08
ORD004669,2025-08-22,PROD009,WH004,43,43,16977.75
ORD004670,2025-08-22,PROD010,WH001,46,46,11744.54
ORD004671,2025-08-22,PROD011,WH001,44,44,5056.04
ORD004672,2025-08-22,PROD012,WH001,25,25,30793.24
ORD004673,2025-08-22,PROD013,WH004,107,107,2510.87
ORD004674,2025-08-22,PROD014,WH004,100,100,3415.73
ORD004675,2025-08-22,PROD015,WH004,34,34,20438.99
ORD004676,2025-08-22,PROD016,WH004,17,17,34603.58
ORD004677,2025-08-22,PROD017,WH003,38,38,13602.13
ORD004678,2025-08-22,PROD018,WH003,35,35,38963.66
ORD004679,2025-08-22,PROD019,WH001,6,6,190538.65
ORD004680,2025-08-22,PROD020,WH001,9,9,97374.37
ORD004681,2025-08-23,PROD001,WH001,7,7,238613.09
ORD004682,2025-08-23,PROD002,WH001,6,6,413886.57
ORD004683,2025-08-23,PROD003,WH002,24,24,124136.64
ORD004684,2025-08-23,PROD004,WH002,16,16,59738.58
ORD004685,2025-08-23,PROD005,WH003,29,29,39772.91
ORD004686,2025-08-23,PROD006,WH003,13,13,165457.74
ORD004687,2025-08-23,PROD007,WH003,16,16,47209.13
ORD004688,2025-08-23,PROD008,WH003,38,38,24478.21
ORD004689,2025-08-23,PROD009,WH004,40,40,17148.21
ORD004690,2025-08-23,PROD010,WH001,46,46,12063.8
ORD004691,2025-08-23,PROD011,WH001,85,85,4851.3
ORD004692,2025-08-23,PROD012,WH001,26,26,29612.61
ORD004693,2025-08-23,PROD013,WH004,77,77,2521.54
ORD004694,2025-08-23,PROD014,WH004,73,73,3565.57
ORD004695,2025-08-23,PROD015,WH004,43,43,20763.58
ORD004696,2025-08-23,PROD016,WH004,19,19,34300.77
ORD004697,2025-08-23,PROD017,WH003,20,20,13309.86
ORD004698,2025-08-23,PROD018,WH003,39,39,38434.07
ORD004699,2025-08-23,PROD019,WH001,12,12,192256.61
ORD004700,2025-08-23,PROD020,WH001,14,14,97781.34
ORD004701,2025-08-24,PROD001,WH001,6,6,242377.29
ORD004702,2025-08-24,PROD002,WH001,8,8,405905.75
ORD004703,2025-08-24,PROD003,WH002,15,15,122544.46
ORD004704,2025-08-24,PROD004,WH002,17,17,58001.26
ORD004705,2025-08-24,PROD005,WH003,19,19,39885.51
ORD004706,2025-08-24,PROD006,WH003,10,10,167711.36
ORD004707,2025-08-24,PROD007,WH003,21,21,46803.4
ORD004708,2025-08-24,PROD008,WH003,22,22,25434.63
ORD004709,2025-08-24,PROD009,WH004,38,38,16598.2
ORD004710,2025-08-24,PROD010,WH001,33,33,11789.37
ORD004711,2025-08-24,PROD011,WH001,50,50,5004.76
ORD004712,2025-08-24,PROD012,WH001,31,31,29933.71
ORD004713,2025-08-24,PROD013,WH004,121,121,2573.33
ORD004714,2025-08-24,PROD014,WH004,40,40,3518.79
ORD004715,2025-08-24,PROD015,WH004,30,30,20782.57
ORD004716,2025-08-24,PROD016,WH004,13,13,34816.3
ORD004717,2025-08-24,PROD017,WH003,32,32,13347.89
ORD004718,2025-08-24,PROD018,WH003,39,39,37484.21
ORD004719,2025-08-24,PROD019,WH001,81,44,189935.84
ORD004720,2025-08-24,PROD020,WH001,15,15,102479.05
ORD004721,2025-08-25,PROD001,WH001,10,10,243002.61
ORD004722,2025-08-25,PROD002,WH001,5,5,414366.09
ORD004723,2025-08-25,PROD003,WH002,16,16,126695.58
ORD004724,2025-08-25,PROD004,WH002,26,26,58555.55
ORD004725,2025-08-25,PROD005,WH003,36,36,40623.51
ORD004726,2025-08-25,PROD006,WH003,6,6,161958.34
ORD004727,2025-08-25,PROD007,WH003,15,15,47070.5
ORD004728,2025-08-25,PROD008,WH003,40,40,24793.25
ORD004729,2025-08-25,PROD009,WH004,36,36,17357.98
ORD004730,2025-08-25,PROD010,WH001,48,48,12154.41
ORD004731,2025-08-25,PROD011,WH001,63,63,5019.94
ORD004732,2025-08-25,PROD012,WH001,28,28,29135.01
ORD004733,2025-08-25,PROD013,WH004,78,78,2460.37
ORD004734,2025-08-25,PROD014,WH004,64,64,3563.74
ORD004735,2025-08-25,PROD015,WH004,30,30,20675.53
ORD004736,2025-08-25,PROD016,WH004,17,17,34469.79
ORD004737,2025-08-25,PROD017,WH003,52,52,13244.55
ORD004738,2025-08-25,PROD018,WH003,51,51,38242.52
ORD004739,2025-08-25,PROD019,WH001,9,9,191461.61
ORD004740,2025-08-25,PROD020,WH001,11,11,101511.8
ORD004741,2025-08-26,PROD001,WH001,6,6,239112.13
ORD004742,2025-08-26,PROD002,WH001,5,5,413263.8
ORD004743,2025-08-26,PROD003,WH002,19,19,124902.27
ORD004744,2025-08-26,PROD004,WH002,23,23,59556.74
ORD004745,2025-08-26,PROD005,WH003,14,14,40052.51
ORD004746,2025-08-26,PROD006,WH003,13,13,162125.02
ORD004747,2025-08-26,PROD007,WH003,23,23,48483.53
ORD004748,2025-08-26,PROD008,WH003,23,23,25072.7
ORD004749,2025-08-26,PROD009,WH004,22,22,17309.91
ORD004750,2025-08-26,PROD010,WH001,64,64,11767.38
ORD004751,2025-08-26,PROD011,WH001,61,61,4928.28
ORD004752,2025-08-26,PROD012,WH001,31,31,30758.93
ORD004753,2025-08-26,PROD013,WH004,101,101,2564.5
ORD004754,2025-08-26,PROD014,WH004,63,63,3487.87
ORD004755,2025-08-26,PROD015,WH004,37,37,20430.17
ORD004756,2025-08-26,PROD016,WH004,25,25,33605.37
ORD004757,2025-08-26,PROD017,WH003,46,46,13295.17
ORD004758,2025-08-26,PROD018,WH003,43,43,37805.46
ORD004759,2025-08-26,PROD019,WH001,8,8,187922.93
ORD004760,2025-08-26,PROD020,WH001,11,11,101973.95
ORD004761,2025-08-27,PROD001,WH001,82,62,232843.72
ORD004762,2025-08-27,PROD002,WH001,4,4,413557.94
ORD004763,2025-08-27,PROD003,WH002,16,16,126232.03
ORD004764,2025-08-27,PROD004,WH002,16,16,58558.98
ORD004765,2025-08-27,PROD005,WH003,25,25,40049.43
ORD004766,2025-08-27,PROD006,WH003,178,91,166099.93
ORD004767,2025-08-27,PROD007,WH003,15,15,48894.22
ORD004768,2025-08-27,PROD008,WH003,34,34,25426.3
ORD004769,2025-08-27,PROD009,WH004,44,44,16525.32
ORD004770,2025-08-27,PROD010,WH001,43,43,11661.91
ORD004771,2025-08-27,PROD011,WH001,41,41,5101.68
ORD004772,2025-08-27,PROD012,WH001,30,30,30134.51
ORD004773,2025-08-27,PROD013,WH004,58,58,2568.61
ORD004774,2025-08-27,PROD014,WH004,63,63,3485.63
ORD004775,2025-08-27,PROD015,WH004,29,29,20592.69
ORD004776,2025-08-27,PROD016,WH004,18,18,33945.4
ORD004777,2025-08-27,PROD017,WH003,24,24,13448.6
ORD004778,2025-08-27,PROD018,WH003,29,29,38039.16
ORD004779,2025-08-27,PROD019,WH001,10,10,193510.6
ORD004780,2025-08-27,PROD020,WH001,9,9,100933.5
ORD004781,2025-08-28,PROD001,WH001,5,5,235467.96
ORD004782,2025-08-28,PROD002,WH001,4,4,415768.14
ORD004783,2025-08-28,PROD003,WH002,14,14,125689.22
ORD004784,2025-08-28,PROD004,WH002,21,21,58272.52
ORD004785,2025-08-28,PROD005,WH003,27,27,40427.82
ORD004786,2025-08-28,PROD006,WH003,14,14,165633.26
ORD004787,2025-08-28,PROD007,WH003,17,17,47877.64
ORD004788,2025-08-28,PROD008,WH003,39,39,25210.57
ORD004789,2025-08-28,PROD009,WH004,294,200,17228.2
ORD004790,2025-08-28,PROD010,WH001,29,29,11802.55
ORD004791,2025-08-28,PROD011,WH001,46,46,4999.11
ORD004792,2025-08-28,PROD012,WH001,20,20,29924.71
ORD004793,2025-08-28,PROD013,WH004,102,102,2430.99
ORD004794,2025-08-28,PROD014,WH004,33,33,3570.23
ORD004795,2025-08-28,PROD015,WH004,10,10,20845.5
ORD004796,2025-08-28,PROD016,WH004,19,19,33128.29
ORD004797,2025-08-28,PROD017,WH003,51,51,13465.9
ORD004798,2025-08-28,PROD018,WH003,36,36,37228.18
ORD004799,2025-08-28,PROD019,WH001,9,9,192330.32
ORD004800,2025-08-28,PROD020,WH001,19,19,100430.63
ORD004801,2025-08-29,PROD001,WH001,7,7,236689.64
ORD004802,2025-08-29,PROD002,WH001,5,5,421081.66
ORD004803,2025-08-29,PROD003,WH002,14,14,123438.09
ORD004804,2025-08-29,PROD004,WH002,16,16,58191.39
ORD004805,2025-08-29,PROD005,WH003,25,25,40723.76
ORD004806,2025-08-29,PROD006,WH003,16,16,165137.53
ORD004807,2025-08-29,PROD007,WH003,19,19,49327.26
ORD004808,2025-08-29,PROD008,WH003,40,40,25515.78
ORD004809,2025-08-29,PROD009,WH004,41,41,17429.44
ORD004810,2025-08-29,PROD010,WH001,73,73,11908.35
ORD004811,2025-08-29,PROD011,WH001,74,74,5014.51
ORD004812,2025-08-29,PROD012,WH001,32,32,30612.3
ORD004813,2025-08-29,PROD013,WH004,114,114,2560.53
ORD004814,2025-08-29,PROD014,WH004,101,101,3593.32
ORD004815,2025-08-29,PROD015,WH004,18,18,21477.73
ORD004816,2025-08-29,PROD016,WH004,20,20,34470.74
ORD004817,2025-08-29,PROD017,WH003,45,45,13114.61
ORD004818,2025-08-29,PROD018,WH003,35,35,37578.09
ORD004819,2025-08-29,PROD019,WH001,7,7,185769.87
ORD004820,2025-08-29,PROD020,WH001,5,5,97928.55
ORD004821,2025-08-30,PROD001,WH001,9,9,236989.06
ORD004822,2025-08-30,PROD002,WH001,6,6,399538.62
ORD004823,2025-08-30,PROD003,WH002,14,14,123072.74
ORD004824,2025-08-30,PROD004,WH002,12,12,59590.29
ORD004825,2025-08-30,PROD005,WH003,22,22,39548.66
ORD004826,2025-08-30,PROD006,WH003,6,6,161631.16
ORD004827,2025-08-30,PROD007,WH003,20,20,48628.7
ORD004828,2025-08-30,PROD008,WH003,29,29,25492.76
ORD004829,2025-08-30,PROD009,WH004,45,45,16810.32
ORD004830,2025-08-30,PROD010,WH001,75,75,11840.52
ORD004831,2025-08-30,PROD011,WH001,28,28,4922.53
ORD004832,2025-08-30,PROD012,WH001,21,21,29807.87
ORD004833,2025-08-30,PROD013,WH004,111,111,2438.08
ORD004834,2025-08-30,PROD014,WH004,35,35,3535.52
ORD004835,2025-08-30,PROD015,WH004,32,32,21406.01
ORD004836,2025-08-30,PROD016,WH004,16,16,34333.91
ORD004837,2025-08-30,PROD017,WH003,40,40,13436.17
ORD004838,2025-08-30,PROD018,WH003,238,153,37518.83
ORD004839,2025-08-30,PROD019,WH001,8,8,188967.69
ORD004840,2025-08-30,PROD020,WH001,9,9,99543.02
ORD004841,2025-08-31,PROD001,WH001,7,7,242390.7
ORD004842,2025-08-31,PROD002,WH001,5,5,420530.28
ORD004843,2025-08-31,PROD003,WH002,107,78,121779.4
ORD004844,2025-08-31,PROD004,WH002,20,20,59577.67
ORD004845,2025-08-31,PROD005,WH003,9,9,40984.48
ORD004846,2025-08-31,PROD006,WH003,6,6,161215.55
ORD004847,2025-08-31,PROD007,WH003,28,28,47088.72
ORD004848,2025-08-31,PROD008,WH003,33,33,24717.39
ORD004849,2025-08-31,PROD009,WH004,29,29,17060.86
ORD004850,2025-08-31,PROD010,WH001,37,37,11736.82
ORD004851,2025-08-31,PROD011,WH001,67,67,4910.1
ORD004852,2025-08-31,PROD012,WH001,16,16,30724.82
ORD004853,2025-08-31,PROD013,WH004,80,80,2441.4
ORD004854,2025-08-31,PROD014,WH004,54,54,3478.76
ORD004855,2025-08-31,PROD015,WH004,36,36,21331.38
ORD004856,2025-08-31,PROD016,WH004,16,16,34792.71
ORD004857,2025-08-31,PROD017,WH003,43,43,13367.19
ORD004858,2025-08-31,PROD018,WH003,26,26,37234.92
ORD004859,2025-08-31,PROD019,WH001,10,10,192701.93
ORD004860,2025-08-31,PROD020,WH001,10,10,101635.35
ORD004861,2025-09-01,PROD001,WH001,7,7,246912.48
ORD004862,2025-09-01,PROD002,WH001,4,4,401132.73
ORD004863,2025-09-01,PROD003,WH002,16,16,126570.66
ORD004864,2025-09-01,PROD004,WH002,18,18,57712.18
ORD004865,2025-09-01,PROD005,WH003,28,28,40995.11
ORD004866,2025-09-01,PROD006,WH003,10,10,164087.53
ORD004867,2025-09-01,PROD007,WH003,19,19,47844.37
ORD004868,2025-09-01,PROD008,WH003,38,38,24440.19
ORD004869,2025-09-01,PROD009,WH004,33,33,16817.36
ORD004870,2025-09-01,PROD010,WH001,61,61,11928.61
ORD004871,2025-09-01,PROD011,WH001,93,93,4855.25
ORD004872,2025-09-01,PROD012,WH001,25,25,29887.63
ORD004873,2025-09-01,PROD013,WH004,104,104,2475.45
ORD004874,2025-09-01,PROD014,WH004,105,105,3563.81
ORD004875,2025-09-01,PROD015,WH004,39,39,20504.96
ORD004876,2025-09-01,PROD016,WH004,20,20,34530.83
ORD004877,2025-09-01,PROD017,WH003,36,36,13673.35
ORD004878,2025-09-01,PROD018,WH003,30,30,37411.26
ORD004879,2025-09-01,PROD019,WH001,5,5,185249.3
ORD004880,2025-09-01,PROD020,WH001,8,8,102051.0
ORD004881,2025-09-02,PROD001,WH001,6,6,236391.79
ORD004882,2025-09-02,PROD002,WH001,8,8,401280.78
ORD004883,2025-09-02,PROD003,WH002,17,17,123942.77
ORD004884,2025-09-02,PROD004,WH002,25,25,57655.07
ORD004885,2025-09-02,PROD005,WH003,35,35,39582.61
ORD004886,2025-09-02,PROD006,WH003,8,8,169717.16
ORD004887,2025-09-02,PROD007,WH003,20,20,49096.76
ORD004888,2025-09-02,PROD008,WH003,26,26,25559.46
ORD004889,2025-09-02,PROD009,WH004,31,31,16896.74
ORD004890,2025-09-02,PROD010,WH001,23,23,12333.27
ORD004891,2025-09-02,PROD011,WH001,64,64,5055.2
ORD004892,2025-09-02,PROD012,WH001,33,33,30597.59
ORD004893,2025-09-02,PROD013,WH004,141,141,2500.13
ORD004894,2025-09-02,PROD014,WH004,104,104,3428.73
ORD004895,2025-09-02,PROD015,WH004,40,40,21487.48
ORD004896,2025-09-02,PROD016,WH004,16,16,33972.31
ORD004897,2025-09-02,PROD017,WH003,44,44,13879.53
ORD004898,2025-09-02,PROD018,WH003,28,28,37441.08
ORD004899,2025-09-02,PROD019,WH001,10,10,195613.12
ORD004900,2025-09-02,PROD020,WH001,9,9,98334.55
ORD004901,2025-09-03,PROD001,WH001,5,5,238101.6
ORD004902,2025-09-03,PROD002,WH001,5,5,412312.81
ORD004903,2025-09-03,PROD003,WH002,14,14,126449.92
ORD004904,2025-09-03,PROD004,WH002,15,15,58766.58
ORD004905,2025-09-03,PROD005,WH003,22,22,39943.01
ORD004906,2025-09-03,PROD006,WH003,7,7,160810.59
ORD004907,2025-09-03,PROD007,WH003,18,18,47988.62
ORD004908,2025-09-03,PROD008,WH003,38,38,24752.03
ORD004909,2025-09-03,PROD009,WH004,21,21,17160.81
ORD004910,2025-09-03,PROD010,WH001,52,52,11771.24
ORD004911,2025-09-03,PROD011,WH001,57,57,4968.17
ORD004912,2025-09-03,PROD012,WH001,25,25,30839.01
ORD004913,2025-09-03,PROD013,WH004,74,74,2438.33
ORD004914,2025-09-03,PROD014,WH004,70,70,3521.49
ORD004915,2025-09-03,PROD015,WH004,30,30,20484.22
ORD004916,2025-09-03,PROD016,WH004,28,28,33300.27
ORD004917,2025-09-03,PROD017,WH003,41,41,13585.0
ORD004918,2025-09-03,PROD018,WH003,33,33,37872.31
ORD004919,2025-09-03,PROD019,WH001,8,8,190552.89
ORD004920,2025-09-03,PROD020,WH001,10,10,102279.23
ORD004921,2025-09-04,PROD001,WH001,8,8,244568.26
ORD004922,2025-09-04,PROD002,WH001,6,6,419544.34
ORD004923,2025-09-04,PROD003,WH002,28,28,125871.91
ORD004924,2025-09-04,PROD004,WH002,15,15,57963.96
ORD004925,2025-09-04,PROD005,WH003,25,25,39902.07
ORD004926,2025-09-04,PROD006,WH003,9,9,167374.1
ORD004927,2025-09-04,PROD007,WH003,26,26,48061.34
ORD004928,2025-09-04,PROD008,WH003,26,26,24408.65
ORD004929,2025-09-04,PROD009,WH004,26,26,16634.78
ORD004930,2025-09-04,PROD010,WH001,59,59,11897.1
ORD004931,2025-09-04,PROD011,WH001,85,85,4870.35
ORD004932,2025-09-04,PROD012,WH001,23,23,29530.62
ORD004933,2025-09-04,PROD013,WH004,111,111,2523.46
ORD004934,2025-09-04,PROD014,WH004,47,47,3397.61
ORD004935,2025-09-04,PROD015,WH004,27,27,21131.16
ORD004936,2025-09-04,PROD016,WH004,14,14,34555.61
ORD004937,2025-09-04,PROD017,WH003,55,55,13232.82
ORD004938,2025-09-04,PROD018,WH003,38,38,37272.61
ORD004939,2025-09-04,PROD019,WH001,10,10,184628.96
ORD004940,2025-09-04,PROD020,WH001,10,10,100074.7
ORD004941,2025-09-05,PROD001,WH001,11,11,242226.06
ORD004942,2025-09-05,PROD002,WH001,8,8,408939.98
ORD004943,2025-09-05,PROD003,WH002,8,8,124170.87
ORD004944,2025-09-05,PROD004,WH002,23,23,57841.36
ORD004945,2025-09-05,PROD005,WH003,22,22,40675.67
ORD004946,2025-09-05,PROD006,WH003,10,10,160381.79
ORD004947,2025-09-05,PROD007,WH003,14,14,48817.4
ORD004948,2025-09-05,PROD008,WH003,34,34,25249.51
ORD004949,2025-09-05,PROD009,WH004,35,35,16736.26
ORD004950,2025-09-05,PROD010,WH001,55,55,12017.81
ORD004951,2025-09-05,PROD011,WH001,61,61,4864.79
ORD004952,2025-09-05,PROD012,WH001,20,20,29783.26
ORD004953,2025-09-05,PROD013,WH004,152,152,2451.11
ORD004954,2025-09-05,PROD014,WH004,62,62,3399.68
ORD004955,2025-09-05,PROD015,WH004,32,32,20819.93
ORD004956,2025-09-05,PROD016,WH004,17,17,34461.27
ORD004957,2025-09-05,PROD017,WH003,52,52,13841.03
ORD004958,2025-09-05,PROD018,WH003,39,39,38369.96
ORD004959,2025-09-05,PROD019,WH001,7,7,188882.46
ORD004960,2025-09-05,PROD020,WH001,15,15,102996.98
ORD004961,2025-09-06,PROD001,WH001,5,5,236874.39
ORD004962,2025-09-06,PROD002,WH001,9,9,402303.43
ORD004963,2025-09-06,PROD003,WH002,19,19,124727.62
ORD004964,2025-09-06,PROD004,WH002,28,28,58017.09
ORD004965,2025-09-06,PROD005,WH003,21,21,39651.58
ORD004966,2025-09-06,PROD006,WH003,10,10,166935.44
ORD004967,2025-09-06,PROD007,WH003,16,16,47089.53
ORD004968,2025-09-06,PROD008,WH003,32,32,25015.51
ORD004969,2025-09-06,PROD009,WH004,26,26,17000.13
ORD004970,2025-09-06,PROD010,WH001,39,39,12233.13
ORD004971,2025-09-06,PROD011,WH001,77,77,5128.09
ORD004972,2025-09-06,PROD012,WH001,31,31,30293.88
ORD004973,2025-09-06,PROD013,WH004,825,672,2470.81
ORD004974,2025-09-06,PROD014,WH004,99,99,3539.82
ORD004975,2025-09-06,PROD015,WH004,25,25,20686.73
ORD004976,2025-09-06,PROD016,WH004,24,24,34951.75
ORD004977,2025-09-06,PROD017,WH003,63,63,13761.11
ORD004978,2025-09-06,PROD018,WH003,36,36,37843.11
ORD004979,2025-09-06,PROD019,WH001,10,10,193241.52
ORD004980,2025-09-06,PROD020,WH001,14,14,99451.93
ORD004981,2025-09-07,PROD001,WH001,8,8,233874.39
ORD004982,2025-09-07,PROD002,WH001,7,7,415086.51
ORD004983,2025-09-07,PROD003,WH002,24,24,124284.6
ORD004984,2025-09-07,PROD004,WH002,22,22,59497.51
ORD004985,2025-09-07,PROD005,WH003,26,26,39535.75
ORD004986,2025-09-07,PROD006,WH003,12,12,168398.99
ORD004987,2025-09-07,PROD007,WH003,13,13,48519.66
ORD004988,2025-09-07,PROD008,WH003,34,34,25529.99
ORD004989,2025-09-07,PROD009,WH004,30,30,16787.72
ORD004990,2025-09-07,PROD010,WH001,115,115,11972.17
ORD004991,2025-09-07,PROD011,WH001,61,61,5096.94
ORD004992,2025-09-07,PROD012,WH001,37,37,30258.87
ORD004993,2025-09-07,PROD013,WH004,100,100,2478.99
ORD004994,2025-09-07,PROD014,WH004,114,114,3502.52
ORD004995,2025-09-07,PROD015,WH004,32,32,21625.08
ORD004996,2025-09-07,PROD016,WH004,21,21,34493.37
ORD004997,2025-09-07,PROD017,WH003,34,34,13592.76
ORD004998,2025-09-07,PROD018,WH003,19,19,38747.64
ORD004999,2025-09-07,PROD019,WH001,15,15,189339.15
ORD005000,2025-09-07,PROD020,WH001,15,15,102700.38
ORD005001,2025-09-08,PROD001,WH001,7,7,240749.11
ORD005002,2025-09-08,PROD002,WH001,6,6,405741.05
ORD005003,2025-09-08,PROD003,WH002,14,14,121895.15
ORD005004,2025-09-08,PROD004,WH002,46,46,57567.42
ORD005005,2025-09-08,PROD005,WH003,18,18,40164.73
ORD005006,2025-09-08,PROD006,WH003,10,10,167012.16
ORD005007,2025-09-08,PROD007,WH003,24,24,49080.34
ORD005008,2025-09-08,PROD008,WH003,24,24,25665.94
ORD005009,2025-09-08,PROD009,WH004,26,26,16594.5
ORD005010,2025-09-08,PROD010,WH001,81,81,12072.65
ORD005011,2025-09-08,PROD011,WH001,56,56,5049.98
ORD005012,2025-09-08,PROD012,WH001,29,29,29409.71
ORD005013,2025-09-08,PROD013,WH004,70,70,2506.84
ORD005014,2025-09-08,PROD014,WH004,55,55,3465.32
ORD005015,2025-09-08,PROD015,WH004,20,20,20467.55
ORD005016,2025-09-08,PROD016,WH004,17,17,33114.37
ORD005017,2025-09-08,PROD017,WH003,47,47,13709.96
ORD005018,2025-09-08,PROD018,WH003,34,34,38263.24
ORD005019,2025-09-08,PROD019,WH001,4,4,192452.39
ORD005020,2025-09-08,PROD020,WH001,13,13,101111.67
ORD005021,2025-09-09,PROD001,WH001,6,6,234734.1
ORD005022,2025-09-09,PROD002,WH001,9,9,401428.51
ORD005023,2025-09-09,PROD003,WH002,11,11,123143.63
ORD005024,2025-09-09,PROD004,WH002,21,21,57648.87
ORD005025,2025-09-09,PROD005,WH003,28,28,41054.02
ORD005026,2025-09-09,PROD006,WH003,9,9,166721.53
ORD005027,2025-09-09,PROD007,WH003,24,24,47294.9
ORD005028,2025-09-09,PROD008,WH003,36,36,24333.98
ORD005029,2025-09-09,PROD009,WH004,33,33,17187.91
ORD005030,2025-09-09,PROD010,WH001,49,49,12090.23
ORD005031,2025-09-09,PROD011,WH001,51,51,5052.73
ORD005032,2025-09-09,PROD012,WH001,18,18,29570.12
ORD005033,2025-09-09,PROD013,WH004,87,87,2502.54
ORD005034,2025-09-09,PROD014,WH004,71,71,3470.96
ORD005035,2025-09-09,PROD015,WH004,36,36,21400.3
ORD005036,2025-09-09,PROD016,WH004,21,21,33121.57
ORD005037,2025-09-09,PROD017,WH003,38,38,13318.11
ORD005038,2025-09-09,PROD018,WH003,44,44,38234.73
ORD005039,2025-09-09,PROD019,WH001,7,7,186639.55
ORD005040,2025-09-09,PROD020,WH001,12,12,101036.28
ORD005041,2025-09-10,PROD001,WH001,10,10,234769.52
ORD005042,2025-09-10,PROD002,WH001,7,7,398261.18
ORD005043,2025-09-10,PROD003,WH002,16,16,127726.21
ORD005044,2025-09-10,PROD004,WH002,17,17,57420.39
ORD005045,2025-09-10,PROD005,WH003,22,22,39176.44
ORD005046,2025-09-10,PROD006,WH003,6,6,161759.82
ORD005047,2025-09-10,PROD007,WH003,16,16,49111.38
ORD005048,2025-09-10,PROD008,WH003,33,33,25231.65
ORD005049,2025-09-10,PROD009,WH004,27,27,17465.47
ORD005050,2025-09-10,PROD010,WH001,52,52,12216.03
ORD005051,2025-09-10,PROD011,WH001,69,69,5080.26
ORD005052,2025-09-10,PROD012,WH001,32,32,29999.68
ORD005053,2025-09-10,PROD013,WH004,95,95,2548.12
ORD005054,2025-09-10,PROD014,WH004,69,69,3481.66
ORD005055,2025-09-10,PROD015,WH004,16,16,21412.02
ORD005056,2025-09-10,PROD016,WH004,26,26,34525.79
ORD005057,2025-09-10,PROD017,WH003,35,35,13644.54
ORD005058,2025-09-10,PROD018,WH003,48,48,37611.75
ORD005059,2025-09-10,PROD019,WH001,3,3,191490.11
ORD005060,2025-09-10,PROD020,WH001,7,7,100040.73
ORD005061,2025-09-11,PROD001,WH001,7,7,239446.22
ORD005062,2025-09-11,PROD002,WH001,3,3,422060.06
ORD005063,2025-09-11,PROD003,WH002,13,13,125032.98
ORD005064,2025-09-11,PROD004,WH002,15,15,56371.31
ORD005065,2025-09-11,PROD005,WH003,29,29,40303.52
ORD005066,2025-09-11,PROD006,WH003,9,9,167257.31
ORD005067,2025-09-11,PROD007,WH003,24,24,49109.33
ORD005068,2025-09-11,PROD008,WH003,47,47,25199.03
ORD005069,2025-09-11,PROD009,WH004,37,37,16509.85
ORD005070,2025-09-11,PROD010,WH001,40,40,11726.22
ORD005071,2025-09-11,PROD011,WH001,67,67,4898.37
ORD005072,2025-09-11,PROD012,WH001,11,11,29480.27
ORD005073,2025-09-11,PROD013,WH004,82,82,2544.97
ORD005074,2025-09-11,PROD014,WH004,91,91,3460.05
ORD005075,2025-09-11,PROD015,WH004,35,35,20763.58
ORD005076,2025-09-11,PROD016,WH004,14,14,34521.4
ORD005077,2025-09-11,PROD017,WH003,29,29,13429.07
ORD005078,2025-09-11,PROD018,WH003,39,39,37007.38
ORD005079,2025-09-11,PROD019,WH001,8,8,190970.44
ORD005080,2025-09-11,PROD020,WH001,18,18,97780.41
ORD005081,2025-09-12,PROD001,WH001,3,3,241031.97
ORD005082,2025-09-12,PROD002,WH001,7,7,416879.1
ORD005083,2025-09-12,PROD003,WH002,12,12,128221.17
ORD005084,2025-09-12,PROD004,WH002,13,13,56493.34
ORD005085,2025-09-12,PROD005,WH003,19,19,39529.52
ORD005086,2025-09-12,PROD006,WH003,9,9,166509.39
ORD005087,2025-09-12,PROD007,WH003,18,18,47468.5
ORD005088,2025-09-12,PROD008,WH003,25,25,24926.54
ORD005089,2025-09-12,PROD009,WH004,40,40,16510.49
ORD005090,2025-09-12,PROD010,WH001,52,52,12139.32
ORD005091,2025-09-12,PROD011,WH001,49,49,5114.98
ORD005092,2025-09-12,PROD012,WH001,24,24,30858.35
ORD005093,2025-09-12,PROD013,WH004,98,98,2549.58
ORD005094,2025-09-12,PROD014,WH004,88,88,3401.67
ORD005095,2025-09-12,PROD015,WH004,28,28,21191.34
ORD005096,2025-09-12,PROD016,WH004,24,24,33991.14
ORD005097,2025-09-12,PROD017,WH003,28,28,13854.7
ORD005098,2025-09-12,PROD018,WH003,36,36,38916.88
ORD005099,2025-09-12,PROD019,WH001,6,6,195563.73
ORD005100,2025-09-12,PROD020,WH001,13,13,102171.61
ORD005101,2025-09-13,PROD001,WH001,5,5,240675.25
ORD005102,2025-09-13,PROD002,WH001,6,6,415286.55
ORD005103,2025-09-13,PROD003,WH002,17,17,128485.08
ORD005104,2025-09-13,PROD004,WH002,17,17,58271.85
ORD005105,2025-09-13,PROD005,WH003,37,37,40815.95
ORD005106,2025-09-13,PROD006,WH003,9,9,169377.88
ORD005107,2025-09-13,PROD007,WH003,21,21,48203.15
ORD005108,2025-09-13,PROD008,WH003,227,140,24488.73
ORD005109,2025-09-13,PROD009,WH004,46,46,16648.67
ORD005110,2025-09-13,PROD010,WH001,40,40,11723.03
ORD005111,2025-09-13,PROD011,WH001,86,86,4992.9
ORD005112,2025-09-13,PROD012,WH001,16,16,29964.25
ORD005113,2025-09-13,PROD013,WH004,110,110,2517.61
ORD005114,2025-09-13,PROD014,WH004,77,77,3496.4
ORD005115,2025-09-13,PROD015,WH004,35,35,21596.05
ORD005116,2025-09-13,PROD016,WH004,18,18,33574.27
ORD005117,2025-09-13,PROD017,WH003,22,22,13802.79
ORD005118,2025-09-13,PROD018,WH003,43,43,37088.75
ORD005119,2025-09-13,PROD019,WH001,6,6,191161.86
ORD005120,2025-09-13,PROD020,WH001,6,6,100889.95
ORD005121,2025-09-14,PROD001,WH001,8,8,243920.11
ORD005122,2025-09-14,PROD002,WH001,7,7,410074.35
ORD005123,2025-09-14,PROD003,WH002,16,16,122729.2
ORD005124,2025-09-14,PROD004,WH002,21,21,57544.11
ORD005125,2025-09-14,PROD005,WH003,19,19,39453.19
ORD005126,2025-09-14,PROD006,WH003,9,9,164199.14
ORD005127,2025-09-14,PROD007,WH003,11,11,48086.31
ORD005128,2025-09-14,PROD008,WH003,42,42,25187.61
ORD005129,2025-09-14,PROD009,WH004,33,33,17352.02
ORD005130,2025-09-14,PROD010,WH001,40,40,12295.21
ORD005131,2025-09-14,PROD011,WH001,81,81,4988.77
ORD005132,2025-09-14,PROD012,WH001,30,30,29259.61
ORD005133,2025-09-14,PROD013,WH004,148,148,2544.56
ORD005134,2025-09-14,PROD014,WH004,78,78,3495.2
ORD005135,2025-09-14,PROD015,WH004,31,31,21058.52
ORD005136,2025-09-14,PROD016,WH004,14,14,34195.42
ORD005137,2025-09-14,PROD017,WH003,33,33,13635.97
ORD005138,2025-09-14,PROD018,WH003,25,25,38889.43
ORD005139,2025-09-14,PROD019,WH001,7,7,195154.47
ORD005140,2025-09-14,PROD020,WH001,11,11,102641.02
ORD005141,2025-09-15,PROD001,WH001,11,11,244456.28
ORD005142,2025-09-15,PROD002,WH001,6,6,419575.36
ORD005143,2025-09-15,PROD003,WH002,17,17,121622.41
ORD005144,2025-09-15,PROD004,WH002,25,25,59214.91
ORD005145,2025-09-15,PROD005,WH003,19,19,38973.44
ORD005146,2025-09-15,PROD006,WH003,9,9,167437.32
ORD005147,2025-09-15,PROD007,WH003,18,18,47047.77
ORD005148,2025-09-15,PROD008,WH003,31,31,24790.17
ORD005149,2025-09-15,PROD009,WH004,31,31,16677.87
ORD005150,2025-09-15,PROD010,WH001,51,51,11959.29
ORD005151,2025-09-15,PROD011,WH001,89,89,4973.52
ORD005152,2025-09-15,PROD012,WH001,21,21,29186.51
ORD005153,2025-09-15,PROD013,WH004,109,109,2549.57
ORD005154,2025-09-15,PROD014,WH004,70,70,3574.38
ORD005155,2025-09-15,PROD015,WH004,43,43,21362.26
ORD005156,2025-09-15,PROD016,WH004,224,133,34709.12
ORD005157,2025-09-15,PROD017,WH003,34,34,13703.21
ORD005158,2025-09-15,PROD018,WH003,40,40,38997.46
ORD005159,2025-09-15,PROD019,WH001,6,6,190870.87
ORD005160,2025-09-15,PROD020,WH001,9,9,100495.86
ORD005161,2025-09-16,PROD001,WH001,7,7,245182.7
ORD005162,2025-09-16,PROD002,WH001,4,4,406295.62
ORD005163,2025-09-16,PROD003,WH002,13,13,121625.62
ORD005164,2025-09-16,PROD004,WH002,22,22,58869.5
ORD005165,2025-09-16,PROD005,WH003,31,31,39411.01
ORD005166,2025-09-16,PROD006,WH003,7,7,164744.93
ORD005167,2025-09-16,PROD007,WH003,25,25,47252.47
ORD005168,2025-09-16,PROD008,WH003,24,24,25490.64
ORD005169,2025-09-16,PROD009,WH004,37,37,17467.46
ORD005170,2025-09-16,PROD010,WH001,42,42,11679.62
ORD005171,2025-09-16,PROD011,WH001,78,78,4920.01
ORD005172,2025-09-16,PROD012,WH001,37,37,29441.21
ORD005173,2025-09-16,PROD013,WH004,125,125,2525.98
ORD005174,2025-09-16,PROD014,WH004,84,84,3485.02
ORD005175,2025-09-16,PROD015,WH004,36,36,20944.89
ORD005176,2025-09-16,PROD016,WH004,18,18,33300.44
ORD005177,2025-09-16,PROD017,WH003,42,42,13430.94
ORD005178,2025-09-16,PROD018,WH003,46,46,37551.36
ORD005179,2025-09-16,PROD019,WH001,8,8,191267.58
ORD005180,2025-09-16,PROD020,WH001,8,8,98303.43
ORD005181,2025-09-17,PROD001,WH001,8,8,241653.28
ORD005182,2025-09-17,PROD002,WH001,4,4,406992.53
ORD005183,2025-09-17,PROD003,WH002,17,17,123847.21
ORD005184,2025-09-17,PROD004,WH002,17,17,57323.34
ORD005185,2025-09-17,PROD005,WH003,22,22,40417.2
ORD005186,2025-09-17,PROD006,WH003,11,11,165617.94
ORD005187,2025-09-17,PROD007,WH003,16,16,49012.96
ORD005188,2025-09-17,PROD008,WH003,23,23,24612.42
ORD005189,2025-09-17,PROD009,WH004,32,32,16530.92
ORD005190,2025-09-17,PROD010,WH001,32,32,11771.06
ORD005191,2025-09-17,PROD011,WH001,102,102,4953.01
ORD005192,2025-09-17,PROD012,WH001,25,25,29423.38
ORD005193,2025-09-17,PROD013,WH004,76,76,2437.53
ORD005194,2025-09-17,PROD014,WH004,92,92,3488.52
ORD005195,2025-09-17,PROD015,WH004,32,32,21222.94
ORD005196,2025-09-17,PROD016,WH004,11,11,34513.2
ORD005197,2025-09-17,PROD017,WH003,545,301,13417.97
ORD005198,2025-09-17,PROD018,WH003,23,23,37949.94
ORD005199,2025-09-17,PROD019,WH001,8,8,192912.36
ORD005200,2025-09-17,PROD020,WH001,15,15,99116.25
ORD005201,2025-09-18,PROD001,WH001,7,7,244100.63
ORD005202,2025-09-18,PROD002,WH001,6,6,421497.45
ORD005203,2025-09-18,PROD003,WH002,20,20,127853.6
ORD005204,2025-09-18,PROD004,WH002,21,21,57838.51
ORD005205,2025-09-18,PROD005,WH003,32,32,40190.84
ORD005206,2025-09-18,PROD006,WH003,10,10,167142.62
ORD005207,2025-09-18,PROD007,WH003,23,23,47565.99
ORD005208,2025-09-18,PROD008,WH003,29,29,25448.86
ORD005209,2025-09-18,PROD009,WH004,41,41,16935.66
ORD005210,2025-09-18,PROD010,WH001,46,46,12249.73
ORD005211,2025-09-18,PROD011,WH001,69,69,4926.42
ORD005212,2025-09-18,PROD012,WH001,18,18,29120.48
ORD005213,2025-09-18,PROD013,WH004,85,85,2519.9
ORD005214,2025-09-18,PROD014,WH004,61,61,3489.9
ORD005215,2025-09-18,PROD015,WH004,30,30,20445.38
ORD005216,2025-09-18,PROD016,WH004,11,11,33974.73
ORD005217,2025-09-18,PROD017,WH003,38,38,13231.54
ORD005218,2025-09-18,PROD018,WH003,58,58,38295.83
ORD005219,2025-09-18,PROD019,WH001,5,5,189373.52
ORD005220,2025-09-18,PROD020,WH001,11,11,98026.75
ORD005221,2025-09-19,PROD001,WH001,11,11,238731.92
ORD005222,2025-09-19,PROD002,WH001,8,8,403424.64
ORD005223,2025-09-19,PROD003,WH002,14,14,126148.23
ORD005224,2025-09-19,PROD004,WH002,20,20,57287.1
ORD005225,2025-09-19,PROD005,WH003,31,31,40772.84
ORD005226,2025-09-19,PROD006,WH003,10,10,160190.22
ORD005227,2025-09-19,PROD007,WH003,26,26,47721.84
ORD005228,2025-09-19,PROD008,WH003,37,37,25175.62
ORD005229,2025-09-19,PROD009,WH004,31,31,16513.06
ORD005230,2025-09-19,PROD010,WH001,44,44,11795.41
ORD005231,2025-09-19,PROD011,WH001,61,61,4948.23
ORD005232,2025-09-19,PROD012,WH001,19,19,29139.32
ORD005233,2025-09-19,PROD013,WH004,105,105,2507.0
ORD005234,2025-09-19,PROD014,WH004,46,46,3527.48
ORD005235,2025-09-19,PROD015,WH004,36,36,20656.68
ORD005236,2025-09-19,PROD016,WH004,21,21,34088.7
ORD005237,2025-09-19,PROD017,WH003,37,37,13904.29
ORD005238,2025-09-19,PROD018,WH003,29,29,38882.18
ORD005239,2025-09-19,PROD019,WH001,7,7,184968.73
ORD005240,2025-09-19,PROD020,WH001,13,13,97767.29
ORD005241,2025-09-20,PROD001,WH001,9,9,239919.41
ORD005242,2025-09-20,PROD002,WH001,1,1,403731.95
ORD005243,2025-09-20,PROD003,WH002,12,12,121857.27
ORD005244,2025-09-20,PROD004,WH002,24,24,57145.85
ORD005245,2025-09-20,PROD005,WH003,18,18,38946.83
ORD005246,2025-09-20,PROD006,WH003,9,9,165296.13
ORD005247,2025-09-20,PROD007,WH003,23,23,47971.92
ORD005248,2025-09-20,PROD008,WH003,35,35,24259.49
ORD005249,2025-09-20,PROD009,WH004,38,38,16982.17
ORD005250,2025-09-20,PROD010,WH001,48,48,12014.26
ORD005251,2025-09-20,PROD011,WH001,91,91,5031.71
ORD005252,2025-09-20,PROD012,WH001,27,27,30846.18
ORD005253,2025-09-20,PROD013,WH004,117,117,2572.4
ORD005254,2025-09-20,PROD014,WH004,65,65,3505.66
ORD005255,2025-09-20,PROD015,WH004,40,40,21434.94
ORD005256,2025-09-20,PROD016,WH004,16,16,33153.74
ORD005257,2025-09-20,PROD017,WH003,27,27,13525.24
ORD005258,2025-09-20,PROD018,WH003,33,33,38407.89
ORD005259,2025-09-20,PROD019,WH001,8,8,190737.91
ORD005260,2025-09-20,PROD020,WH001,10,10,98384.33
ORD005261,2025-09-21,PROD001,WH001,7,7,233702.28
ORD005262,2025-09-21,PROD002,WH001,4,4,407212.06
ORD005263,2025-09-21,PROD003,WH002,16,16,126107.32
ORD005264,2025-09-21,PROD004,WH002,20,20,59711.16
ORD005265,2025-09-21,PROD005,WH003,23,23,39367.68
ORD005266,2025-09-21,PROD006,WH003,10,10,169136.12
ORD005267,2025-09-21,PROD007,WH003,13,13,46756.59
ORD005268,2025-09-21,PROD008,WH003,27,27,25646.48
ORD005269,2025-09-21,PROD009,WH004,40,40,17339.01
ORD005270,2025-09-21,PROD010,WH001,41,41,11655.08
ORD005271,2025-09-21,PROD011,WH001,101,101,4939.46
ORD005272,2025-09-21,PROD012,WH001,29,29,29191.72
ORD005273,2025-09-21,PROD013,WH004,88,88,2574.33
ORD005274,2025-09-21,PROD014,WH004,81,81,3484.85
ORD005275,2025-09-21,PROD015,WH004,34,34,21204.34
ORD005276,2025-09-21,PROD016,WH004,17,17,33457.75
ORD005277,2025-09-21,PROD017,WH003,37,37,13851.33
ORD005278,2025-09-21,PROD018,WH003,29,29,37485.12
ORD005279,2025-09-21,PROD019,WH001,6,6,187266.45
ORD005280,2025-09-21,PROD020,WH001,11,11,98887.6
ORD005281,2025-09-22,PROD001,WH001,11,11,239459.84
ORD005282,2025-09-22,PROD002,WH001,6,6,398155.91
ORD005283,2025-09-22,PROD003,WH002,15,15,125733.78
ORD005284,2025-09-22,PROD004,WH002,22,22,56370.2
ORD005285,2025-09-22,PROD005,WH003,35,35,40094.09
ORD005286,2025-09-22,PROD006,WH003,8,8,164583.06
ORD005287,2025-09-22,PROD007,WH003,17,17,47258.54
ORD005288,2025-09-22,PROD008,WH003,35,35,24744.65
ORD005289,2025-09-22,PROD009,WH004,32,32,17209.77
ORD005290,2025-09-22,PROD010,WH001,32,32,11646.91
ORD005291,2025-09-22,PROD011,WH001,88,88,4944.99
ORD005292,2025-09-22,PROD012,WH001,22,22,30324.54
ORD005293,2025-09-22,PROD013,WH004,73,73,2447.84
ORD005294,2025-09-22,PROD014,WH004,57,57,3512.68
ORD005295,2025-09-22,PROD015,WH004,30,30,20582.86
ORD005296,2025-09-22,PROD016,WH004,13,13,33295.71
ORD005297,2025-09-22,PROD017,WH003,53,53,13720.55
ORD005298,2025-09-22,PROD018,WH003,33,33,37467.68
ORD005299,2025-09-22,PROD019,WH001,16,16,188583.77
ORD005300,2025-09-22,PROD020,WH001,15,15,101380.11
ORD005301,2025-09-23,PROD001,WH001,8,8,235385.08
ORD005302,2025-09-23,PROD002,WH001,4,4,410780.73
ORD005303,2025-09-23,PROD003,WH002,15,15,128133.65
ORD005304,2025-09-23,PROD004,WH002,18,18,58187.32
ORD005305,2025-09-23,PROD005,WH003,23,23,38917.23
ORD005306,2025-09-23,PROD006,WH003,8,8,165888.0
ORD005307,2025-09-23,PROD007,WH003,235,151,46819.64
ORD005308,2025-09-23,PROD008,WH003,38,38,24673.19
ORD005309,2025-09-23,PROD009,WH004,38,38,17356.67
ORD005310,2025-09-23,PROD010,WH001,78,78,11647.97
ORD005311,2025-09-23,PROD011,WH001,75,75,4873.1
ORD005312,2025-09-23,PROD012,WH001,25,25,29754.06
ORD005313,2025-09-23,PROD013,WH004,97,97,2574.91
ORD005314,2025-09-23,PROD014,WH004,65,65,3456.29
ORD005315,2025-09-23,PROD015,WH004,34,34,20568.17
ORD005316,2025-09-23,PROD016,WH004,24,24,34100.82
ORD005317,2025-09-23,PROD017,WH003,41,41,13515.6
ORD005318,2025-09-23,PROD018,WH003,34,34,37885.13
ORD005319,2025-09-23,PROD019,WH001,5,5,195091.85
ORD005320,2025-09-23,PROD020,WH001,11,11,98680.9
ORD005321,2025-09-24,PROD001,WH001,5,5,237023.87
ORD005322,2025-09-24,PROD002,WH001,8,8,401150.32
ORD005323,2025-09-24,PROD003,WH002,22,22,126479.66
ORD005324,2025-09-24,PROD004,WH002,17,17,57378.37
ORD005325,2025-09-24,PROD005,WH003,17,17,40726.58
ORD005326,2025-09-24,PROD006,WH003,8,8,169670.4
ORD005327,2025-09-24,PROD007,WH003,13,13,46685.81
ORD005328,2025-09-24,PROD008,WH003,26,26,25739.68
ORD005329,2025-09-24,PROD009,WH004,26,26,16749.19
ORD005330,2025-09-24,PROD010,WH001,40,40,11942.48
ORD005331,2025-09-24,PROD011,WH001,99,99,5083.32
ORD005332,2025-09-24,PROD012,WH001,24,24,30297.6
ORD005333,2025-09-24,PROD013,WH004,114,114,2541.77
ORD005334,2025-09-24,PROD014,WH004,67,67,3492.93
ORD005335,2025-09-24,PROD015,WH004,28,28,21524.24
ORD005336,2025-09-24,PROD016,WH004,13,13,34591.48
ORD005337,2025-09-24,PROD017,WH003,48,48,13345.47
ORD005338,2025-09-24,PROD018,WH003,38,38,39022.53
ORD005339,2025-09-24,PROD019,WH001,5,5,195256.02
ORD005340,2025-09-24,PROD020,WH001,11,11,99490.32
ORD005341,2025-09-25,PROD001,WH001,7,7,242188.23
ORD005342,2025-09-25,PROD002,WH001,5,5,417743.31
ORD005343,2025-09-25,PROD003,WH002,22,22,127379.76
ORD005344,2025-09-25,PROD004,WH002,22,22,56309.15
ORD005345,2025-09-25,PROD005,WH003,23,23,40309.63
ORD005346,2025-09-25,PROD006,WH003,7,7,169689.62
ORD005347,2025-09-25,PROD007,WH003,13,13,47226.28
ORD005348,2025-09-25,PROD008,WH003,31,31,25443.41
ORD005349,2025-09-25,PROD009,WH004,42,42,17034.93
ORD005350,2025-09-25,PROD010,WH001,68,68,11799.46
ORD005351,2025-09-25,PROD011,WH001,87,87,4865.31
ORD005352,2025-09-25,PROD012,WH001,25,25,30467.86
ORD005353,2025-09-25,PROD013,WH004,82,82,2472.47
ORD005354,2025-09-25,PROD014,WH004,73,73,3473.87
ORD005355,2025-09-25,PROD015,WH004,24,24,20981.39
ORD005356,2025-09-25,PROD016,WH004,25,25,34014.68
ORD005357,2025-09-25,PROD017,WH003,45,45,13262.01
ORD005358,2025-09-25,PROD018,WH003,37,37,38389.06
ORD005359,2025-09-25,PROD019,WH001,11,11,192194.96
ORD005360,2025-09-25,PROD020,WH001,12,12,97853.81
ORD005361,2025-09-26,PROD001,WH001,8,8,240473.9
ORD005362,2025-09-26,PROD002,WH001,5,5,412687.78
ORD005363,2025-09-26,PROD003,WH002,18,18,122646.89
ORD005364,2025-09-26,PROD004,WH002,16,16,59372.73
ORD005365,2025-09-26,PROD005,WH003,21,21,39958.78
ORD005366,2025-09-26,PROD006,WH003,4,4,161188.78
ORD005367,2025-09-26,PROD007,WH003,27,27,47523.06
ORD005368,2025-09-26,PROD008,WH003,28,28,24965.44
ORD005369,2025-09-26,PROD009,WH004,37,37,16500.35
ORD005370,2025-09-26,PROD010,WH001,39,39,11662.98
ORD005371,2025-09-26,PROD011,WH001,53,53,4866.66
ORD005372,2025-09-26,PROD012,WH001,27,27,30068.64
ORD005373,2025-09-26,PROD013,WH004,92,92,2475.41
ORD005374,2025-09-26,PROD014,WH004,80,80,3582.55
ORD005375,2025-09-26,PROD015,WH004,24,24,21074.63
ORD005376,2025-09-26,PROD016,WH004,24,24,34530.19
ORD005377,2025-09-26,PROD017,WH003,51,51,13651.58
ORD005378,2025-09-26,PROD018,WH003,37,37,38046.33
ORD005379,2025-09-26,PROD019,WH001,4,4,192789.81
ORD005380,2025-09-26,PROD020,WH001,15,15,100268.23
ORD005381,2025-09-27,PROD001,WH001,11,11,238350.57
ORD005382,2025-09-27,PROD002,WH001,7,7,408420.8
ORD005383,2025-09-27,PROD003,WH002,30,30,127538.76
ORD005384,2025-09-27,PROD004,WH002,18,18,58220.19
ORD005385,2025-09-27,PROD005,WH003,29,29,39705.51
ORD005386,2025-09-27,PROD006,WH003,12,12,161829.46
ORD005387,2025-09-27,PROD007,WH003,17,17,47986.63
ORD005388,2025-09-27,PROD008,WH003,36,36,24628.61
ORD005389,2025-09-27,PROD009,WH004,36,36,17464.69
ORD005390,2025-09-27,PROD010,WH001,31,31,11993.51
ORD005391,2025-09-27,PROD011,WH001,91,91,4852.68
ORD005392,2025-09-27,PROD012,WH001,24,24,29267.18
ORD005393,2025-09-27,PROD013,WH004,93,93,2467.65
ORD005394,2025-09-27,PROD014,WH004,91,91,3414.35
ORD005395,2025-09-27,PROD015,WH004,30,30,21496.39
ORD005396,2025-09-27,PROD016,WH004,18,18,34722.88
ORD005397,2025-09-27,PROD017,WH003,42,42,13881.4
ORD005398,2025-09-27,PROD018,WH003,35,35,38470.74
ORD005399,2025-09-27,PROD019,WH001,9,9,191658.3
ORD005400,2025-09-27,PROD020,WH001,11,11,102540.98
ORD005401,2025-09-28,PROD001,WH001,8,8,246428.06
ORD005402,2025-09-28,PROD002,WH001,7,7,419286.2
ORD005403,2025-09-28,PROD003,WH002,20,20,127711.05
ORD005404,2025-09-28,PROD004,WH002,12,12,58597.53
ORD005405,2025-09-28,PROD005,WH003,21,21,38803.85
ORD005406,2025-09-28,PROD006,WH003,12,12,164302.22
ORD005407,2025-09-28,PROD007,WH003,12,12,48390.71
ORD005408,2025-09-28,PROD008,WH003,36,36,25070.69
ORD005409,2025-09-28,PROD009,WH004,36,36,17327.55
ORD005410,2025-09-28,PROD010,WH001,45,45,12229.61
ORD005411,2025-09-28,PROD011,WH001,63,63,5029.6
ORD005412,2025-09-28,PROD012,WH001,27,27,29139.59
ORD005413,2025-09-28,PROD013,WH004,100,100,2480.4
ORD005414,2025-09-28,PROD014,WH004,47,47,3443.05
ORD005415,2025-09-28,PROD015,WH004,27,27,20796.87
ORD005416,2025-09-28,PROD016,WH004,14,14,34239.28
ORD005417,2025-09-28,PROD017,WH003,43,43,13148.83
ORD005418,2025-09-28,PROD018,WH003,331,269,36910.71
ORD005419,2025-09-28,PROD019,WH001,9,9,189280.35
ORD005420,2025-09-28,PROD020,WH001,11,11,101761.44
ORD005421,2025-09-29,PROD001,WH001,6,6,233242.06
ORD005422,2025-09-29,PROD002,WH001,4,4,418586.6
ORD005423,2025-09-29,PROD003,WH002,15,15,124129.1
ORD005424,2025-09-29,PROD004,WH002,19,19,56671.46
ORD005425,2025-09-29,PROD005,WH003,30,30,40161.99
ORD005426,2025-09-29,PROD006,WH003,7,7,169478.37
ORD005427,2025-09-29,PROD007,WH003,19,19,48122.44
ORD005428,2025-09-29,PROD008,WH003,28,28,25279.95
ORD005429,2025-09-29,PROD009,WH004,24,24,17322.75
ORD005430,2025-09-29,PROD010,WH001,26,26,12215.52
ORD005431,2025-09-29,PROD011,WH001,62,62,4871.94
ORD005432,2025-09-29,PROD012,WH001,25,25,30433.79
ORD005433,2025-09-29,PROD013,WH004,123,123,2567.42
ORD005434,2025-09-29,PROD014,WH004,105,105,3542.14
ORD005435,2025-09-29,PROD015,WH004,16,16,21423.92
ORD005436,2025-09-29,PROD016,WH004,19,19,33970.52
ORD005437,2025-09-29,PROD017,WH003,43,43,13353.45
ORD005438,2025-09-29,PROD018,WH003,49,49,38401.83
ORD005439,2025-09-29,PROD019,WH001,7,7,189911.08
ORD005440,2025-09-29,PROD020,WH001,9,9,102371.73
ORD005441,2025-09-30,PROD001,WH001,7,7,246831.1
ORD005442,2025-09-30,PROD002,WH001,5,5,417867.13
ORD005443,2025-09-30,PROD003,WH002,10,10,128695.1
ORD005444,2025-09-30,PROD004,WH002,24,24,57472.33
ORD005445,2025-09-30,PROD005,WH003,25,25,40949.81
ORD005446,2025-09-30,PROD006,WH003,16,16,163316.34
ORD005447,2025-09-30,PROD007,WH003,12,12,46899.95
ORD005448,2025-09-30,PROD008,WH003,29,29,25182.06
ORD005449,2025-09-30,PROD009,WH004,29,29,16954.09
ORD005450,2025-09-30,PROD010,WH001,23,23,12303.62
ORD005451,2025-09-30,PROD011,WH001,107,107,4997.66
ORD005452,2025-09-30,PROD012,WH001,26,26,30769.74
ORD005453,2025-09-30,PROD013,WH004,160,160,2436.8
ORD005454,2025-09-30,PROD014,WH004,83,83,3569.41
ORD005455,2025-09-30,PROD015,WH004,26,26,21326.48
ORD005456,2025-09-30,PROD016,WH004,22,22,34448.76
ORD005457,2025-09-30,PROD017,WH003,37,37,13382.66
ORD005458,2025-09-30,PROD018,WH003,35,35,38646.97
ORD005459,2025-09-30,PROD019,WH001,9,9,189809.58
ORD005460,2025-09-30,PROD020,WH001,12,12,101291.22
ORD005461,2025-10-01,PROD001,WH001,8,8,240752.07
ORD005462,2025-10-01,PROD002,WH001,6,6,401573.02
ORD005463,2025-10-01,PROD003,WH002,13,13,121734.19
ORD005464,2025-10-01,PROD004,WH002,21,21,57534.33
ORD005465,2025-10-01,PROD005,WH003,23,23,41038.69
ORD005466,2025-10-01,PROD006,WH003,11,11,165294.38
ORD005467,2025-10-01,PROD007,WH003,22,22,48870.31
ORD005468,2025-10-01,PROD008,WH003,34,34,25113.93
ORD005469,2025-10-01,PROD009,WH004,182,111,17467.06
ORD005470,2025-10-01,PROD010,WH001,51,51,11906.01
ORD005471,2025-10-01,PROD011,WH001,103,103,4867.12
ORD005472,2025-10-01,PROD012,WH001,21,21,30505.2
ORD005473,2025-10-01,PROD013,WH004,112,112,2530.82
ORD005474,2025-10-01,PROD014,WH004,73,73,3505.78
ORD005475,2025-10-01,PROD015,WH004,33,33,20781.25
ORD005476,2025-10-01,PROD016,WH004,19,19,33364.06
ORD005477,2025-10-01,PROD017,WH003,51,51,13485.64
ORD005478,2025-10-01,PROD018,WH003,28,28,38378.94
ORD005479,2025-10-01,PROD019,WH001,7,7,190899.31
ORD005480,2025-10-01,PROD020,WH001,15,15,99624.94
ORD005481,2025-10-02,PROD001,WH001,6,6,240571.6
ORD005482,2025-10-02,PROD002,WH001,9,9,400355.69
ORD005483,2025-10-02,PROD003,WH002,14,14,126468.8
ORD005484,2025-10-02,PROD004,WH002,27,27,58815.21
ORD005485,2025-10-02,PROD005,WH003,30,30,38827.49
ORD005486,2025-10-02,PROD006,WH003,10,10,162728.14
ORD005487,2025-10-02,PROD007,WH003,14,14,46825.3
ORD005488,2025-10-02,PROD008,WH003,31,31,25747.35
ORD005489,2025-10-02,PROD009,WH004,36,36,17095.21
ORD005490,2025-10-02,PROD010,WH001,54,54,11975.33
ORD005491,2025-10-02,PROD011,WH001,59,59,4988.9
ORD005492,2025-10-02,PROD012,WH001,18,18,30836.59
ORD005493,2025-10-02,PROD013,WH004,95,95,2523.98
ORD005494,2025-10-02,PROD014,WH004,105,105,3430.42
ORD005495,2025-10-02,PROD015,WH004,39,39,20934.68
ORD005496,2025-10-02,PROD016,WH004,18,18,34559.36
ORD005497,2025-10-02,PROD017,WH003,40,40,13437.91
ORD005498,2025-10-02,PROD018,WH003,27,27,37565.74
ORD005499,2025-10-02,PROD019,WH001,6,6,195599.86
ORD005500,2025-10-02,PROD020,WH001,9,9,102613.82
ORD005501,2025-10-03,PROD001,WH001,8,8,246358.47
ORD005502,2025-10-03,PROD002,WH001,5,5,400939.14
ORD005503,2025-10-03,PROD003,WH002,14,14,123006.91
ORD005504,2025-10-03,PROD004,WH002,17,17,57798.39
ORD005505,2025-10-03,PROD005,WH003,17,17,40797.11
ORD005506,2025-10-03,PROD006,WH003,9,9,167344.59
ORD005507,2025-10-03,PROD007,WH003,4,4,49007.04
ORD005508,2025-10-03,PROD008,WH003,32,32,25631.14
ORD005509,2025-10-03,PROD009,WH004,33,33,17286.38
ORD005510,2025-10-03,PROD010,WH001,43,43,11828.47
ORD005511,2025-10-03,PROD011,WH001,91,91,4935.63
ORD005512,2025-10-03,PROD012,WH001,25,25,29734.48
ORD005513,2025-10-03,PROD013,WH004,119,119,2470.46
ORD005514,2025-10-03,PROD014,WH004,877,485,3447.31
ORD005515,2025-10-03,PROD015,WH004,54,54,21318.13
ORD005516,2025-10-03,PROD016,WH004,20,20,33049.34
ORD005517,2025-10-03,PROD017,WH003,79,79,13685.0
ORD005518,2025-10-03,PROD018,WH003,38,38,38737.73
ORD005519,2025-10-03,PROD019,WH001,6,6,185052.9
ORD005520,2025-10-03,PROD020,WH001,12,12,97371.08
ORD005521,2025-10-04,PROD001,WH001,16,16,236910.68
ORD005522,2025-10-04,PROD002,WH001,8,8,402824.35
ORD005523,2025-10-04,PROD003,WH002,14,14,125608.5
ORD005524,2025-10-04,PROD004,WH002,27,27,58610.57
ORD005525,2025-10-04,PROD005,WH003,18,18,40321.94
ORD005526,2025-10-04,PROD006,WH003,11,11,163587.74
ORD005527,2025-10-04,PROD007,WH003,15,15,47995.39
ORD005528,2025-10-04,PROD008,WH003,33,33,25209.99
ORD005529,2025-10-04,PROD009,WH004,57,57,16611.81
ORD005530,2025-10-04,PROD010,WH001,49,49,11805.25
ORD005531,2025-10-04,PROD011,WH001,79,79,5117.15
ORD005532,2025-10-04,PROD012,WH001,31,31,29716.19
ORD005533,2025-10-04,PROD013,WH004,85,85,2545.17
ORD005534,2025-10-04,PROD014,WH004,94,94,3447.71
ORD005535,2025-10-04,PROD015,WH004,47,47,20422.47
ORD005536,2025-10-04,PROD016,WH004,27,27,34000.82
ORD005537,2025-10-04,PROD017,WH003,41,41,13817.91
ORD005538,2025-10-04,PROD018,WH003,42,42,38727.97
ORD005539,2025-10-04,PROD019,WH001,6,6,187183.51
ORD005540,2025-10-04,PROD020,WH001,19,19,102459.61
ORD005541,2025-10-05,PROD001,WH001,4,4,239707.91
ORD005542,2025-10-05,PROD002,WH001,4,4,398905.38
ORD005543,2025-10-05,PROD003,WH002,21,21,121459.43
ORD005544,2025-10-05,PROD004,WH002,14,14,57948.2
ORD005545,2025-10-05,PROD005,WH003,33,33,40111.17
ORD005546,2025-10-05,PROD006,WH003,13,13,160841.14
ORD005547,2025-10-05,PROD007,WH003,15,15,49216.05
ORD005548,2025-10-05,PROD008,WH003,49,49,25327.33
ORD005549,2025-10-05,PROD009,WH004,32,32,17307.31
ORD005550,2025-10-05,PROD010,WH001,54,54,12060.5
ORD005551,2025-10-05,PROD011,WH001,63,63,5049.06
ORD005552,2025-10-05,PROD012,WH001,24,24,29798.15
ORD005553,2025-10-05,PROD013,WH004,105,105,2526.89
ORD005554,2025-10-05,PROD014,WH004,67,67,3600.42
ORD005555,2025-10-05,PROD015,WH004,45,45,21186.12
ORD005556,2025-10-05,PROD016,WH004,19,19,33676.93
ORD005557,2025-10-05,PROD017,WH003,34,34,13326.04
ORD005558,2025-10-05,PROD018,WH003,22,22,39056.43
ORD005559,2025-10-05,PROD019,WH001,9,9,186409.03
ORD005560,2025-10-05,PROD020,WH001,13,13,101837.18
ORD005561,2025-10-06,PROD001,WH001,7,7,239499.78
ORD005562,2025-10-06,PROD002,WH001,6,6,408616.49
ORD005563,2025-10-06,PROD003,WH002,12,12,126856.53
ORD005564,2025-10-06,PROD004,WH002,18,18,56775.17
ORD005565,2025-10-06,PROD005,WH003,22,22,39919.11
ORD005566,2025-10-06,PROD006,WH003,16,16,160404.75
ORD005567,2025-10-06,PROD007,WH003,18,18,48490.77
ORD005568,2025-10-06,PROD008,WH003,27,27,24337.57
ORD005569,2025-10-06,PROD009,WH004,49,49,16579.03
ORD005570,2025-10-06,PROD010,WH001,61,61,12248.27
ORD005571,2025-10-06,PROD011,WH001,48,48,4982.89
ORD005572,2025-10-06,PROD012,WH001,21,21,29461.76
ORD005573,2025-10-06,PROD013,WH004,109,109,2513.89
ORD005574,2025-10-06,PROD014,WH004,102,102,3504.05
ORD005575,2025-10-06,PROD015,WH004,37,37,20887.74
ORD005576,2025-10-06,PROD016,WH004,14,14,34827.05
ORD005577,2025-10-06,PROD017,WH003,31,31,13702.06
ORD005578,2025-10-06,PROD018,WH003,28,28,37205.63
ORD005579,2025-10-06,PROD019,WH001,8,8,190806.83
ORD005580,2025-10-06,PROD020,WH001,18,18,97532.46
ORD005581,2025-10-07,PROD001,WH001,6,6,236323.02
ORD005582,2025-10-07,PROD002,WH001,6,6,420082.56
ORD005583,2025-10-07,PROD003,WH002,18,18,124715.6
ORD005584,2025-10-07,PROD004,WH002,26,26,59364.53
ORD005585,2025-10-07,PROD005,WH003,25,25,39198.4
ORD005586,2025-10-07,PROD006,WH003,12,12,162082.88
ORD005587,2025-10-07,PROD007,WH003,15,15,47576.14
ORD005588,2025-10-07,PROD008,WH003,22,22,24799.49
ORD005589,2025-10-07,PROD009,WH004,26,26,17250.18
ORD005590,2025-10-07,PROD010,WH001,25,25,12071.58
ORD005591,2025-10-07,PROD011,WH001,73,73,5015.97
ORD005592,2025-10-07,PROD012,WH001,24,24,30184.28
ORD005593,2025-10-07,PROD013,WH004,86,86,2534.83
ORD005594,2025-10-07,PROD014,WH004,109,109,3582.49
ORD005595,2025-10-07,PROD015,WH004,25,25,20892.57
ORD005596,2025-10-07,PROD016,WH004,20,20,34617.97
ORD005597,2025-10-07,PROD017,WH003,45,45,13496.03
ORD005598,2025-10-07,PROD018,WH003,37,37,38506.34
ORD005599,2025-10-07,PROD019,WH001,8,8,194272.99
ORD005600,2025-10-07,PROD020,WH001,12,12,97193.29
ORD005601,2025-10-08,PROD001,WH001,4,4,240671.47
ORD005602,2025-10-08,PROD002,WH001,6,6,422038.76
ORD005603,2025-10-08,PROD003,WH002,14,14,124971.68
ORD005604,2025-10-08,PROD004,WH002,21,21,59267.78
ORD005605,2025-10-08,PROD005,WH003,32,32,39246.16
ORD005606,2025-10-08,PROD006,WH003,7,7,166032.44
ORD005607,2025-10-08,PROD007,WH003,15,15,49066.48
ORD005608,2025-10-08,PROD008,WH003,31,31,24897.3
ORD005609,2025-10-08,PROD009,WH004,28,28,16986.46
ORD005610,2025-10-08,PROD010,WH001,40,40,11699.05
ORD005611,2025-10-08,PROD011,WH001,51,51,4862.65
ORD005612,2025-10-08,PROD012,WH001,30,30,29943.67
ORD005613,2025-10-08,PROD013,WH004,51,51,2551.52
ORD005614,2025-10-08,PROD014,WH004,66,66,3590.58
ORD005615,2025-10-08,PROD015,WH004,544,311,21199.9
ORD005616,2025-10-08,PROD016,WH004,23,23,34665.85
ORD005617,2025-10-08,PROD017,WH003,56,56,13690.23
ORD005618,2025-10-08,PROD018,WH003,38,38,38459.39
ORD005619,2025-10-08,PROD019,WH001,12,12,193066.98
ORD005620,2025-10-08,PROD020,WH001,7,7,100031.82
ORD005621,2025-10-09,PROD001,WH001,8,8,239394.31
ORD005622,2025-10-09,PROD002,WH001,5,5,401614.93
ORD005623,2025-10-09,PROD003,WH002,13,13,127578.61
ORD005624,2025-10-09,PROD004,WH002,29,29,56415.26
ORD005625,2025-10-09,PROD005,WH003,16,16,39441.87
ORD005626,2025-10-09,PROD006,WH003,7,7,165197.17
ORD005627,2025-10-09,PROD007,WH003,16,16,49358.2
ORD005628,2025-10-09,PROD008,WH003,19,19,25428.96
ORD005629,2025-10-09,PROD009,WH004,32,32,16866.04
ORD005630,2025-10-09,PROD010,WH001,55,55,12154.04
ORD005631,2025-10-09,PROD011,WH001,67,67,5129.41
ORD005632,2025-10-09,PROD012,WH001,25,25,30069.99
ORD005633,2025-10-09,PROD013,WH004,77,77,2494.29
ORD005634,2025-10-09,PROD014,WH004,103,103,3511.13
ORD005635,2025-10-09,PROD015,WH004,25,25,20762.53
ORD005636,2025-10-09,PROD016,WH004,28,28,34830.99
ORD005637,2025-10-09,PROD017,WH003,42,42,13740.8
ORD005638,2025-10-09,PROD018,WH003,52,52,38468.5
ORD005639,2025-10-09,PROD019,WH001,6,6,191015.65
ORD005640,2025-10-09,PROD020,WH001,10,10,102816.85
ORD005641,2025-10-10,PROD001,WH001,4,4,237086.96
ORD005642,2025-10-10,PROD002,WH001,3,3,404665.13
ORD005643,2025-10-10,PROD003,WH002,13,13,123066.04
ORD005644,2025-10-10,PROD004,WH002,18,18,58841.38
ORD005645,2025-10-10,PROD005,WH003,25,25,40713.49
ORD005646,2025-10-10,PROD006,WH003,10,10,165961.43
ORD005647,2025-10-10,PROD007,WH003,26,26,48437.71
ORD005648,2025-10-10,PROD008,WH003,29,29,24773.44
ORD005649,2025-10-10,PROD009,WH004,27,27,16530.55
ORD005650,2025-10-10,PROD010,WH001,63,63,11822.62
ORD005651,2025-10-10,PROD011,WH001,69,69,5025.29
ORD005652,2025-10-10,PROD012,WH001,23,23,30563.28
ORD005653,2025-10-10,PROD013,WH004,89,89,2541.58
ORD005654,2025-10-10,PROD014,WH004,88,88,3432.69
ORD005655,2025-10-10,PROD015,WH004,31,31,20434.82
ORD005656,2025-10-10,PROD016,WH004,16,16,34715.14
ORD005657,2025-10-10,PROD017,WH003,38,38,13156.23
ORD005658,2025-10-10,PROD018,WH003,32,32,37756.75
ORD005659,2025-10-10,PROD019,WH001,7,7,185374.17
ORD005660,2025-10-10,PROD020,WH001,63,43,100384.29
ORD005661,2025-10-11,PROD001,WH001,9,9,238032.04
ORD005662,2025-10-11,PROD002,WH001,6,6,402681.34
ORD005663,2025-10-11,PROD003,WH002,16,16,125713.76
ORD005664,2025-10-11,PROD004,WH002,13,13,57524.6
ORD005665,2025-10-11,PROD005,WH003,27,27,39200.29
ORD005666,2025-10-11,PROD006,WH003,9,9,166980.86
ORD005667,2025-10-11,PROD007,WH003,15,15,48970.01
ORD005668,2025-10-11,PROD008,WH003,25,25,24660.61
ORD005669,2025-10-11,PROD009,WH004,34,34,16680.15
ORD005670,2025-10-11,PROD010,WH001,43,43,11694.18
ORD005671,2025-10-11,PROD011,WH001,59,59,5008.37
ORD005672,2025-10-11,PROD012,WH001,40,40,30596.33
ORD005673,2025-10-11,PROD013,WH004,74,74,2462.62
ORD005674,2025-10-11,PROD014,WH004,103,103,3491.73
ORD005675,2025-10-11,PROD015,WH004,33,33,20572.61
ORD005676,2025-10-11,PROD016,WH004,22,22,33804.57
ORD005677,2025-10-11,PROD017,WH003,53,53,13107.51
ORD005678,2025-10-11,PROD018,WH003,17,17,38936.46
ORD005679,2025-10-11,PROD019,WH001,8,8,192012.92
ORD005680,2025-10-11,PROD020,WH001,89,70,98996.88
ORD005681,2025-10-12,PROD001,WH001,14,14,245489.25
ORD005682,2025-10-12,PROD002,WH001,4,4,402200.07
ORD005683,2025-10-12,PROD003,WH002,17,17,121840.5
ORD005684,2025-10-12,PROD004,WH002,22,22,59540.32
ORD005685,2025-10-12,PROD005,WH003,25,25,39541.64
ORD005686,2025-10-12,PROD006,WH003,11,11,169316.14
ORD005687,2025-10-12,PROD007,WH003,15,15,48396.33
ORD005688,2025-10-12,PROD008,WH003,25,25,25720.06
ORD005689,2025-10-12,PROD009,WH004,24,24,17258.5
ORD005690,2025-10-12,PROD010,WH001,40,40,11715.95
ORD005691,2025-10-12,PROD011,WH001,89,89,5105.67
ORD005692,2025-10-12,PROD012,WH001,21,21,29366.18
ORD005693,2025-10-12,PROD013,WH004,108,108,2528.83
ORD005694,2025-10-12,PROD014,WH004,81,81,3500.09
ORD005695,2025-10-12,PROD015,WH004,37,37,21261.73
ORD005696,2025-10-12,PROD016,WH004,27,27,34540.58
ORD005697,2025-10-12,PROD017,WH003,30,30,13745.97
ORD005698,2025-10-12,PROD018,WH003,23,23,38763.75
ORD005699,2025-10-12,PROD019,WH001,11,11,193958.36
ORD005700,2025-10-12,PROD020,WH001,5,5,99475.45
ORD005701,2025-10-13,PROD001,WH001,10,10,245604.88
ORD005702,2025-10-13,PROD002,WH001,7,7,415401.67
ORD005703,2025-10-13,PROD003,WH002,11,11,127542.28
ORD005704,2025-10-13,PROD004,WH002,21,21,59702.39
ORD005705,2025-10-13,PROD005,WH003,25,25,39079.4
ORD005706,2025-10-13,PROD006,WH003,12,12,163718.74
ORD005707,2025-10-13,PROD007,WH003,12,12,48882.86
ORD005708,2025-10-13,PROD008,WH003,41,41,24379.46
ORD005709,2025-10-13,PROD009,WH004,46,46,17041.6
ORD005710,2025-10-13,PROD010,WH001,34,34,12258.05
ORD005711,2025-10-13,PROD011,WH001,93,93,4855.7
ORD005712,2025-10-13,PROD012,WH001,34,34,30791.13
ORD005713,2025-10-13,PROD013,WH004,117,117,2571.72
ORD005714,2025-10-13,PROD014,WH004,59,59,3462.68
ORD005715,2025-10-13,PROD015,WH004,35,35,21336.16
ORD005716,2025-10-13,PROD016,WH004,23,23,33239.44
ORD005717,2025-10-13,PROD017,WH003,34,34,13721.02
ORD005718,2025-10-13,PROD018,WH003,37,37,37957.87
ORD005719,2025-10-13,PROD019,WH001,7,7,194107.11
ORD005720,2025-10-13,PROD020,WH001,9,9,98275.64
ORD005721,2025-10-14,PROD001,WH001,8,8,242486.27
ORD005722,2025-10-14,PROD002,WH001,7,7,417038.53
ORD005723,2025-10-14,PROD003,WH002,14,14,122768.69
ORD005724,2025-10-14,PROD004,WH002,22,22,59107.64
ORD005725,2025-10-14,PROD005,WH003,21,21,41099.17
ORD005726,2025-10-14,PROD006,WH003,8,8,166149.18
ORD005727,2025-10-14,PROD007,WH003,20,20,48820.37
ORD005728,2025-10-14,PROD008,WH003,23,23,25048.88
ORD005729,2025-10-14,PROD009,WH004,31,31,17100.07
ORD005730,2025-10-14,PROD010,WH001,63,63,11649.61
ORD005731,2025-10-14,PROD011,WH001,77,77,5007.29
ORD005732,2025-10-14,PROD012,WH001,23,23,30136.01
ORD005733,2025-10-14,PROD013,WH004,130,130,2525.51
ORD005734,2025-10-14,PROD014,WH004,63,63,3430.57
ORD005735,2025-10-14,PROD015,WH004,35,35,20674.13
ORD005736,2025-10-14,PROD016,WH004,17,17,34522.25
ORD005737,2025-10-14,PROD017,WH003,40,40,13230.79
ORD005738,2025-10-14,PROD018,WH003,53,53,37808.54
ORD005739,2025-10-14,PROD019,WH001,8,8,187155.59
ORD005740,2025-10-14,PROD020,WH001,7,7,100271.1
ORD005741,2025-10-15,PROD001,WH001,7,7,247010.94
ORD005742,2025-10-15,PROD002,WH001,7,7,418660.13
ORD005743,2025-10-15,PROD003,WH002,15,15,123271.06
ORD005744,2025-10-15,PROD004,WH002,10,10,57542.77
ORD005745,2025-10-15,PROD005,WH003,35,35,41004.72
ORD005746,2025-10-15,PROD006,WH003,11,11,168943.12
ORD005747,2025-10-15,PROD007,WH003,11,11,47022.32
ORD005748,2025-10-15,PROD008,WH003,19,19,25493.91
ORD005749,2025-10-15,PROD009,WH004,29,29,16793.56
ORD005750,2025-10-15,PROD010,WH001,41,41,12031.54
ORD005751,2025-10-15,PROD011,WH001,92,92,4851.53
ORD005752,2025-10-15,PROD012,WH001,22,22,30897.46
ORD005753,2025-10-15,PROD013,WH004,99,99,2539.16
ORD005754,2025-10-15,PROD014,WH004,65,65,3445.76
ORD005755,2025-10-15,PROD015,WH004,39,39,21231.58
ORD005756,2025-10-15,PROD016,WH004,17,17,33578.35
ORD005757,2025-10-15,PROD017,WH003,29,29,13167.46
ORD005758,2025-10-15,PROD018,WH003,29,29,37829.71
ORD005759,2025-10-15,PROD019,WH001,5,5,191296.4
ORD005760,2025-10-15,PROD020,WH001,9,9,97538.66
ORD005761,2025-10-16,PROD001,WH001,13,13,240265.05
ORD005762,2025-10-16,PROD002,WH001,5,5,410365.66
ORD005763,2025-10-16,PROD003,WH002,14,14,125964.84
ORD005764,2025-10-16,PROD004,WH002,22,22,57111.37
ORD005765,2025-10-16,PROD005,WH003,14,14,38849.54
ORD005766,2025-10-16,PROD006,WH003,11,11,163266.09
ORD005767,2025-10-16,PROD007,WH003,19,19,47707.91
ORD005768,2025-10-16,PROD008,WH003,38,38,25203.61
ORD005769,2025-10-16,PROD009,WH004,22,22,17438.78
ORD005770,2025-10-16,PROD010,WH001,19,19,11786.44
ORD005771,2025-10-16,PROD011,WH001,54,54,5056.2
ORD005772,2025-10-16,PROD012,WH001,14,14,29275.32
ORD005773,2025-10-16,PROD013,WH004,94,94,2453.59
ORD005774,2025-10-16,PROD014,WH004,48,48,3501.92
ORD005775,2025-10-16,PROD015,WH004,25,25,21262.56
ORD005776,2025-10-16,PROD016,WH004,11,11,34731.48
ORD005777,2025-10-16,PROD017,WH003,32,32,13697.56
ORD005778,2025-10-16,PROD018,WH003,33,33,36895.0
ORD005779,2025-10-16,PROD019,WH001,5,5,192096.82
ORD005780,2025-10-16,PROD020,WH001,8,8,101947.95
ORD005781,2025-10-17,PROD001,WH001,5,5,240367.68
ORD005782,2025-10-17,PROD002,WH001,3,3,421453.73
ORD005783,2025-10-17,PROD003,WH002,8,8,121282.34
ORD005784,2025-10-17,PROD004,WH002,19,19,59108.93
ORD005785,2025-10-17,PROD005,WH003,22,22,39603.57
ORD005786,2025-10-17,PROD006,WH003,10,10,166489.45
ORD005787,2025-10-17,PROD007,WH003,13,13,48557.23
ORD005788,2025-10-17,PROD008,WH003,46,46,24709.37
ORD005789,2025-10-17,PROD009,WH004,41,41,17505.33
ORD005790,2025-10-17,PROD010,WH001,48,48,11714.34
ORD005791,2025-10-17,PROD011,WH001,113,113,4897.11
ORD005792,2025-10-17,PROD012,WH001,28,28,30705.95
ORD005793,2025-10-17,PROD013,WH004,86,86,2442.88
ORD005794,2025-10-17,PROD014,WH004,67,67,3475.07
ORD005795,2025-10-17,PROD015,WH004,14,14,21293.76
ORD005796,2025-10-17,PROD016,WH004,34,34,34594.64
ORD005797,2025-10-17,PROD017,WH003,34,34,13868.28
ORD005798,2025-10-17,PROD018,WH003,50,50,38660.23
ORD005799,2025-10-17,PROD019,WH001,64,41,193927.67
ORD005800,2025-10-17,PROD020,WH001,8,8,102696.26
ORD005801,2025-10-18,PROD001,WH001,11,11,240773.1
ORD005802,2025-10-18,PROD002,WH001,4,4,406148.46
ORD005803,2025-10-18,PROD003,WH002,16,16,126962.1
ORD005804,2025-10-18,PROD004,WH002,23,23,56829.12
ORD005805,2025-10-18,PROD005,WH003,20,20,38963.76
ORD005806,2025-10-18,PROD006,WH003,6,6,167824.78
ORD005807,2025-10-18,PROD007,WH003,14,14,49297.93
ORD005808,2025-10-18,PROD008,WH003,35,35,24913.67
ORD005809,2025-10-18,PROD009,WH004,46,46,16654.36
ORD005810,2025-10-18,PROD010,WH001,37,37,11997.86
ORD005811,2025-10-18,PROD011,WH001,62,62,4968.0
ORD005812,2025-10-18,PROD012,WH001,19,19,29770.45
ORD005813,2025-10-18,PROD013,WH004,119,119,2519.21
ORD005814,2025-10-18,PROD014,WH004,100,100,3431.69
ORD005815,2025-10-18,PROD015,WH004,38,38,20849.41
ORD005816,2025-10-18,PROD016,WH004,28,28,34752.1
ORD005817,2025-10-18,PROD017,WH003,46,46,13686.03
ORD005818,2025-10-18,PROD018,WH003,34,34,36986.74
ORD005819,2025-10-18,PROD019,WH001,9,9,190158.5
ORD005820,2025-10-18,PROD020,WH001,15,15,97547.77
ORD005821,2025-10-19,PROD001,WH001,7,7,246587.95
ORD005822,2025-10-19,PROD002,WH001,5,5,403718.16
ORD005823,2025-10-19,PROD003,WH002,16,16,128244.66
ORD005824,2025-10-19,PROD004,WH002,16,16,59162.35
ORD005825,2025-10-19,PROD005,WH003,21,21,40123.27
ORD005826,2025-10-19,PROD006,WH003,8,8,163379.42
ORD005827,2025-10-19,PROD007,WH003,16,16,49030.89
ORD005828,2025-10-19,PROD008,WH003,26,26,24479.18
ORD005829,2025-10-19,PROD009,WH004,38,38,16673.57
ORD005830,2025-10-19,PROD010,WH001,32,32,11801.8
ORD005831,2025-10-19,PROD011,WH001,91,91,5029.31
ORD005832,2025-10-19,PROD012,WH001,22,22,29665.79
ORD005833,2025-10-19,PROD013,WH004,121,121,2573.38
ORD005834,2025-10-19,PROD014,WH004,67,67,3435.97
ORD005835,2025-10-19,PROD015,WH004,17,17,21385.07
ORD005836,2025-10-19,PROD016,WH004,22,22,33175.51
ORD005837,2025-10-19,PROD017,WH003,55,55,13381.29
ORD005838,2025-10-19,PROD018,WH003,26,26,37415.78
ORD005839,2025-10-19,PROD019,WH001,6,6,195435.93
ORD005840,2025-10-19,PROD020,WH001,13,13,97154.38
ORD005841,2025-10-20,PROD001,WH001,9,9,243192.04
ORD005842,2025-10-20,PROD002,WH001,4,4,403793.96
ORD005843,2025-10-20,PROD003,WH002,8,8,127334.36
ORD005844,2025-10-20,PROD004,WH002,21,21,57343.06
ORD005845,2025-10-20,PROD005,WH003,26,26,39249.48
ORD005846,2025-10-20,PROD006,WH003,12,12,166911.09
ORD005847,2025-10-20,PROD007,WH003,17,17,47301.82
ORD005848,2025-10-20,PROD008,WH003,27,27,24978.32
ORD005849,2025-10-20,PROD009,WH004,45,45,16624.16
ORD005850,2025-10-20,PROD010,WH001,55,55,12161.71
ORD005851,2025-10-20,PROD011,WH001,60,60,4972.05
ORD005852,2025-10-20,PROD012,WH001,42,42,29353.04
ORD005853,2025-10-20,PROD013,WH004,150,150,2536.24
ORD005854,2025-10-20,PROD014,WH004,88,88,3416.71
ORD005855,2025-10-20,PROD015,WH004,28,28,21094.27
ORD005856,2025-10-20,PROD016,WH004,19,19,34219.27
ORD005857,2025-10-20,PROD017,WH003,32,32,13848.58
ORD005858,2025-10-20,PROD018,WH003,41,41,37204.24
ORD005859,2025-10-20,PROD019,WH001,7,7,191748.15
ORD005860,2025-10-20,PROD020,WH001,13,13,99284.61
ORD005861,2025-10-21,PROD001,WH001,7,7,238571.73
ORD005862,2025-10-21,PROD002,WH001,10,10,410044.9
ORD005863,2025-10-21,PROD003,WH002,17,17,123003.38
ORD005864,2025-10-21,PROD004,WH002,14,14,57864.92
ORD005865,2025-10-21,PROD005,WH003,30,30,40448.43
ORD005866,2025-10-21,PROD006,WH003,12,12,164575.42
ORD005867,2025-10-21,PROD007,WH003,18,18,46682.42
ORD005868,2025-10-21,PROD008,WH003,22,22,24636.74
ORD005869,2025-10-21,PROD009,WH004,44,44,16848.49
ORD005870,2025-10-21,PROD010,WH001,30,30,11895.4
ORD005871,2025-10-21,PROD011,WH001,83,83,4874.3
ORD005872,2025-10-21,PROD012,WH001,26,26,29909.23
ORD005873,2025-10-21,PROD013,WH004,89,89,2528.79
ORD005874,2025-10-21,PROD014,WH004,84,84,3405.22
ORD005875,2025-10-21,PROD015,WH004,34,34,21316.16
ORD005876,2025-10-21,PROD016,WH004,28,28,34928.41
ORD005877,2025-10-21,PROD017,WH003,38,38,13102.56
ORD005878,2025-10-21,PROD018,WH003,31,31,37301.62
ORD005879,2025-10-21,PROD019,WH001,5,5,190495.76
ORD005880,2025-10-21,PROD020,WH001,14,14,98308.3
ORD005881,2025-10-22,PROD001,WH001,7,7,243810.61
ORD005882,2025-10-22,PROD002,WH001,5,5,405378.5
ORD005883,2025-10-22,PROD003,WH002,22,22,123452.19
ORD005884,2025-10-22,PROD004,WH002,16,16,56263.22
ORD005885,2025-10-22,PROD005,WH003,24,24,39448.3
ORD005886,2025-10-22,PROD006,WH003,15,15,162204.94
ORD005887,2025-10-22,PROD007,WH003,14,14,47548.53
ORD005888,2025-10-22,PROD008,WH003,27,27,24471.48
ORD005889,2025-10-22,PROD009,WH004,12,12,17096.54
ORD005890,2025-10-22,PROD010,WH001,44,44,11811.89
ORD005891,2025-10-22,PROD011,WH001,91,91,5099.53
ORD005892,2025-10-22,PROD012,WH001,41,41,29612.2
ORD005893,2025-10-22,PROD013,WH004,85,85,2456.63
ORD005894,2025-10-22,PROD014,WH004,59,59,3406.92
ORD005895,2025-10-22,PROD015,WH004,30,30,21302.28
ORD005896,2025-10-22,PROD016,WH004,21,21,34016.74
ORD005897,2025-10-22,PROD017,WH003,27,27,13187.16
ORD005898,2025-10-22,PROD018,WH003,40,40,37364.64
ORD005899,2025-10-22,PROD019,WH001,8,8,195685.4
ORD005900,2025-10-22,PROD020,WH001,11,11,101836.17
ORD005901,2025-10-23,PROD001,WH001,8,8,237838.12
ORD005902,2025-10-23,PROD002,WH001,6,6,411046.85
ORD005903,2025-10-23,PROD003,WH002,24,24,124370.13
ORD005904,2025-10-23,PROD004,WH002,26,26,56386.64
ORD005905,2025-10-23,PROD005,WH003,27,27,40668.82
ORD005906,2025-10-23,PROD006,WH003,13,13,167148.16
ORD005907,2025-10-23,PROD007,WH003,18,18,47737.35
ORD005908,2025-10-23,PROD008,WH003,36,36,25518.85
ORD005909,2025-10-23,PROD009,WH004,31,31,17035.43
ORD005910,2025-10-23,PROD010,WH001,54,54,11686.95
ORD005911,2025-10-23,PROD011,WH001,62,62,4927.82
ORD005912,2025-10-23,PROD012,WH001,25,25,29931.19
ORD005913,2025-10-23,PROD013,WH004,81,81,2440.52
ORD005914,2025-10-23,PROD014,WH004,95,95,3514.93
ORD005915,2025-10-23,PROD015,WH004,31,31,20521.92
ORD005916,2025-10-23,PROD016,WH004,23,23,33389.04
ORD005917,2025-10-23,PROD017,WH003,63,63,13819.13
ORD005918,2025-10-23,PROD018,WH003,41,41,39139.57
ORD005919,2025-10-23,PROD019,WH001,6,6,190572.89
ORD005920,2025-10-23,PROD020,WH001,14,14,100717.89
ORD005921,2025-10-24,PROD001,WH001,11,11,244283.01
ORD005922,2025-10-24,PROD002,WH001,4,4,414825.03
ORD005923,2025-10-24,PROD003,WH002,13,13,122618.5
ORD005924,2025-10-24,PROD004,WH002,24,24,57692.62
ORD005925,2025-10-24,PROD005,WH003,23,23,40084.28
ORD005926,2025-10-24,PROD006,WH003,11,11,163611.15
ORD005927,2025-10-24,PROD007,WH003,15,15,47067.19
ORD005928,2025-10-24,PROD008,WH003,34,34,25354.17
ORD005929,2025-10-24,PROD009,WH004,26,26,16692.82
ORD005930,2025-10-24,PROD010,WH001,36,36,11827.55
ORD005931,2025-10-24,PROD011,WH001,28,28,4935.96
ORD005932,2025-10-24,PROD012,WH001,26,26,29391.2
ORD005933,2025-10-24,PROD013,WH004,105,105,2552.43
ORD005934,2025-10-24,PROD014,WH004,99,99,3523.23
ORD005935,2025-10-24,PROD015,WH004,22,22,21421.78
ORD005936,2025-10-24,PROD016,WH004,22,22,33987.21
ORD005937,2025-10-24,PROD017,WH003,33,33,13515.85
ORD005938,2025-10-24,PROD018,WH003,55,55,38264.81
ORD005939,2025-10-24,PROD019,WH001,9,9,188528.48
ORD005940,2025-10-24,PROD020,WH001,14,14,99979.5
ORD005941,2025-10-25,PROD001,WH001,9,9,240675.58
ORD005942,2025-10-25,PROD002,WH001,8,8,421157.14
ORD005943,2025-10-25,PROD003,WH002,8,8,127871.81
ORD005944,2025-10-25,PROD004,WH002,17,17,56709.78
ORD005945,2025-10-25,PROD005,WH003,22,22,38899.08
ORD005946,2025-10-25,PROD006,WH003,15,15,166785.31
ORD005947,2025-10-25,PROD007,WH003,18,18,46701.69
ORD005948,2025-10-25,PROD008,WH003,14,14,24340.53
ORD005949,2025-10-25,PROD009,WH004,27,27,16652.45
ORD005950,2025-10-25,PROD010,WH001,55,55,11893.23
ORD005951,2025-10-25,PROD011,WH001,64,64,4980.5
ORD005952,2025-10-25,PROD012,WH001,36,36,30034.88
ORD005953,2025-10-25,PROD013,WH004,83,83,2573.84
ORD005954,2025-10-25,PROD014,WH004,1110,754,3475.9
ORD005955,2025-10-25,PROD015,WH004,26,26,20675.87
ORD005956,2025-10-25,PROD016,WH004,26,26,34153.51
ORD005957,2025-10-25,PROD017,WH003,36,36,13269.27
ORD005958,2025-10-25,PROD018,WH003,36,36,39004.44
ORD005959,2025-10-25,PROD019,WH001,5,5,187255.5
ORD005960,2025-10-25,PROD020,WH001,13,13,102939.6
ORD005961,2025-10-26,PROD001,WH001,5,5,238828.82
ORD005962,2025-10-26,PROD002,WH001,5,5,417692.08
ORD005963,2025-10-26,PROD003,WH002,11,11,126112.1
ORD005964,2025-10-26,PROD004,WH002,13,13,59508.56
ORD005965,2025-10-26,PROD005,WH003,38,38,40301.02
ORD005966,2025-10-26,PROD006,WH003,6,6,165804.06
ORD005967,2025-10-26,PROD007,WH003,17,17,48440.22
ORD005968,2025-10-26,PROD008,WH003,33,33,25429.7
ORD005969,2025-10-26,PROD009,WH004,43,43,17406.82
ORD005970,2025-10-26,PROD010,WH001,49,49,11832.11
ORD005971,2025-10-26,PROD011,WH001,68,68,4910.27
ORD005972,2025-10-26,PROD012,WH001,24,24,29161.83
ORD005973,2025-10-26,PROD013,WH004,84,84,2480.51
ORD005974,2025-10-26,PROD014,WH004,91,91,3572.7
ORD005975,2025-10-26,PROD015,WH004,20,20,20458.02
ORD005976,2025-10-26,PROD016,WH004,23,23,34078.58
ORD005977,2025-10-26,PROD017,WH003,34,34,13657.78
ORD005978,2025-10-26,PROD018,WH003,16,16,38768.02
ORD005979,2025-10-26,PROD019,WH001,9,9,190951.11
ORD005980,2025-10-26,PROD020,WH001,9,9,98117.92
ORD005981,2025-10-27,PROD001,WH001,10,10,246689.32
ORD005982,2025-10-27,PROD002,WH001,5,5,400028.43
ORD005983,2025-10-27,PROD003,WH002,12,12,127017.5
ORD005984,2025-10-27,PROD004,WH002,33,33,56561.23
ORD005985,2025-10-27,PROD005,WH003,18,18,39144.21
ORD005986,2025-10-27,PROD006,WH003,8,8,168942.33
ORD005987,2025-10-27,PROD007,WH003,20,20,48728.86
ORD005988,2025-10-27,PROD008,WH003,27,27,24798.26
ORD005989,2025-10-27,PROD009,WH004,37,37,17141.5
ORD005990,2025-10-27,PROD010,WH001,43,43,11969.22
ORD005991,2025-10-27,PROD011,WH001,47,47,4869.96
ORD005992,2025-10-27,PROD012,WH001,31,31,30398.03
ORD005993,2025-10-27,PROD013,WH004,210,210,2539.49
ORD005994,2025-10-27,PROD014,WH004,97,97,3580.29
ORD005995,2025-10-27,PROD015,WH004,33,33,21051.2
ORD005996,2025-10-27,PROD016,WH004,24,24,34353.2
ORD005997,2025-10-27,PROD017,WH003,50,50,13449.82
ORD005998,2025-10-27,PROD018,WH003,29,29,37587.11
ORD005999,2025-10-27,PROD019,WH001,8,8,188993.38
ORD006000,2025-10-27,PROD020,WH001,11,11,102470.51
ORD006001,2025-10-28,PROD001,WH001,7,7,235164.07
ORD006002,2025-10-28,PROD002,WH001,6,6,403813.1
ORD006003,2025-10-28,PROD003,WH002,14,14,125796.43
ORD006004,2025-10-28,PROD004,WH002,16,16,56664.66
ORD006005,2025-10-28,PROD005,WH003,8,8,40940.47
ORD006006,2025-10-28,PROD006,WH003,14,14,160517.64
ORD006007,2025-10-28,PROD007,WH003,20,20,48735.3
ORD006008,2025-10-28,PROD008,WH003,23,23,24810.59
ORD006009,2025-10-28,PROD009,WH004,33,33,16542.19
ORD006010,2025-10-28,PROD010,WH001,47,47,12246.91
ORD006011,2025-10-28,PROD011,WH001,63,63,5042.14
ORD006012,2025-10-28,PROD012,WH001,20,20,29115.95
ORD006013,2025-10-28,PROD013,WH004,79,79,2465.13
ORD006014,2025-10-28,PROD014,WH004,35,35,3468.93
ORD006015,2025-10-28,PROD015,WH004,19,19,20776.45
ORD006016,2025-10-28,PROD016,WH004,22,22,33996.62
ORD006017,2025-10-28,PROD017,WH003,31,31,13521.71
ORD006018,2025-10-28,PROD018,WH003,49,49,37764.6
ORD006019,2025-10-28,PROD019,WH001,9,9,188082.18
ORD006020,2025-10-28,PROD020,WH001,9,9,100026.46
ORD006021,2025-10-29,PROD001,WH001,9,9,233284.06
ORD006022,2025-10-29,PROD002,WH001,5,5,413571.96
ORD006023,2025-10-29,PROD003,WH002,12,12,125794.87
ORD006024,2025-10-29,PROD004,WH002,20,20,57231.68
ORD006025,2025-10-29,PROD005,WH003,24,24,39230.84
ORD006026,2025-10-29,PROD006,WH003,8,8,160772.55
ORD006027,2025-10-29,PROD007,WH003,19,19,48251.55
ORD006028,2025-10-29,PROD008,WH003,11,11,25103.35
ORD006029,2025-10-29,PROD009,WH004,49,49,17033.98
ORD006030,2025-10-29,PROD010,WH001,43,43,12349.65
ORD006031,2025-10-29,PROD011,WH001,104,104,5009.46
ORD006032,2025-10-29,PROD012,WH001,22,22,30399.22
ORD006033,2025-10-29,PROD013,WH004,110,110,2441.94
ORD006034,2025-10-29,PROD014,WH004,58,58,3457.78
ORD006035,2025-10-29,PROD015,WH004,25,25,20717.06
ORD006036,2025-10-29,PROD016,WH004,12,12,34154.99
ORD006037,2025-10-29,PROD017,WH003,46,46,13362.96
ORD006038,2025-10-29,PROD018,WH003,20,20,38321.63
ORD006039,2025-10-29,PROD019,WH001,7,7,192167.02
ORD006040,2025-10-29,PROD020,WH001,10,10,97202.14
ORD006041,2025-10-30,PROD001,WH001,9,9,242012.51
ORD006042,2025-10-30,PROD002,WH001,5,5,400572.97
ORD006043,2025-10-30,PROD003,WH002,21,21,124738.51
ORD006044,2025-10-30,PROD004,WH002,20,20,58788.49
ORD006045,2025-10-30,PROD005,WH003,34,34,40488.03
ORD006046,2025-10-30,PROD006,WH003,8,8,163018.24
ORD006047,2025-10-30,PROD007,WH003,6,6,47344.41
ORD006048,2025-10-30,PROD008,WH003,35,35,24910.34
ORD006049,2025-10-30,PROD009,WH004,42,42,16682.44
ORD006050,2025-10-30,PROD010,WH001,54,54,12341.78
ORD006051,2025-10-30,PROD011,WH001,72,72,4953.48
ORD006052,2025-10-30,PROD012,WH001,16,16,30761.39
ORD006053,2025-10-30,PROD013,WH004,73,73,2561.24
ORD006054,2025-10-30,PROD014,WH004,89,89,3471.62
ORD006055,2025-10-30,PROD015,WH004,19,19,20690.15
ORD006056,2025-10-30,PROD016,WH004,16,16,34552.5
ORD006057,2025-10-30,PROD017,WH003,41,41,13280.8
ORD006058,2025-10-30,PROD018,WH003,37,37,38048.44
ORD006059,2025-10-30,PROD019,WH001,10,10,185561.86
ORD006060,2025-10-30,PROD020,WH001,9,9,99315.59
ORD006061,2025-10-31,PROD001,WH001,8,8,233925.43
ORD006062,2025-10-31,PROD002,WH001,5,5,404672.61
ORD006063,2025-10-31,PROD003,WH002,15,15,126239.7
ORD006064,2025-10-31,PROD004,WH002,16,16,59709.75
ORD006065,2025-10-31,PROD005,WH003,36,36,39411.54
ORD006066,2025-10-31,PROD006,WH003,5,5,164735.88
ORD006067,2025-10-31,PROD007,WH003,250,148,47850.37
ORD006068,2025-10-31,PROD008,WH003,15,15,24526.23
ORD006069,2025-10-31,PROD009,WH004,47,47,17112.27
ORD006070,2025-10-31,PROD010,WH001,16,16,12161.79
ORD006071,2025-10-31,PROD011,WH001,109,109,4894.17
ORD006072,2025-10-31,PROD012,WH001,24,24,30462.82
ORD006073,2025-10-31,PROD013,WH004,111,111,2530.02
ORD006074,2025-10-31,PROD014,WH004,56,56,3436.44
ORD006075,2025-10-31,PROD015,WH004,30,30,21187.67
ORD006076,2025-10-31,PROD016,WH004,24,24,33783.09
ORD006077,2025-10-31,PROD017,WH003,48,48,13646.72
ORD006078,2025-10-31,PROD018,WH003,35,35,37991.1
ORD006079,2025-10-31,PROD019,WH001,6,6,184848.77
ORD006080,2025-10-31,PROD020,WH001,8,8,101721.8
ORD006081,2025-11-01,PROD001,WH001,8,8,240800.64
ORD006082,2025-11-01,PROD002,WH001,7,7,415529.95
ORD006083,2025-11-01,PROD003,WH002,14,14,122195.54
ORD006084,2025-11-01,PROD004,WH002,20,20,58770.03
ORD006085,2025-11-01,PROD005,WH003,425,265,39792.8
ORD006086,2025-11-01,PROD006,WH003,8,8,167962.74
ORD006087,2025-11-01,PROD007,WH003,16,16,48285.6
ORD006088,2025-11-01,PROD008,WH003,33,33,24782.35
ORD006089,2025-11-01,PROD009,WH004,39,39,16695.96
ORD006090,2025-11-01,PROD010,WH001,67,67,12227.47
ORD006091,2025-11-01,PROD011,WH001,69,69,5018.06
ORD006092,2025-11-01,PROD012,WH001,18,18,30877.44
ORD006093,2025-11-01,PROD013,WH004,63,63,2481.02
ORD006094,2025-11-01,PROD014,WH004,62,62,3539.0
ORD006095,2025-11-01,PROD015,WH004,27,27,21154.75
ORD006096,2025-11-01,PROD016,WH004,17,17,34280.67
ORD006097,2025-11-01,PROD017,WH003,47,47,13691.95
ORD006098,2025-11-01,PROD018,WH003,30,30,37177.17
ORD006099,2025-11-01,PROD019,WH001,9,9,190565.94
ORD006100,2025-11-01,PROD020,WH001,13,13,100054.78
ORD006101,2025-11-02,PROD001,WH001,10,10,237732.43
ORD006102,2025-11-02,PROD002,WH001,8,8,408429.3
ORD006103,2025-11-02,PROD003,WH002,11,11,125141.09
ORD006104,2025-11-02,PROD004,WH002,28,28,57376.81
ORD006105,2025-11-02,PROD005,WH003,24,24,39503.58
ORD006106,2025-11-02,PROD006,WH003,11,11,167358.9
ORD006107,2025-11-02,PROD007,WH003,14,14,46752.72
ORD006108,2025-11-02,PROD008,WH003,32,32,24719.44
ORD006109,2025-11-02,PROD009,WH004,25,25,17156.79
ORD006110,2025-11-02,PROD010,WH001,52,52,11790.32
ORD006111,2025-11-02,PROD011,WH001,45,45,5021.68
ORD006112,2025-11-02,PROD012,WH001,19,19,29643.9
ORD006113,2025-11-02,PROD013,WH004,1834,959,2551.5
ORD006114,2025-11-02,PROD014,WH004,67,67,3468.5
ORD006115,2025-11-02,PROD015,WH004,27,27,20659.19
ORD006116,2025-11-02,PROD016,WH004,19,19,34061.41
ORD006117,2025-11-02,PROD017,WH003,35,35,13204.89
ORD006118,2025-11-02,PROD018,WH003,28,28,38678.26
ORD006119,2025-11-02,PROD019,WH001,5,5,192052.32
ORD006120,2025-11-02,PROD020,WH001,13,13,101623.05
ORD006121,2025-11-03,PROD001,WH001,8,8,238543.85
ORD006122,2025-11-03,PROD002,WH001,8,8,418241.08
ORD006123,2025-11-03,PROD003,WH002,101,69,124951.61
ORD006124,2025-11-03,PROD004,WH002,15,15,56589.55
ORD006125,2025-11-03,PROD005,WH003,31,31,39337.67
ORD006126,2025-11-03,PROD006,WH003,6,6,167089.42
ORD006127,2025-11-03,PROD007,WH003,19,19,49141.7
ORD006128,2025-11-03,PROD008,WH003,48,48,24392.78
ORD006129,2025-11-03,PROD009,WH004,35,35,17371.5
ORD006130,2025-11-03,PROD010,WH001,51,51,12215.33
ORD006131,2025-11-03,PROD011,WH001,73,73,4956.97
ORD006132,2025-11-03,PROD012,WH001,25,25,30340.7
ORD006133,2025-11-03,PROD013,WH004,106,106,2453.04
ORD006134,2025-11-03,PROD014,WH004,67,67,3565.81
ORD006135,2025-11-03,PROD015,WH004,26,26,21198.25
ORD006136,2025-11-03,PROD016,WH004,18,18,33875.21
ORD006137,2025-11-03,PROD017,WH003,39,39,13795.26
ORD006138,2025-11-03,PROD018,WH003,42,42,37177.45
ORD006139,2025-11-03,PROD019,WH001,6,6,193941.96
ORD006140,2025-11-03,PROD020,WH001,17,17,97143.32
ORD006141,2025-11-04,PROD001,WH001,6,6,243646.09
ORD006142,2025-11-04,PROD002,WH001,41,28,411804.76
ORD006143,2025-11-04,PROD003,WH002,17,17,126475.42
ORD006144,2025-11-04,PROD004,WH002,27,27,57694.96
ORD006145,2025-11-04,PROD005,WH003,19,19,40874.66
ORD006146,2025-11-04,PROD006,WH003,9,9,163150.18
ORD006147,2025-11-04,PROD007,WH003,24,24,47351.87
ORD006148,2025-11-04,PROD008,WH003,23,23,24702.63
ORD006149,2025-11-04,PROD009,WH004,44,44,17279.85
ORD006150,2025-11-04,PROD010,WH001,26,26,11996.61
ORD006151,2025-11-04,PROD011,WH001,68,68,5011.13
ORD006152,2025-11-04,PROD012,WH001,17,17,30596.98
ORD006153,2025-11-04,PROD013,WH004,125,125,2550.0
ORD006154,2025-11-04,PROD014,WH004,71,71,3428.97
ORD006155,2025-11-04,PROD015,WH004,34,34,21062.71
ORD006156,2025-11-04,PROD016,WH004,23,23,33237.08
ORD006157,2025-11-04,PROD017,WH003,72,72,13798.51
ORD006158,2025-11-04,PROD018,WH003,37,37,38768.37
ORD006159,2025-11-04,PROD019,WH001,8,8,193982.58
ORD006160,2025-11-04,PROD020,WH001,9,9,101229.15
ORD006161,2025-11-05,PROD001,WH001,6,6,239523.03
ORD006162,2025-11-05,PROD002,WH001,4,4,407656.14
ORD006163,2025-11-05,PROD003,WH002,16,16,124214.18
ORD006164,2025-11-05,PROD004,WH002,19,19,56490.42
ORD006165,2025-11-05,PROD005,WH003,27,27,41077.29
ORD006166,2025-11-05,PROD006,WH003,7,7,164507.73
ORD006167,2025-11-05,PROD007,WH003,23,23,49238.73
ORD006168,2025-11-05,PROD008,WH003,33,33,25568.89
ORD006169,2025-11-05,PROD009,WH004,36,36,17335.18
ORD006170,2025-11-05,PROD010,WH001,54,54,12063.58
ORD006171,2025-11-05,PROD011,WH001,74,74,4880.47
ORD006172,2025-11-05,PROD012,WH001,22,22,29683.04
ORD006173,2025-11-05,PROD013,WH004,107,107,2515.54
ORD006174,2025-11-05,PROD014,WH004,28,28,3397.83
ORD006175,2025-11-05,PROD015,WH004,45,45,20423.71
ORD006176,2025-11-05,PROD016,WH004,11,11,34362.43
ORD006177,2025-11-05,PROD017,WH003,34,34,13814.44
ORD006178,2025-11-05,PROD018,WH003,27,27,38809.77
ORD006179,2025-11-05,PROD019,WH001,7,7,186216.86
ORD006180,2025-11-05,PROD020,WH001,11,11,102467.4
ORD006181,2025-11-06,PROD001,WH001,7,7,242826.75
ORD006182,2025-11-06,PROD002,WH001,4,4,415321.62
ORD006183,2025-11-06,PROD003,WH002,19,19,123530.31
ORD006184,2025-11-06,PROD004,WH002,19,19,58751.67
ORD006185,2025-11-06,PROD005,WH003,22,22,40503.45
ORD006186,2025-11-06,PROD006,WH003,8,8,165937.19
ORD006187,2025-11-06,PROD007,WH003,34,34,47588.99
ORD006188,2025-11-06,PROD008,WH003,428,319,25466.52
ORD006189,2025-11-06,PROD009,WH004,31,31,17446.27
ORD006190,2025-11-06,PROD010,WH001,28,28,12266.32
ORD006191,2025-11-06,PROD011,WH001,52,52,4922.89
ORD006192,2025-11-06,PROD012,WH001,22,22,29902.21
ORD006193,2025-11-06,PROD013,WH004,90,90,2476.36
ORD006194,2025-11-06,PROD014,WH004,72,72,3543.57
ORD006195,2025-11-06,PROD015,WH004,30,30,21417.68
ORD006196,2025-11-06,PROD016,WH004,25,25,33420.22
ORD006197,2025-11-06,PROD017,WH003,43,43,13862.29
ORD006198,2025-11-06,PROD018,WH003,32,32,38404.31
ORD006199,2025-11-06,PROD019,WH001,6,6,186790.31
ORD006200,2025-11-06,PROD020,WH001,14,14,99226.57
ORD006201,2025-11-07,PROD001,WH001,7,7,234306.34
ORD006202,2025-11-07,PROD002,WH001,5,5,412387.9
ORD006203,2025-11-07,PROD003,WH002,14,14,122518.94
ORD006204,2025-11-07,PROD004,WH002,22,22,58671.95
ORD006205,2025-11-07,PROD005,WH003,28,28,40569.39
ORD006206,2025-11-07,PROD006,WH003,10,10,164795.41
ORD006207,2025-11-07,PROD007,WH003,17,17,46830.19
ORD006208,2025-11-07,PROD008,WH003,34,34,25166.31
ORD006209,2025-11-07,PROD009,WH004,20,20,16869.65
ORD006210,2025-11-07,PROD010,WH001,41,41,12323.75
ORD006211,2025-11-07,PROD011,WH001,66,66,5003.96
ORD006212,2025-11-07,PROD012,WH001,23,23,29230.08
ORD006213,2025-11-07,PROD013,WH004,110,110,2520.41
ORD006214,2025-11-07,PROD014,WH004,86,86,3558.66
ORD006215,2025-11-07,PROD015,WH004,33,33,20572.23
ORD006216,2025-11-07,PROD016,WH004,17,17,33896.08
ORD006217,2025-11-07,PROD017,WH003,37,37,13696.99
ORD006218,2025-11-07,PROD018,WH003,39,39,36906.73
ORD006219,2025-11-07,PROD019,WH001,11,11,184630.26
ORD006220,2025-11-07,PROD020,WH001,16,16,101061.47
ORD006221,2025-11-08,PROD001,WH001,9,9,243241.82
ORD006222,2025-11-08,PROD002,WH001,7,7,418508.39
ORD006223,2025-11-08,PROD003,WH002,10,10,124247.0
ORD006224,2025-11-08,PROD004,WH002,20,20,57616.42
ORD006225,2025-11-08,PROD005,WH003,27,27,40125.68
ORD006226,2025-11-08,PROD006,WH003,14,14,167547.54
ORD006227,2025-11-08,PROD007,WH003,150,89,48406.06
ORD006228,2025-11-08,PROD008,WH003,25,25,24740.98
ORD006229,2025-11-08,PROD009,WH004,191,132,16843.48
ORD006230,2025-11-08,PROD010,WH001,58,58,12189.36
ORD006231,2025-11-08,PROD011,WH001,86,86,5010.39
ORD006232,2025-11-08,PROD012,WH001,13,13,29276.36
ORD006233,2025-11-08,PROD013,WH004,76,76,2447.95
ORD006234,2025-11-08,PROD014,WH004,84,84,3573.75
ORD006235,2025-11-08,PROD015,WH004,45,45,21628.49
ORD006236,2025-11-08,PROD016,WH004,18,18,33664.79
ORD006237,2025-11-08,PROD017,WH003,46,46,13408.23
ORD006238,2025-11-08,PROD018,WH003,43,43,37212.23
ORD006239,2025-11-08,PROD019,WH001,7,7,186987.13
ORD006240,2025-11-08,PROD020,WH001,12,12,99547.78
ORD006241,2025-11-09,PROD001,WH001,7,7,236895.21
ORD006242,2025-11-09,PROD002,WH001,5,5,414955.05
ORD006243,2025-11-09,PROD003,WH002,24,24,125283.87
ORD006244,2025-11-09,PROD004,WH002,18,18,59121.59
ORD006245,2025-11-09,PROD005,WH003,29,29,40538.86
ORD006246,2025-11-09,PROD006,WH003,8,8,161318.2
ORD006247,2025-11-09,PROD007,WH003,24,24,46915.36
ORD006248,2025-11-09,PROD008,WH003,31,31,25593.47
ORD006249,2025-11-09,PROD009,WH004,40,40,17325.9
ORD006250,2025-11-09,PROD010,WH001,61,61,11976.9
ORD006251,2025-11-09,PROD011,WH001,75,75,4889.11
ORD006252,2025-11-09,PROD012,WH001,39,39,30717.44
ORD006253,2025-11-09,PROD013,WH004,85,85,2459.61
ORD006254,2025-11-09,PROD014,WH004,48,48,3402.46
ORD006255,2025-11-09,PROD015,WH004,20,20,21534.54
ORD006256,2025-11-09,PROD016,WH004,24,24,34630.23
ORD006257,2025-11-09,PROD017,WH003,50,50,13656.72
ORD006258,2025-11-09,PROD018,WH003,516,327,36937.59
ORD006259,2025-11-09,PROD019,WH001,7,7,190324.12
ORD006260,2025-11-09,PROD020,WH001,9,9,100921.82
ORD006261,2025-11-10,PROD001,WH001,8,8,243734.6
ORD006262,2025-11-10,PROD002,WH001,5,5,409288.42
ORD006263,2025-11-10,PROD003,WH002,15,15,128400.12
ORD006264,2025-11-10,PROD004,WH002,21,21,57111.84
ORD006265,2025-11-10,PROD005,WH003,18,18,38967.36
ORD006266,2025-11-10,PROD006,WH003,8,8,163344.39
ORD006267,2025-11-10,PROD007,WH003,13,13,48466.0
ORD006268,2025-11-10,PROD008,WH003,27,27,25355.74
ORD006269,2025-11-10,PROD009,WH004,28,28,17243.27
ORD006270,2025-11-10,PROD010,WH001,43,43,11719.69
ORD006271,2025-11-10,PROD011,WH001,89,89,5115.53
ORD006272,2025-11-10,PROD012,WH001,26,26,29605.5
ORD006273,2025-11-10,PROD013,WH004,83,83,2456.49
ORD006274,2025-11-10,PROD014,WH004,112,112,3524.04
ORD006275,2025-11-10,PROD015,WH004,31,31,20636.93
ORD006276,2025-11-10,PROD016,WH004,20,20,34016.4
ORD006277,2025-11-10,PROD017,WH003,34,34,13424.69
ORD006278,2025-11-10,PROD018,WH003,22,22,37389.04
ORD006279,2025-11-10,PROD019,WH001,5,5,187629.48
ORD006280,2025-11-10,PROD020,WH001,10,10,99564.44
ORD006281,2025-11-11,PROD001,WH001,7,7,237784.71
ORD006282,2025-11-11,PROD002,WH001,7,7,407086.76
ORD006283,2025-11-11,PROD003,WH002,17,17,126765.76
ORD006284,2025-11-11,PROD004,WH002,15,15,56845.96
ORD006285,2025-11-11,PROD005,WH003,16,16,40306.28
ORD006286,2025-11-11,PROD006,WH003,9,9,166763.76
ORD006287,2025-11-11,PROD007,WH003,18,18,48870.01
ORD006288,2025-11-11,PROD008,WH003,21,21,25520.99
ORD006289,2025-11-11,PROD009,WH004,40,40,16651.84
ORD006290,2025-11-11,PROD010,WH001,46,46,11739.55
ORD006291,2025-11-11,PROD011,WH001,54,54,5034.43
ORD006292,2025-11-11,PROD012,WH001,43,43,30462.45
ORD006293,2025-11-11,PROD013,WH004,79,79,2465.85
ORD006294,2025-11-11,PROD014,WH004,67,67,3505.43
ORD006295,2025-11-11,PROD015,WH004,32,32,21343.02
ORD006296,2025-11-11,PROD016,WH004,17,17,34545.71
ORD006297,2025-11-11,PROD017,WH003,32,32,13624.59
ORD006298,2025-11-11,PROD018,WH003,55,55,37039.64
ORD006299,2025-11-11,PROD019,WH001,5,5,184877.34
ORD006300,2025-11-11,PROD020,WH001,12,12,99330.67
ORD006301,2025-11-12,PROD001,WH001,12,12,233184.3
ORD006302,2025-11-12,PROD002,WH001,5,5,419941.95
ORD006303,2025-11-12,PROD003,WH002,15,15,121401.08
ORD006304,2025-11-12,PROD004,WH002,20,20,56363.05
ORD006305,2025-11-12,PROD005,WH003,26,26,39196.79
ORD006306,2025-11-12,PROD006,WH003,10,10,166257.45
ORD006307,2025-11-12,PROD007,WH003,22,22,48119.68
ORD006308,2025-11-12,PROD008,WH003,26,26,25239.23
ORD006309,2025-11-12,PROD009,WH004,37,37,17401.43
ORD006310,2025-11-12,PROD010,WH001,38,38,11967.56
ORD006311,2025-11-12,PROD011,WH001,90,90,4863.16
ORD006312,2025-11-12,PROD012,WH001,15,15,30474.29
ORD006313,2025-11-12,PROD013,WH004,116,116,2546.79
ORD006314,2025-11-12,PROD014,WH004,78,78,3405.48
ORD006315,2025-11-12,PROD015,WH004,38,38,20675.99
ORD006316,2025-11-12,PROD016,WH004,19,19,34552.02
ORD006317,2025-11-12,PROD017,WH003,31,31,13399.69
ORD006318,2025-11-12,PROD018,WH003,37,37,37937.65
ORD006319,2025-11-12,PROD019,WH001,8,8,193684.2
ORD006320,2025-11-12,PROD020,WH001,15,15,97567.72
ORD006321,2025-11-13,PROD001,WH001,5,5,242552.89
ORD006322,2025-11-13,PROD002,WH001,3,3,402988.62
ORD006323,2025-11-13,PROD003,WH002,157,89,121719.89
ORD006324,2025-11-13,PROD004,WH002,9,9,58565.49
ORD006325,2025-11-13,PROD005,WH003,17,17,39091.39
ORD006326,2025-11-13,PROD006,WH003,10,10,167445.37
ORD006327,2025-11-13,PROD007,WH003,30,30,47143.79
ORD006328,2025-11-13,PROD008,WH003,37,37,24322.77
ORD006329,2025-11-13,PROD009,WH004,50,50,16591.28
ORD006330,2025-11-13,PROD010,WH001,26,26,12245.71
ORD006331,2025-11-13,PROD011,WH001,49,49,4961.29
ORD006332,2025-11-13,PROD012,WH001,27,27,29644.08
ORD006333,2025-11-13,PROD013,WH004,76,76,2498.68
ORD006334,2025-11-13,PROD014,WH004,48,48,3527.92
ORD006335,2025-11-13,PROD015,WH004,47,47,20416.75
ORD006336,2025-11-13,PROD016,WH004,17,17,34812.3
ORD006337,2025-11-13,PROD017,WH003,50,50,13871.37
ORD006338,2025-11-13,PROD018,WH003,29,29,37811.46
ORD006339,2025-11-13,PROD019,WH001,8,8,189003.97
ORD006340,2025-11-13,PROD020,WH001,15,15,102271.36
ORD006341,2025-11-14,PROD001,WH001,6,6,238982.09
ORD006342,2025-11-14,PROD002,WH001,4,4,418762.27
ORD006343,2025-11-14,PROD003,WH002,17,17,121462.53
ORD006344,2025-11-14,PROD004,WH002,12,12,57963.98
ORD006345,2025-11-14,PROD005,WH003,27,27,41085.83
ORD006346,2025-11-14,PROD006,WH003,8,8,162552.77
ORD006347,2025-11-14,PROD007,WH003,248,190,47326.53
ORD006348,2025-11-14,PROD008,WH003,24,24,25195.18
ORD006349,2025-11-14,PROD009,WH004,30,30,17434.71
ORD006350,2025-11-14,PROD010,WH001,46,46,11783.09
ORD006351,2025-11-14,PROD011,WH001,100,100,5126.5
ORD006352,2025-11-14,PROD012,WH001,22,22,30293.41
ORD006353,2025-11-14,PROD013,WH004,602,339,2573.96
ORD006354,2025-11-14,PROD014,WH004,63,63,3549.66
ORD006355,2025-11-14,PROD015,WH004,31,31,21211.43
ORD006356,2025-11-14,PROD016,WH004,20,20,34642.4
ORD006357,2025-11-14,PROD017,WH003,32,32,13236.86
ORD006358,2025-11-14,PROD018,WH003,44,44,39016.85
ORD006359,2025-11-14,PROD019,WH001,5,5,186187.79
ORD006360,2025-11-14,PROD020,WH001,28,28,97154.02
ORD006361,2025-11-15,PROD001,WH001,7,7,242849.14
ORD006362,2025-11-15,PROD002,WH001,5,5,402241.05
ORD006363,2025-11-15,PROD003,WH002,15,15,126940.65
ORD006364,2025-11-15,PROD004,WH002,20,20,59026.74
ORD006365,2025-11-15,PROD005,WH003,24,24,39368.08
ORD006366,2025-11-15,PROD006,WH003,10,10,160908.53
ORD006367,2025-11-15,PROD007,WH003,18,18,48002.36
ORD006368,2025-11-15,PROD008,WH003,28,28,25585.33
ORD006369,2025-11-15,PROD009,WH004,23,23,17354.24
ORD006370,2025-11-15,PROD010,WH001,60,60,11724.3
ORD006371,2025-11-15,PROD011,WH001,91,91,5139.43
ORD006372,2025-11-15,PROD012,WH001,20,20,29575.11
ORD006373,2025-11-15,PROD013,WH004,63,63,2477.41
ORD006374,2025-11-15,PROD014,WH004,71,71,3426.3
ORD006375,2025-11-15,PROD015,WH004,36,36,20846.03
ORD006376,2025-11-15,PROD016,WH004,16,16,34276.71
ORD006377,2025-11-15,PROD017,WH003,49,49,13504.92
ORD006378,2025-11-15,PROD018,WH003,50,50,38746.79
ORD006379,2025-11-15,PROD019,WH001,6,6,191610.83
ORD006380,2025-11-15,PROD020,WH001,129,70,98581.27
ORD006381,2025-11-16,PROD001,WH001,10,10,240827.11
ORD006382,2025-11-16,PROD002,WH001,4,4,399279.1
ORD006383,2025-11-16,PROD003,WH002,77,64,125605.93
ORD006384,2025-11-16,PROD004,WH002,20,20,57616.03
ORD006385,2025-11-16,PROD005,WH003,20,20,39036.16
ORD006386,2025-11-16,PROD006,WH003,12,12,163093.89
ORD006387,2025-11-16,PROD007,WH003,21,21,49146.49
ORD006388,2025-11-16,PROD008,WH003,32,32,25129.06
ORD006389,2025-11-16,PROD009,WH004,36,36,17411.33
ORD006390,2025-11-16,PROD010,WH001,38,38,11935.78
ORD006391,2025-11-16,PROD011,WH001,86,86,5143.67
ORD006392,2025-11-16,PROD012,WH001,29,29,29748.03
ORD006393,2025-11-16,PROD013,WH004,99,99,2538.52
ORD006394,2025-11-16,PROD014,WH004,94,94,3459.13
ORD006395,2025-11-16,PROD015,WH004,28,28,20503.55
ORD006396,2025-11-16,PROD016,WH004,24,24,34679.44
ORD006397,2025-11-16,PROD017,WH003,45,45,13712.69
ORD006398,2025-11-16,PROD018,WH003,23,23,38731.03
ORD006399,2025-11-16,PROD019,WH001,4,4,187716.52
ORD006400,2025-11-16,PROD020,WH001,8,8,101221.97
ORD006401,2025-11-17,PROD001,WH001,10,10,235966.89
ORD006402,2025-11-17,PROD002,WH001,4,4,397978.26
ORD006403,2025-11-17,PROD003,WH002,40,40,127748.67
ORD006404,2025-11-17,PROD004,WH002,18,18,58081.87
ORD006405,2025-11-17,PROD005,WH003,21,21,41160.77
ORD006406,2025-11-17,PROD006,WH003,10,10,163861.85
ORD006407,2025-11-17,PROD007,WH003,18,18,49315.79
ORD006408,2025-11-17,PROD008,WH003,39,39,25172.59
ORD006409,2025-11-17,PROD009,WH004,30,30,17012.45
ORD006410,2025-11-17,PROD010,WH001,39,39,11858.02
ORD006411,2025-11-17,PROD011,WH001,63,63,5097.58
ORD006412,2025-11-17,PROD012,WH001,15,15,30591.83
ORD006413,2025-11-17,PROD013,WH004,104,104,2487.54
ORD006414,2025-11-17,PROD014,WH004,104,104,3547.73
ORD006415,2025-11-17,PROD015,WH004,28,28,20933.52
ORD006416,2025-11-17,PROD016,WH004,20,20,34488.9
ORD006417,2025-11-17,PROD017,WH003,47,47,13900.29
ORD006418,2025-11-17,PROD018,WH003,32,32,37458.49
ORD006419,2025-11-17,PROD019,WH001,5,5,191528.2
ORD006420,2025-11-17,PROD020,WH001,16,16,99279.27
ORD006421,2025-11-18,PROD001,WH001,9,9,240696.55
ORD006422,2025-11-18,PROD002,WH001,5,5,419204.02
ORD006423,2025-11-18,PROD003,WH002,18,18,123856.82
ORD006424,2025-11-18,PROD004,WH002,14,14,56511.91
ORD006425,2025-11-18,PROD005,WH003,26,26,40717.45
ORD006426,2025-11-18,PROD006,WH003,10,10,165544.75
ORD006427,2025-11-18,PROD007,WH003,24,24,47854.27
ORD006428,2025-11-18,PROD008,WH003,40,40,24525.0
ORD006429,2025-11-18,PROD009,WH004,24,24,16584.71
ORD006430,2025-11-18,PROD010,WH001,66,66,11840.69
ORD006431,2025-11-18,PROD011,WH001,118,118,5065.67
ORD006432,2025-11-18,PROD012,WH001,21,21,29841.19
ORD006433,2025-11-18,PROD013,WH004,115,115,2510.53
ORD006434,2025-11-18,PROD014,WH004,82,82,3412.23
ORD006435,2025-11-18,PROD015,WH004,27,27,20525.29
ORD006436,2025-11-18,PROD016,WH004,21,21,33003.06
ORD006437,2025-11-18,PROD017,WH003,45,45,13640.36
ORD006438,2025-11-18,PROD018,WH003,39,39,37462.96
ORD006439,2025-11-18,PROD019,WH001,8,8,195322.96
ORD006440,2025-11-18,PROD020,WH001,2,2,98850.73
ORD006441,2025-11-19,PROD001,WH001,7,7,238036.1
ORD006442,2025-11-19,PROD002,WH001,8,8,409249.45
ORD006443,2025-11-19,PROD003,WH002,21,21,123643.56
ORD006444,2025-11-19,PROD004,WH002,23,23,59104.7
ORD006445,2025-11-19,PROD005,WH003,24,24,40902.9
ORD006446,2025-11-19,PROD006,WH003,13,13,160159.26
ORD006447,2025-11-19,PROD007,WH003,16,16,48445.43
ORD006448,2025-11-19,PROD008,WH003,37,37,25279.13
ORD006449,2025-11-19,PROD009,WH004,40,40,17470.65
ORD006450,2025-11-19,PROD010,WH001,51,51,11906.69
ORD006451,2025-11-19,PROD011,WH001,55,55,4908.58
ORD006452,2025-11-19,PROD012,WH001,17,17,30037.05
ORD006453,2025-11-19,PROD013,WH004,72,72,2492.13
ORD006454,2025-11-19,PROD014,WH004,86,86,3561.26
ORD006455,2025-11-19,PROD015,WH004,43,43,21509.01
ORD006456,2025-11-19,PROD016,WH004,18,18,33156.88
ORD006457,2025-11-19,PROD017,WH003,41,41,13780.73
ORD006458,2025-11-19,PROD018,WH003,37,37,38932.45
ORD006459,2025-11-19,PROD019,WH001,12,12,194835.15
ORD006460,2025-11-19,PROD020,WH001,12,12,101585.86
ORD006461,2025-11-20,PROD001,WH001,7,7,243485.99
ORD006462,2025-11-20,PROD002,WH001,4,4,398066.46
ORD006463,2025-11-20,PROD003,WH002,14,14,128151.44
ORD006464,2025-11-20,PROD004,WH002,20,20,57483.24
ORD006465,2025-11-20,PROD005,WH003,21,21,38898.69
ORD006466,2025-11-20,PROD006,WH003,11,11,164138.5
ORD006467,2025-11-20,PROD007,WH003,21,21,48670.62
ORD006468,2025-11-20,PROD008,WH003,26,26,24912.93
ORD006469,2025-11-20,PROD009,WH004,36,36,17263.17
ORD006470,2025-11-20,PROD010,WH001,45,45,12006.77
ORD006471,2025-11-20,PROD011,WH001,50,50,4939.83
ORD006472,2025-11-20,PROD012,WH001,24,24,29465.24
ORD006473,2025-11-20,PROD013,WH004,101,101,2488.17
ORD006474,2025-11-20,PROD014,WH004,71,71,3402.52
ORD006475,2025-11-20,PROD015,WH004,25,25,20902.41
ORD006476,2025-11-20,PROD016,WH004,17,17,33119.98
ORD006477,2025-11-20,PROD017,WH003,597,336,13805.37
ORD006478,2025-11-20,PROD018,WH003,44,44,38172.1
ORD006479,2025-11-20,PROD019,WH001,10,10,191664.89
ORD006480,2025-11-20,PROD020,WH001,6,6,98733.18
ORD006481,2025-11-21,PROD001,WH001,11,11,236051.82
ORD006482,2025-11-21,PROD002,WH001,7,7,415114.47
ORD006483,2025-11-21,PROD003,WH002,13,13,126286.74
ORD006484,2025-11-21,PROD004,WH002,19,19,56686.92
ORD006485,2025-11-21,PROD005,WH003,18,18,39372.74
ORD006486,2025-11-21,PROD006,WH003,7,7,169421.1
ORD006487,2025-11-21,PROD007,WH003,17,17,47436.03
ORD006488,2025-11-21,PROD008,WH003,19,19,24288.75
ORD006489,2025-11-21,PROD009,WH004,44,44,16555.06
ORD006490,2025-11-21,PROD010,WH001,37,37,12198.36
ORD006491,2025-11-21,PROD011,WH001,71,71,5077.15
ORD006492,2025-11-21,PROD012,WH001,24,24,29787.29
ORD006493,2025-11-21,PROD013,WH004,95,95,2447.98
ORD006494,2025-11-21,PROD014,WH004,65,65,3499.6
ORD006495,2025-11-21,PROD015,WH004,19,19,20788.18
ORD006496,2025-11-21,PROD016,WH004,13,13,33742.9
ORD006497,2025-11-21,PROD017,WH003,26,26,13306.4
ORD006498,2025-11-21,PROD018,WH003,15,15,37003.32
ORD006499,2025-11-21,PROD019,WH001,6,6,193319.22
ORD006500,2025-11-21,PROD020,WH001,6,6,100709.32
ORD006501,2025-11-22,PROD001,WH001,9,9,244818.75
ORD006502,2025-11-22,PROD002,WH001,8,8,410078.77
ORD006503,2025-11-22,PROD003,WH002,14,14,128637.4
ORD006504,2025-11-22,PROD004,WH002,24,24,59609.59
ORD006505,2025-11-22,PROD005,WH003,31,31,39452.28
ORD006506,2025-11-22,PROD006,WH003,11,11,163881.07
ORD006507,2025-11-22,PROD007,WH003,18,18,48727.8
ORD006508,2025-11-22,PROD008,WH003,40,40,25414.91
ORD006509,2025-11-22,PROD009,WH004,33,33,17418.91
ORD006510,2025-11-22,PROD010,WH001,65,65,12109.9
ORD006511,2025-11-22,PROD011,WH001,55,55,4992.54
ORD006512,2025-11-22,PROD012,WH001,26,26,29779.77
ORD006513,2025-11-22,PROD013,WH004,110,110,2487.88
ORD006514,2025-11-22,PROD014,WH004,80,80,3573.59
ORD006515,2025-11-22,PROD015,WH004,35,35,21604.81
ORD006516,2025-11-22,PROD016,WH004,15,15,33085.89
ORD006517,2025-11-22,PROD017,WH003,31,31,13565.0
ORD006518,2025-11-22,PROD018,WH003,47,47,38045.72
ORD006519,2025-11-22,PROD019,WH001,7,7,188588.02
ORD006520,2025-11-22,PROD020,WH001,17,17,102109.46
ORD006521,2025-11-23,PROD001,WH001,11,11,241090.7
ORD006522,2025-11-23,PROD002,WH001,7,7,405402.66
ORD006523,2025-11-23,PROD003,WH002,15,15,124580.78
ORD006524,2025-11-23,PROD004,WH002,22,22,57501.68
ORD006525,2025-11-23,PROD005,WH003,16,16,39832.21
ORD006526,2025-11-23,PROD006,WH003,7,7,160755.53
ORD006527,2025-11-23,PROD007,WH003,16,16,46882.32
ORD006528,2025-11-23,PROD008,WH003,39,39,25185.54
ORD006529,2025-11-23,PROD009,WH004,21,21,17187.75
ORD006530,2025-11-23,PROD010,WH001,22,22,12098.37
ORD006531,2025-11-23,PROD011,WH001,87,87,5078.92
ORD006532,2025-11-23,PROD012,WH001,18,18,30798.36
ORD006533,2025-11-23,PROD013,WH004,175,175,2554.09
ORD006534,2025-11-23,PROD014,WH004,90,90,3482.89
ORD006535,2025-11-23,PROD015,WH004,16,16,20644.1
ORD006536,2025-11-23,PROD016,WH004,20,20,33616.18
ORD006537,2025-11-23,PROD017,WH003,55,55,13571.07
ORD006538,2025-11-23,PROD018,WH003,24,24,38812.16
ORD006539,2025-11-23,PROD019,WH001,7,7,192299.66
ORD006540,2025-11-23,PROD020,WH001,11,11,100258.08
ORD006541,2025-11-24,PROD001,WH001,6,6,241467.05
ORD006542,2025-11-24,PROD002,WH001,6,6,410695.23
ORD006543,2025-11-24,PROD003,WH002,17,17,128537.21
ORD006544,2025-11-24,PROD004,WH002,19,19,59100.0
ORD006545,2025-11-24,PROD005,WH003,10,10,40675.07
ORD006546,2025-11-24,PROD006,WH003,3,3,165171.56
ORD006547,2025-11-24,PROD007,WH003,15,15,47515.61
ORD006548,2025-11-24,PROD008,WH003,26,26,24279.27
ORD006549,2025-11-24,PROD009,WH004,33,33,16534.3
ORD006550,2025-11-24,PROD010,WH001,53,53,11661.77
ORD006551,2025-11-24,PROD011,WH001,59,59,5144.14
ORD006552,2025-11-24,PROD012,WH001,28,28,29306.07
ORD006553,2025-11-24,PROD013,WH004,90,90,2446.32
ORD006554,2025-11-24,PROD014,WH004,71,71,3496.67
ORD006555,2025-11-24,PROD015,WH004,27,27,20976.57
ORD006556,2025-11-24,PROD016,WH004,369,205,34856.75
ORD006557,2025-11-24,PROD017,WH003,49,49,13154.56
ORD006558,2025-11-24,PROD018,WH003,35,35,39042.51
ORD006559,2025-11-24,PROD019,WH001,6,6,186766.85
ORD006560,2025-11-24,PROD020,WH001,11,11,102820.92
ORD006561,2025-11-25,PROD001,WH001,10,10,240595.07
ORD006562,2025-11-25,PROD002,WH001,7,7,413739.51
ORD006563,2025-11-25,PROD003,WH002,10,10,123617.97
ORD006564,2025-11-25,PROD004,WH002,12,12,58389.15
ORD006565,2025-11-25,PROD005,WH003,24,24,40505.99
ORD006566,2025-11-25,PROD006,WH003,11,11,160152.66
ORD006567,2025-11-25,PROD007,WH003,18,18,46658.58
ORD006568,2025-11-25,PROD008,WH003,22,22,25729.72
ORD006569,2025-11-25,PROD009,WH004,38,38,16956.71
ORD006570,2025-11-25,PROD010,WH001,42,42,12313.79
ORD006571,2025-11-25,PROD011,WH001,73,73,5068.97
ORD006572,2025-11-25,PROD012,WH001,27,27,29771.34
ORD006573,2025-11-25,PROD013,WH004,105,105,2447.63
ORD006574,2025-11-25,PROD014,WH004,90,90,3600.41
ORD006575,2025-11-25,PROD015,WH004,29,29,21106.47
ORD006576,2025-11-25,PROD016,WH004,25,25,33372.41
ORD006577,2025-11-25,PROD017,WH003,43,43,13647.14
ORD006578,2025-11-25,PROD018,WH003,29,29,37069.87
ORD006579,2025-11-25,PROD019,WH001,6,6,194195.62
ORD006580,2025-11-25,PROD020,WH001,8,8,97540.82
ORD006581,2025-11-26,PROD001,WH001,9,9,236201.2
ORD006582,2025-11-26,PROD002,WH001,6,6,399949.2
ORD006583,2025-11-26,PROD003,WH002,18,18,122028.4
ORD006584,2025-11-26,PROD004,WH002,16,16,58082.94
ORD006585,2025-11-26,PROD005,WH003,18,18,40448.78
ORD006586,2025-11-26,PROD006,WH003,9,9,167855.97
ORD006587,2025-11-26,PROD007,WH003,22,22,48561.76
ORD006588,2025-11-26,PROD008,WH003,23,23,24795.23
ORD006589,2025-11-26,PROD009,WH004,45,45,17058.43
ORD006590,2025-11-26,PROD010,WH001,50,50,12307.92
ORD006591,2025-11-26,PROD011,WH001,72,72,4966.27
ORD006592,2025-11-26,PROD012,WH001,19,19,29554.33
ORD006593,2025-11-26,PROD013,WH004,100,100,2502.9
ORD006594,2025-11-26,PROD014,WH004,84,84,3457.44
ORD006595,2025-11-26,PROD015,WH004,43,43,20699.89
ORD006596,2025-11-26,PROD016,WH004,19,19,34568.76
ORD006597,2025-11-26,PROD017,WH003,48,48,13816.58
ORD006598,2025-11-26,PROD018,WH003,29,29,38005.28
ORD006599,2025-11-26,PROD019,WH001,8,8,193189.52
ORD006600,2025-11-26,PROD020,WH001,15,15,98122.54
ORD006601,2025-11-27,PROD001,WH001,7,7,240686.06
ORD006602,2025-11-27,PROD002,WH001,7,7,413350.52
ORD006603,2025-11-27,PROD003,WH002,11,11,124929.98
ORD006604,2025-11-27,PROD004,WH002,27,27,56666.74
ORD006605,2025-11-27,PROD005,WH003,26,26,40561.84
ORD006606,2025-11-27,PROD006,WH003,11,11,168356.87
ORD006607,2025-11-27,PROD007,WH003,15,15,48389.45
ORD006608,2025-11-27,PROD008,WH003,17,17,24503.74
ORD006609,2025-11-27,PROD009,WH004,23,23,16566.04
ORD006610,2025-11-27,PROD010,WH001,47,47,11857.15
ORD006611,2025-11-27,PROD011,WH001,57,57,4861.1
ORD006612,2025-11-27,PROD012,WH001,20,20,30610.59
ORD006613,2025-11-27,PROD013,WH004,1425,1126,2530.46
ORD006614,2025-11-27,PROD014,WH004,49,49,3513.37
ORD006615,2025-11-27,PROD015,WH004,35,35,21490.94
ORD006616,2025-11-27,PROD016,WH004,25,25,33204.59
ORD006617,2025-11-27,PROD017,WH003,49,49,13673.71
ORD006618,2025-11-27,PROD018,WH003,33,33,37194.32
ORD006619,2025-11-27,PROD019,WH001,5,5,184994.55
ORD006620,2025-11-27,PROD020,WH001,19,19,97797.43
ORD006621,2025-11-28,PROD001,WH001,7,7,246493.54
ORD006622,2025-11-28,PROD002,WH001,9,9,408534.66
ORD006623,2025-11-28,PROD003,WH002,17,17,121617.47
ORD006624,2025-11-28,PROD004,WH002,14,14,58291.05
ORD006625,2025-11-28,PROD005,WH003,29,29,39279.31
ORD006626,2025-11-28,PROD006,WH003,13,13,160117.68
ORD006627,2025-11-28,PROD007,WH003,16,16,48744.15
ORD006628,2025-11-28,PROD008,WH003,33,33,24482.29
ORD006629,2025-11-28,PROD009,WH004,24,24,17451.34
ORD006630,2025-11-28,PROD010,WH001,39,39,12066.82
ORD006631,2025-11-28,PROD011,WH001,92,92,4876.1
ORD006632,2025-11-28,PROD012,WH001,502,281,29492.08
ORD006633,2025-11-28,PROD013,WH004,148,148,2516.63
ORD006634,2025-11-28,PROD014,WH004,114,114,3466.0
ORD006635,2025-11-28,PROD015,WH004,37,37,21040.5
ORD006636,2025-11-28,PROD016,WH004,10,10,34611.0
ORD006637,2025-11-28,PROD017,WH003,49,49,13737.01
ORD006638,2025-11-28,PROD018,WH003,40,40,38451.41
ORD006639,2025-11-28,PROD019,WH001,3,3,194401.02
ORD006640,2025-11-28,PROD020,WH001,16,16,98196.16
ORD006641,2025-11-29,PROD001,WH001,7,7,235352.28
ORD006642,2025-11-29,PROD002,WH001,4,4,417364.0
ORD006643,2025-11-29,PROD003,WH002,18,18,123656.67
ORD006644,2025-11-29,PROD004,WH002,32,32,58042.39
ORD006645,2025-11-29,PROD005,WH003,42,42,40585.49
ORD006646,2025-11-29,PROD006,WH003,14,14,163969.73
ORD006647,2025-11-29,PROD007,WH003,18,18,46934.87
ORD006648,2025-11-29,PROD008,WH003,18,18,25269.19
ORD006649,2025-11-29,PROD009,WH004,29,29,17323.5
ORD006650,2025-11-29,PROD010,WH001,56,56,11649.21
ORD006651,2025-11-29,PROD011,WH001,85,85,5018.77
ORD006652,2025-11-29,PROD012,WH001,29,29,29944.93
ORD006653,2025-11-29,PROD013,WH004,55,55,2463.94
ORD006654,2025-11-29,PROD014,WH004,61,61,3428.82
ORD006655,2025-11-29,PROD015,WH004,46,46,20606.93
ORD006656,2025-11-29,PROD016,WH004,20,20,34458.95
ORD006657,2025-11-29,PROD017,WH003,56,56,13529.32
ORD006658,2025-11-29,PROD018,WH003,28,28,39097.03
ORD006659,2025-11-29,PROD019,WH001,8,8,187072.83
ORD006660,2025-11-29,PROD020,WH001,18,18,102741.43
ORD006661,2025-11-30,PROD001,WH001,6,6,240217.58
ORD006662,2025-11-30,PROD002,WH001,7,7,401292.25
ORD006663,2025-11-30,PROD003,WH002,14,14,122361.34
ORD006664,2025-11-30,PROD004,WH002,24,24,58377.82
ORD006665,2025-11-30,PROD005,WH003,13,13,40795.41
ORD006666,2025-11-30,PROD006,WH003,8,8,167452.34
ORD006667,2025-11-30,PROD007,WH003,16,16,48448.21
ORD006668,2025-11-30,PROD008,WH003,34,34,24508.16
ORD006669,2025-11-30,PROD009,WH004,32,32,16600.51
ORD006670,2025-11-30,PROD010,WH001,61,61,11640.18
ORD006671,2025-11-30,PROD011,WH001,57,57,4880.54
ORD006672,2025-11-30,PROD012,WH001,25,25,30479.46
ORD006673,2025-11-30,PROD013,WH004,121,121,2559.29
ORD006674,2025-11-30,PROD014,WH004,126,126,3445.47
ORD006675,2025-11-30,PROD015,WH004,27,27,21371.57
ORD006676,2025-11-30,PROD016,WH004,20,20,33385.65
ORD006677,2025-11-30,PROD017,WH003,53,53,13296.91
ORD006678,2025-11-30,PROD018,WH003,57,57,37371.08
ORD006679,2025-11-30,PROD019,WH001,5,5,184889.72
ORD006680,2025-11-30,PROD020,WH001,11,11,98164.37
ORD006681,2025-12-01,PROD001,WH001,5,5,238179.02
ORD006682,2025-12-01,PROD002,WH001,6,6,407674.55
ORD006683,2025-12-01,PROD003,WH002,19,19,123571.0
ORD006684,2025-12-01,PROD004,WH002,17,17,58051.24
ORD006685,2025-12-01,PROD005,WH003,23,23,39707.2
ORD006686,2025-12-01,PROD006,WH003,8,8,169656.61
ORD006687,2025-12-01,PROD007,WH003,24,24,48885.17
ORD006688,2025-12-01,PROD008,WH003,21,21,25646.47
ORD006689,2025-12-01,PROD009,WH004,28,28,17058.58
ORD006690,2025-12-01,PROD010,WH001,34,34,12128.4
ORD006691,2025-12-01,PROD011,WH001,69,69,4900.0
ORD006692,2025-12-01,PROD012,WH001,29,29,30455.01
ORD006693,2025-12-01,PROD013,WH004,111,111,2460.4
ORD006694,2025-12-01,PROD014,WH004,74,74,3425.62
ORD006695,2025-12-01,PROD015,WH004,34,34,20422.74
ORD006696,2025-12-01,PROD016,WH004,20,20,33943.35
ORD006697,2025-12-01,PROD017,WH003,45,45,13327.3
ORD006698,2025-12-01,PROD018,WH003,47,47,39109.74
ORD006699,2025-12-01,PROD019,WH001,5,5,187148.11
ORD006700,2025-12-01,PROD020,WH001,9,9,102199.26
ORD006701,2025-12-02,PROD001,WH001,6,6,237356.72
ORD006702,2025-12-02,PROD002,WH001,4,4,416128.52
ORD006703,2025-12-02,PROD003,WH002,18,18,126198.81
ORD006704,2025-12-02,PROD004,WH002,35,35,58215.01
ORD006705,2025-12-02,PROD005,WH003,23,23,39800.38
ORD006706,2025-12-02,PROD006,WH003,12,12,166693.94
ORD006707,2025-12-02,PROD007,WH003,21,21,47732.96
ORD006708,2025-12-02,PROD008,WH003,25,25,25072.15
ORD006709,2025-12-02,PROD009,WH004,22,22,17091.6
ORD006710,2025-12-02,PROD010,WH001,38,38,11832.5
ORD006711,2025-12-02,PROD011,WH001,55,55,4951.92
ORD006712,2025-12-02,PROD012,WH001,19,19,29132.49
ORD006713,2025-12-02,PROD013,WH004,92,92,2552.82
ORD006714,2025-12-02,PROD014,WH004,76,76,3553.76
ORD006715,2025-12-02,PROD015,WH004,34,34,20601.25
ORD006716,2025-12-02,PROD016,WH004,16,16,33718.58
ORD006717,2025-12-02,PROD017,WH003,34,34,13436.07
ORD006718,2025-12-02,PROD018,WH003,37,37,37622.38
ORD006719,2025-12-02,PROD019,WH001,10,10,193399.97
ORD006720,2025-12-02,PROD020,WH001,10,10,101352.52
ORD006721,2025-12-03,PROD001,WH001,5,5,243847.09
ORD006722,2025-12-03,PROD002,WH001,5,5,419941.6
ORD006723,2025-12-03,PROD003,WH002,12,12,125713.63
ORD006724,2025-12-03,PROD004,WH002,31,31,58398.58
ORD006725,2025-12-03,PROD005,WH003,21,21,40532.64
ORD006726,2025-12-03,PROD006,WH003,11,11,166794.2
ORD006727,2025-12-03,PROD007,WH003,20,20,49065.06
ORD006728,2025-12-03,PROD008,WH003,20,20,25405.3
ORD006729,2025-12-03,PROD009,WH004,27,27,16612.87
ORD006730,2025-12-03,PROD010,WH001,48,48,12308.42
ORD006731,2025-12-03,PROD011,WH001,106,106,5054.93
ORD006732,2025-12-03,PROD012,WH001,32,32,29328.86
ORD006733,2025-12-03,PROD013,WH004,110,110,2540.8
ORD006734,2025-12-03,PROD014,WH004,54,54,3470.27
ORD006735,2025-12-03,PROD015,WH004,42,42,21385.53
ORD006736,2025-12-03,PROD016,WH004,22,22,34929.03
ORD006737,2025-12-03,PROD017,WH003,25,25,13301.75
ORD006738,2025-12-03,PROD018,WH003,36,36,38814.9
ORD006739,2025-12-03,PROD019,WH001,6,6,193118.6
ORD006740,2025-12-03,PROD020,WH001,12,12,101027.11
ORD006741,2025-12-04,PROD001,WH001,6,6,238342.86
ORD006742,2025-12-04,PROD002,WH001,4,4,400402.61
ORD006743,2025-12-04,PROD003,WH002,14,14,124879.23
ORD006744,2025-12-04,PROD004,WH002,24,24,56627.72
ORD006745,2025-12-04,PROD005,WH003,25,25,40000.35
ORD006746,2025-12-04,PROD006,WH003,12,12,168170.9
ORD006747,2025-12-04,PROD007,WH003,13,13,49433.2
ORD006748,2025-12-04,PROD008,WH003,27,27,24547.01
ORD006749,2025-12-04,PROD009,WH004,31,31,16702.02
ORD006750,2025-12-04,PROD010,WH001,24,24,12223.84
ORD006751,2025-12-04,PROD011,WH001,120,120,4990.72
ORD006752,2025-12-04,PROD012,WH001,26,26,30748.45
ORD006753,2025-12-04,PROD013,WH004,81,81,2540.35
ORD006754,2025-12-04,PROD014,WH004,62,62,3549.65
ORD006755,2025-12-04,PROD015,WH004,32,32,20498.46
ORD006756,2025-12-04,PROD016,WH004,18,18,33053.19
ORD006757,2025-12-04,PROD017,WH003,39,39,13351.58
ORD006758,2025-12-04,PROD018,WH003,32,32,37355.44
ORD006759,2025-12-04,PROD019,WH001,10,10,192420.32
ORD006760,2025-12-04,PROD020,WH001,15,15,99704.4
ORD006761,2025-12-05,PROD001,WH001,42,28,240333.31
ORD006762,2025-12-05,PROD002,WH001,6,6,417718.04
ORD006763,2025-12-05,PROD003,WH002,14,14,124838.79
ORD006764,2025-12-05,PROD004,WH002,21,21,58156.34
ORD006765,2025-12-05,PROD005,WH003,17,17,40821.57
ORD006766,2025-12-05,PROD006,WH003,7,7,164320.22
ORD006767,2025-12-05,PROD007,WH003,16,16,46799.4
ORD006768,2025-12-05,PROD008,WH003,31,31,25032.56
ORD006769,2025-12-05,PROD009,WH004,33,33,17080.95
ORD006770,2025-12-05,PROD010,WH001,61,61,12008.49
ORD006771,2025-12-05,PROD011,WH001,60,60,4927.41
ORD006772,2025-12-05,PROD012,WH001,48,48,29502.64
ORD006773,2025-12-05,PROD013,WH004,117,117,2480.46
ORD006774,2025-12-05,PROD014,WH004,79,79,3429.91
ORD006775,2025-12-05,PROD015,WH004,32,32,21209.19
ORD006776,2025-12-05,PROD016,WH004,9,9,34233.94
ORD006777,2025-12-05,PROD017,WH003,26,26,13607.24
ORD006778,2025-12-05,PROD018,WH003,30,30,37372.54
ORD006779,2025-12-05,PROD019,WH001,11,11,187110.43
ORD006780,2025-12-05,PROD020,WH001,10,10,101724.34
ORD006781,2025-12-06,PROD001,WH001,10,10,242737.61
ORD006782,2025-12-06,PROD002,WH001,5,5,419229.42
ORD006783,2025-12-06,PROD003,WH002,15,15,124276.29
ORD006784,2025-12-06,PROD004,WH002,20,20,58164.7
ORD006785,2025-12-06,PROD005,WH003,20,20,40573.07
ORD006786,2025-12-06,PROD006,WH003,13,13,169694.13
ORD006787,2025-12-06,PROD007,WH003,23,23,49410.14
ORD006788,2025-12-06,PROD008,WH003,318,178,25748.76
ORD006789,2025-12-06,PROD009,WH004,31,31,17398.34
ORD006790,2025-12-06,PROD010,WH001,39,39,12100.55
ORD006791,2025-12-06,PROD011,WH001,74,74,4852.09
ORD006792,2025-12-06,PROD012,WH001,16,16,30359.18
ORD006793,2025-12-06,PROD013,WH004,111,111,2460.79
ORD006794,2025-12-06,PROD014,WH004,58,58,3407.01
ORD006795,2025-12-06,PROD015,WH004,16,16,21248.45
ORD006796,2025-12-06,PROD016,WH004,209,141,34522.26
ORD006797,2025-12-06,PROD017,WH003,36,36,13629.14
ORD006798,2025-12-06,PROD018,WH003,31,31,37692.59
ORD006799,2025-12-06,PROD019,WH001,6,6,190125.45
ORD006800,2025-12-06,PROD020,WH001,10,10,102609.69
ORD006801,2025-12-07,PROD001,WH001,10,10,243306.4
ORD006802,2025-12-07,PROD002,WH001,5,5,410115.23
ORD006803,2025-12-07,PROD003,WH002,15,15,125700.87
ORD006804,2025-12-07,PROD004,WH002,22,22,59488.34
ORD006805,2025-12-07,PROD005,WH003,26,26,39745.08
ORD006806,2025-12-07,PROD006,WH003,7,7,161058.25
ORD006807,2025-12-07,PROD007,WH003,15,15,47498.38
ORD006808,2025-12-07,PROD008,WH003,26,26,24872.8
ORD006809,2025-12-07,PROD009,WH004,212,117,16768.42
ORD006810,2025-12-07,PROD010,WH001,41,41,12020.86
ORD006811,2025-12-07,PROD011,WH001,88,88,4941.46
ORD006812,2025-12-07,PROD012,WH001,14,14,29285.72
ORD006813,2025-12-07,PROD013,WH004,108,108,2453.21
ORD006814,2025-12-07,PROD014,WH004,96,96,3587.81
ORD006815,2025-12-07,PROD015,WH004,23,23,21163.29
ORD006816,2025-12-07,PROD016,WH004,30,30,33621.19
ORD006817,2025-12-07,PROD017,WH003,22,22,13392.2
ORD006818,2025-12-07,PROD018,WH003,38,38,37984.91
ORD006819,2025-12-07,PROD019,WH001,10,10,191973.68
ORD006820,2025-12-07,PROD020,WH001,12,12,100493.08
ORD006821,2025-12-08,PROD001,WH001,6,6,246230.85
ORD006822,2025-12-08,PROD002,WH001,5,5,413093.42
ORD006823,2025-12-08,PROD003,WH002,21,21,128080.94
ORD006824,2025-12-08,PROD004,WH002,22,22,56278.9
ORD006825,2025-12-08,PROD005,WH003,24,24,40937.34
ORD006826,2025-12-08,PROD006,WH003,8,8,167192.44
ORD006827,2025-12-08,PROD007,WH003,8,8,47055.92
ORD006828,2025-12-08,PROD008,WH003,28,28,24644.56
ORD006829,2025-12-08,PROD009,WH004,31,31,17043.67
ORD006830,2025-12-08,PROD010,WH001,49,49,11729.96
ORD006831,2025-12-08,PROD011,WH001,55,55,5085.61
ORD006832,2025-12-08,PROD012,WH001,24,24,30524.11
ORD006833,2025-12-08,PROD013,WH004,98,98,2470.14
ORD006834,2025-12-08,PROD014,WH004,74,74,3409.66
ORD006835,2025-12-08,PROD015,WH004,23,23,21615.95
ORD006836,2025-12-08,PROD016,WH004,21,21,33491.49
ORD006837,2025-12-08,PROD017,WH003,38,38,13149.72
ORD006838,2025-12-08,PROD018,WH003,40,40,37612.32
ORD006839,2025-12-08,PROD019,WH001,8,8,195346.64
ORD006840,2025-12-08,PROD020,WH001,12,12,101757.57
ORD006841,2025-12-09,PROD001,WH001,9,9,239716.8
ORD006842,2025-12-09,PROD002,WH001,8,8,405211.13
ORD006843,2025-12-09,PROD003,WH002,14,14,124424.8
ORD006844,2025-12-09,PROD004,WH002,20,20,56320.43
ORD006845,2025-12-09,PROD005,WH003,52,52,40524.09
ORD006846,2025-12-09,PROD006,WH003,9,9,161036.48
ORD006847,2025-12-09,PROD007,WH003,15,15,48054.83
ORD006848,2025-12-09,PROD008,WH003,34,34,25098.77
ORD006849,2025-12-09,PROD009,WH004,19,19,16491.72
ORD006850,2025-12-09,PROD010,WH001,1005,518,12345.51
ORD006851,2025-12-09,PROD011,WH001,60,60,4940.64
ORD006852,2025-12-09,PROD012,WH001,33,33,29239.0
ORD006853,2025-12-09,PROD013,WH004,93,93,2553.16
ORD006854,2025-12-09,PROD014,WH004,70,70,3426.91
ORD006855,2025-12-09,PROD015,WH004,39,39,20401.44
ORD006856,2025-12-09,PROD016,WH004,13,13,33989.17
ORD006857,2025-12-09,PROD017,WH003,72,72,13200.23
ORD006858,2025-12-09,PROD018,WH003,35,35,39099.92
ORD006859,2025-12-09,PROD019,WH001,7,7,184418.69
ORD006860,2025-12-09,PROD020,WH001,12,12,97307.18
ORD006861,2025-12-10,PROD001,WH001,7,7,244799.29
ORD006862,2025-12-10,PROD002,WH001,6,6,403597.89
ORD006863,2025-12-10,PROD003,WH002,19,19,128086.98
ORD006864,2025-12-10,PROD004,WH002,20,20,57342.76
ORD006865,2025-12-10,PROD005,WH003,26,26,38967.48
ORD006866,2025-12-10,PROD006,WH003,11,11,160154.86
ORD006867,2025-12-10,PROD007,WH003,18,18,47373.79
ORD006868,2025-12-10,PROD008,WH003,24,24,24960.6
ORD006869,2025-12-10,PROD009,WH004,42,42,16491.04
ORD006870,2025-12-10,PROD010,WH001,38,38,12058.4
ORD006871,2025-12-10,PROD011,WH001,83,83,4950.1
ORD006872,2025-12-10,PROD012,WH001,29,29,29802.28
ORD006873,2025-12-10,PROD013,WH004,114,114,2464.21
ORD006874,2025-12-10,PROD014,WH004,74,74,3506.1
ORD006875,2025-12-10,PROD015,WH004,41,41,20659.95
ORD006876,2025-12-10,PROD016,WH004,13,13,33255.04
ORD006877,2025-12-10,PROD017,WH003,46,46,13816.42
ORD006878,2025-12-10,PROD018,WH003,37,37,37750.47
ORD006879,2025-12-10,PROD019,WH001,10,10,185177.01
ORD006880,2025-12-10,PROD020,WH001,7,7,98381.94
ORD006881,2025-12-11,PROD001,WH001,7,7,237263.18
ORD006882,2025-12-11,PROD002,WH001,6,6,416633.3
ORD006883,2025-12-11,PROD003,WH002,13,13,121416.92
ORD006884,2025-12-11,PROD004,WH002,19,19,57924.31
ORD006885,2025-12-11,PROD005,WH003,20,20,39778.46
ORD006886,2025-12-11,PROD006,WH003,11,11,169637.16
ORD006887,2025-12-11,PROD007,WH003,11,11,47078.62
ORD006888,2025-12-11,PROD008,WH003,19,19,25191.81
ORD006889,2025-12-11,PROD009,WH004,20,20,16696.24
ORD006890,2025-12-11,PROD010,WH001,35,35,12034.86
ORD006891,2025-12-11,PROD011,WH001,86,86,5016.52
ORD006892,2025-12-11,PROD012,WH001,27,27,29235.62
ORD006893,2025-12-11,PROD013,WH004,1214,812,2493.47
ORD006894,2025-12-11,PROD014,WH004,86,86,3491.84
ORD006895,2025-12-11,PROD015,WH004,51,51,20772.11
ORD006896,2025-12-11,PROD016,WH004,23,23,33545.4
ORD006897,2025-12-11,PROD017,WH003,21,21,13276.68
ORD006898,2025-12-11,PROD018,WH003,38,38,36873.55
ORD006899,2025-12-11,PROD019,WH001,7,7,184320.71
ORD006900,2025-12-11,PROD020,WH001,24,24,100538.72
ORD006901,2025-12-12,PROD001,WH001,7,7,236997.08
ORD006902,2025-12-12,PROD002,WH001,3,3,401830.06
ORD006903,2025-12-12,PROD003,WH002,14,14,126385.51
ORD006904,2025-12-12,PROD004,WH002,21,21,58100.59
ORD006905,2025-12-12,PROD005,WH003,26,26,40995.9
ORD006906,2025-12-12,PROD006,WH003,6,6,168277.07
ORD006907,2025-12-12,PROD007,WH003,16,16,48652.98
ORD006908,2025-12-12,PROD008,WH003,30,30,24439.87
ORD006909,2025-12-12,PROD009,WH004,44,44,17169.41
ORD006910,2025-12-12,PROD010,WH001,47,47,12139.63
ORD006911,2025-12-12,PROD011,WH001,77,77,5079.0
ORD006912,2025-12-12,PROD012,WH001,25,25,29573.64
ORD006913,2025-12-12,PROD013,WH004,1293,705,2521.04
ORD006914,2025-12-12,PROD014,WH004,84,84,3524.84
ORD006915,2025-12-12,PROD015,WH004,35,35,20855.49
ORD006916,2025-12-12,PROD016,WH004,19,19,34333.55
ORD006917,2025-12-12,PROD017,WH003,36,36,13165.22
ORD006918,2025-12-12,PROD018,WH003,46,46,38327.19
ORD006919,2025-12-12,PROD019,WH001,8,8,191208.58
ORD006920,2025-12-12,PROD020,WH001,7,7,98263.75
ORD006921,2025-12-13,PROD001,WH001,10,10,244582.28
ORD006922,2025-12-13,PROD002,WH001,6,6,419210.58
ORD006923,2025-12-13,PROD003,WH002,5,5,122828.63
ORD006924,2025-12-13,PROD004,WH002,20,20,56524.34
ORD006925,2025-12-13,PROD005,WH003,42,42,40248.58
ORD006926,2025-12-13,PROD006,WH003,11,11,164801.18
ORD006927,2025-12-13,PROD007,WH003,22,22,47791.47
ORD006928,2025-12-13,PROD008,WH003,39,39,25391.51
ORD006929,2025-12-13,PROD009,WH004,41,41,17479.06
ORD006930,2025-12-13,PROD010,WH001,61,61,11983.92
ORD006931,2025-12-13,PROD011,WH001,50,50,4851.85
ORD006932,2025-12-13,PROD012,WH001,23,23,30173.28
ORD006933,2025-12-13,PROD013,WH004,79,79,2523.09
ORD006934,2025-12-13,PROD014,WH004,73,73,3568.88
ORD006935,2025-12-13,PROD015,WH004,46,46,20621.25
ORD006936,2025-12-13,PROD016,WH004,10,10,34049.63
ORD006937,2025-12-13,PROD017,WH003,41,41,13457.18
ORD006938,2025-12-13,PROD018,WH003,38,38,38374.92
ORD006939,2025-12-13,PROD019,WH001,9,9,185028.95
ORD006940,2025-12-13,PROD020,WH001,11,11,102304.08
ORD006941,2025-12-14,PROD001,WH001,5,5,240160.67
ORD006942,2025-12-14,PROD002,WH001,7,7,419275.32
ORD006943,2025-12-14,PROD003,WH002,8,8,123801.78
ORD006944,2025-12-14,PROD004,WH002,7,7,58534.26
ORD006945,2025-12-14,PROD005,WH003,34,34,41096.14
ORD006946,2025-12-14,PROD006,WH003,8,8,169389.45
ORD006947,2025-12-14,PROD007,WH003,18,18,49279.02
ORD006948,2025-12-14,PROD008,WH003,27,27,24314.42
ORD006949,2025-12-14,PROD009,WH004,46,46,16901.08
ORD006950,2025-12-14,PROD010,WH001,47,47,11683.76
ORD006951,2025-12-14,PROD011,WH001,85,85,4942.84
ORD006952,2025-12-14,PROD012,WH001,29,29,29414.24
ORD006953,2025-12-14,PROD013,WH004,85,85,2518.02
ORD006954,2025-12-14,PROD014,WH004,56,56,3558.96
ORD006955,2025-12-14,PROD015,WH004,38,38,21016.82
ORD006956,2025-12-14,PROD016,WH004,7,7,34602.77
ORD006957,2025-12-14,PROD017,WH003,64,64,13105.38
ORD006958,2025-12-14,PROD018,WH003,40,40,38730.69
ORD006959,2025-12-14,PROD019,WH001,6,6,186333.31
ORD006960,2025-12-14,PROD020,WH001,15,15,99765.62
ORD006961,2025-12-15,PROD001,WH001,7,7,239173.23
ORD006962,2025-12-15,PROD002,WH001,5,5,419179.63
ORD006963,2025-12-15,PROD003,WH002,13,13,128494.84
ORD006964,2025-12-15,PROD004,WH002,15,15,57147.82
ORD006965,2025-12-15,PROD005,WH003,19,19,38961.79
ORD006966,2025-12-15,PROD006,WH003,11,11,166490.17
ORD006967,2025-12-15,PROD007,WH003,25,25,48008.18
ORD006968,2025-12-15,PROD008,WH003,24,24,25098.56
ORD006969,2025-12-15,PROD009,WH004,27,27,16537.2
ORD006970,2025-12-15,PROD010,WH001,52,52,12198.22
ORD006971,2025-12-15,PROD011,WH001,48,48,4919.71
ORD006972,2025-12-15,PROD012,WH001,22,22,29702.89
ORD006973,2025-12-15,PROD013,WH004,62,62,2459.25
ORD006974,2025-12-15,PROD014,WH004,89,89,3593.65
ORD006975,2025-12-15,PROD015,WH004,40,40,20582.59
ORD006976,2025-12-15,PROD016,WH004,21,21,34473.93
ORD006977,2025-12-15,PROD017,WH003,35,35,13294.06
ORD006978,2025-12-15,PROD018,WH003,54,54,37828.82
ORD006979,2025-12-15,PROD019,WH001,8,8,195655.11
ORD006980,2025-12-15,PROD020,WH001,133,90,97603.46
ORD006981,2025-12-16,PROD001,WH001,9,9,245491.57
ORD006982,2025-12-16,PROD002,WH001,4,4,420972.83
ORD006983,2025-12-16,PROD003,WH002,19,19,126486.7
ORD006984,2025-12-16,PROD004,WH002,20,20,56294.67
ORD006985,2025-12-16,PROD005,WH003,26,26,40769.92
ORD006986,2025-12-16,PROD006,WH003,61,39,168784.49
ORD006987,2025-12-16,PROD007,WH003,15,15,49385.09
ORD006988,2025-12-16,PROD008,WH003,22,22,25508.97
ORD006989,2025-12-16,PROD009,WH004,35,35,16944.5
ORD006990,2025-12-16,PROD010,WH001,42,42,12135.83
ORD006991,2025-12-16,PROD011,WH001,142,142,4995.54
ORD006992,2025-12-16,PROD012,WH001,19,19,29735.43
ORD006993,2025-12-16,PROD013,WH004,144,144,2518.96
ORD006994,2025-12-16,PROD014,WH004,68,68,3556.66
ORD006995,2025-12-16,PROD015,WH004,28,28,21171.23
ORD006996,2025-12-16,PROD016,WH004,16,16,34666.22
ORD006997,2025-12-16,PROD017,WH003,23,23,13237.86
ORD006998,2025-12-16,PROD018,WH003,33,33,37712.02
ORD006999,2025-12-16,PROD019,WH001,9,9,187863.48
ORD007000,2025-12-16,PROD020,WH001,101,69,98164.76
ORD007001,2025-12-17,PROD001,WH001,4,4,239181.71
ORD007002,2025-12-17,PROD002,WH001,4,4,421017.67
ORD007003,2025-12-17,PROD003,WH002,17,17,125285.06
ORD007004,2025-12-17,PROD004,WH002,25,25,57256.69
ORD007005,2025-12-17,PROD005,WH003,33,33,39649.75
ORD007006,2025-12-17,PROD006,WH003,9,9,166119.45
ORD007007,2025-12-17,PROD007,WH003,22,22,47575.91
ORD007008,2025-12-17,PROD008,WH003,31,31,25057.52
ORD007009,2025-12-17,PROD009,WH004,24,24,16769.64
ORD007010,2025-12-17,PROD010,WH001,37,37,11889.07
ORD007011,2025-12-17,PROD011,WH001,103,103,5061.72
ORD007012,2025-12-17,PROD012,WH001,23,23,30152.31
ORD007013,2025-12-17,PROD013,WH004,124,124,2439.02
ORD007014,2025-12-17,PROD014,WH004,73,73,3599.37
ORD007015,2025-12-17,PROD015,WH004,35,35,20432.16
ORD007016,2025-12-17,PROD016,WH004,26,26,33149.2
ORD007017,2025-12-17,PROD017,WH003,35,35,13663.12
ORD007018,2025-12-17,PROD018,WH003,42,42,38474.28
ORD007019,2025-12-17,PROD019,WH001,5,5,184515.87
ORD007020,2025-12-17,PROD020,WH001,15,15,100856.52
ORD007021,2025-12-18,PROD001,WH001,4,4,233278.94
ORD007022,2025-12-18,PROD002,WH001,4,4,421334.94
ORD007023,2025-12-18,PROD003,WH002,11,11,126471.07
ORD007024,2025-12-18,PROD004,WH002,28,28,56909.29
ORD007025,2025-12-18,PROD005,WH003,18,18,39179.45
ORD007026,2025-12-18,PROD006,WH003,11,11,165689.66
ORD007027,2025-12-18,PROD007,WH003,15,15,48384.53
ORD007028,2025-12-18,PROD008,WH003,28,28,25496.86
ORD007029,2025-12-18,PROD009,WH004,50,50,17411.39
ORD007030,2025-12-18,PROD010,WH001,36,36,11922.62
ORD007031,2025-12-18,PROD011,WH001,83,83,5103.23
ORD007032,2025-12-18,PROD012,WH001,33,33,30076.28
ORD007033,2025-12-18,PROD013,WH004,93,93,2495.59
ORD007034,2025-12-18,PROD014,WH004,99,99,3541.78
ORD007035,2025-12-18,PROD015,WH004,24,24,20500.03
ORD007036,2025-12-18,PROD016,WH004,27,27,33521.39
ORD007037,2025-12-18,PROD017,WH003,33,33,13756.58
ORD007038,2025-12-18,PROD018,WH003,36,36,38009.3
ORD007039,2025-12-18,PROD019,WH001,7,7,194651.7
ORD007040,2025-12-18,PROD020,WH001,12,12,97532.22
ORD007041,2025-12-19,PROD001,WH001,9,9,237313.14
ORD007042,2025-12-19,PROD002,WH001,7,7,406446.53
ORD007043,2025-12-19,PROD003,WH002,17,17,124420.4
ORD007044,2025-12-19,PROD004,WH002,20,20,59694.13
ORD007045,2025-12-19,PROD005,WH003,17,17,39545.59
ORD007046,2025-12-19,PROD006,WH003,12,12,165184.96
ORD007047,2025-12-19,PROD007,WH003,19,19,48103.89
ORD007048,2025-12-19,PROD008,WH003,28,28,25406.2
ORD007049,2025-12-19,PROD009,WH004,40,40,17018.23
ORD007050,2025-12-19,PROD010,WH001,42,42,12076.13
ORD007051,2025-12-19,PROD011,WH001,73,73,5076.0
ORD007052,2025-12-19,PROD012,WH001,34,34,29282.04
ORD007053,2025-12-19,PROD013,WH004,95,95,2569.52
ORD007054,2025-12-19,PROD014,WH004,86,86,3572.72
ORD007055,2025-12-19,PROD015,WH004,36,36,20859.85
ORD007056,2025-12-19,PROD016,WH004,24,24,34465.97
ORD007057,2025-12-19,PROD017,WH003,36,36,13712.48
ORD007058,2025-12-19,PROD018,WH003,41,41,38798.56
ORD007059,2025-12-19,PROD019,WH001,6,6,186446.81
ORD007060,2025-12-19,PROD020,WH001,10,10,101222.22
ORD007061,2025-12-20,PROD001,WH001,10,10,233280.1
ORD007062,2025-12-20,PROD002,WH001,6,6,400543.25
ORD007063,2025-12-20,PROD003,WH002,12,12,127070.5
ORD007064,2025-12-20,PROD004,WH002,22,22,59089.25
ORD007065,2025-12-20,PROD005,WH003,18,18,40221.85
ORD007066,2025-12-20,PROD006,WH003,4,4,165808.69
ORD007067,2025-12-20,PROD007,WH003,22,22,48718.59
ORD007068,2025-12-20,PROD008,WH003,23,23,25609.13
ORD007069,2025-12-20,PROD009,WH004,24,24,16919.54
ORD007070,2025-12-20,PROD010,WH001,45,45,11722.67
ORD007071,2025-12-20,PROD011,WH001,72,72,5101.7
ORD007072,2025-12-20,PROD012,WH001,323,218,29714.96
ORD007073,2025-12-20,PROD013,WH004,92,92,2445.07
ORD007074,2025-12-20,PROD014,WH004,68,68,3524.07
ORD007075,2025-12-20,PROD015,WH004,20,20,21098.39
ORD007076,2025-12-20,PROD016,WH004,21,21,33947.46
ORD007077,2025-12-20,PROD017,WH003,49,49,13791.44
ORD007078,2025-12-20,PROD018,WH003,36,36,37480.67
ORD007079,2025-12-20,PROD019,WH001,9,9,184450.88
ORD007080,2025-12-20,PROD020,WH001,10,10,98940.81
ORD007081,2025-12-21,PROD001,WH001,10,10,232939.77
ORD007082,2025-12-21,PROD002,WH001,10,10,411072.34
ORD007083,2025-12-21,PROD003,WH002,11,11,124086.86
ORD007084,2025-12-21,PROD004,WH002,13,13,59092.52
ORD007085,2025-12-21,PROD005,WH003,23,23,40714.2
ORD007086,2025-12-21,PROD006,WH003,12,12,164352.92
ORD007087,2025-12-21,PROD007,WH003,24,24,47183.48
ORD007088,2025-12-21,PROD008,WH003,46,46,24883.64
ORD007089,2025-12-21,PROD009,WH004,36,36,17144.14
ORD007090,2025-12-21,PROD010,WH001,61,61,11776.95
ORD007091,2025-12-21,PROD011,WH001,72,72,5081.91
ORD007092,2025-12-21,PROD012,WH001,368,192,29695.01
ORD007093,2025-12-21,PROD013,WH004,95,95,2564.83
ORD007094,2025-12-21,PROD014,WH004,56,56,3502.49
ORD007095,2025-12-21,PROD015,WH004,24,24,21437.38
ORD007096,2025-12-21,PROD016,WH004,11,11,34236.42
ORD007097,2025-12-21,PROD017,WH003,25,25,13544.23
ORD007098,2025-12-21,PROD018,WH003,44,44,38415.26
ORD007099,2025-12-21,PROD019,WH001,6,6,193551.0
ORD007100,2025-12-21,PROD020,WH001,12,12,100867.05
ORD007101,2025-12-22,PROD001,WH001,7,7,244280.27
ORD007102,2025-12-22,PROD002,WH001,7,7,402385.44
ORD007103,2025-12-22,PROD003,WH002,16,16,123331.37
ORD007104,2025-12-22,PROD004,WH002,24,24,57059.44
ORD007105,2025-12-22,PROD005,WH003,245,198,40715.93
ORD007106,2025-12-22,PROD006,WH003,13,13,160902.67
ORD007107,2025-12-22,PROD007,WH003,17,17,48852.09
ORD007108,2025-12-22,PROD008,WH003,28,28,24833.56
ORD007109,2025-12-22,PROD009,WH004,40,40,16571.1
ORD007110,2025-12-22,PROD010,WH001,61,61,11945.59
ORD007111,2025-12-22,PROD011,WH001,54,54,4940.15
ORD007112,2025-12-22,PROD012,WH001,20,20,30165.51
ORD007113,2025-12-22,PROD013,WH004,128,128,2495.88
ORD007114,2025-12-22,PROD014,WH004,64,64,3457.32
ORD007115,2025-12-22,PROD015,WH004,34,34,21456.46
ORD007116,2025-12-22,PROD016,WH004,15,15,33809.92
ORD007117,2025-12-22,PROD017,WH003,36,36,13476.26
ORD007118,2025-12-22,PROD018,WH003,45,45,38790.31
ORD007119,2025-12-22,PROD019,WH001,7,7,185315.25
ORD007120,2025-12-22,PROD020,WH001,9,9,99339.36
ORD007121,2025-12-23,PROD001,WH001,10,10,238601.14
ORD007122,2025-12-23,PROD002,WH001,6,6,409897.31
ORD007123,2025-12-23,PROD003,WH002,22,22,122045.9
ORD007124,2025-12-23,PROD004,WH002,24,24,56617.26
ORD007125,2025-12-23,PROD005,WH003,30,30,39799.4
ORD007126,2025-12-23,PROD006,WH003,9,9,160376.99
ORD007127,2025-12-23,PROD007,WH003,24,24,47294.35
ORD007128,2025-12-23,PROD008,WH003,33,33,24551.77
ORD007129,2025-12-23,PROD009,WH004,27,27,16989.17
ORD007130,2025-12-23,PROD010,WH001,52,52,11648.03
ORD007131,2025-12-23,PROD011,WH001,91,91,5052.72
ORD007132,2025-12-23,PROD012,WH001,20,20,30640.06
ORD007133,2025-12-23,PROD013,WH004,96,96,2531.01
ORD007134,2025-12-23,PROD014,WH004,62,62,3566.8
ORD007135,2025-12-23,PROD015,WH004,34,34,21180.58
ORD007136,2025-12-23,PROD016,WH004,21,21,34015.03
ORD007137,2025-12-23,PROD017,WH003,37,37,13272.41
ORD007138,2025-12-23,PROD018,WH003,42,42,37497.55
ORD007139,2025-12-23,PROD019,WH001,9,9,187921.87
ORD007140,2025-12-23,PROD020,WH001,14,14,97228.11
ORD007141,2025-12-24,PROD001,WH001,4,4,245948.48
ORD007142,2025-12-24,PROD002,WH001,8,8,419847.45
ORD007143,2025-12-24,PROD003,WH002,18,18,122058.33
ORD007144,2025-12-24,PROD004,WH002,22,22,58197.29
ORD007145,2025-12-24,PROD005,WH003,35,35,39922.34
ORD007146,2025-12-24,PROD006,WH003,125,73,166815.8
ORD007147,2025-12-24,PROD007,WH003,27,27,48296.69
ORD007148,2025-12-24,PROD008,WH003,45,45,24436.48
ORD007149,2025-12-24,PROD009,WH004,35,35,17163.28
ORD007150,2025-12-24,PROD010,WH001,67,67,12078.39
ORD007151,2025-12-24,PROD011,WH001,78,78,5009.37
ORD007152,2025-12-24,PROD012,WH001,18,18,29824.33
ORD007153,2025-12-24,PROD013,WH004,105,105,2568.24
ORD007154,2025-12-24,PROD014,WH004,70,70,3573.38
ORD007155,2025-12-24,PROD015,WH004,29,29,21107.21
ORD007156,2025-12-24,PROD016,WH004,28,28,32993.01
ORD007157,2025-12-24,PROD017,WH003,41,41,13445.02
ORD007158,2025-12-24,PROD018,WH003,38,38,38456.77
ORD007159,2025-12-24,PROD019,WH001,8,8,185637.15
ORD007160,2025-12-24,PROD020,WH001,12,12,99439.3
ORD007161,2025-12-25,PROD001,WH001,6,6,235560.84
ORD007162,2025-12-25,PROD002,WH001,6,6,406018.32
ORD007163,2025-12-25,PROD003,WH002,10,10,121450.02
ORD007164,2025-12-25,PROD004,WH002,24,24,56701.03
ORD007165,2025-12-25,PROD005,WH003,35,35,39891.42
ORD007166,2025-12-25,PROD006,WH003,9,9,168942.08
ORD007167,2025-12-25,PROD007,WH003,17,17,47972.88
ORD007168,2025-12-25,PROD008,WH003,33,33,24929.62
ORD007169,2025-12-25,PROD009,WH004,39,39,17293.32
ORD007170,2025-12-25,PROD010,WH001,37,37,11832.84
ORD007171,2025-12-25,PROD011,WH001,76,76,4878.52
ORD007172,2025-12-25,PROD012,WH001,33,33,29477.23
ORD007173,2025-12-25,PROD013,WH004,122,122,2543.7
ORD007174,2025-12-25,PROD014,WH004,75,75,3537.18
ORD007175,2025-12-25,PROD015,WH004,34,34,20485.33
ORD007176,2025-12-25,PROD016,WH004,25,25,34340.87
ORD007177,2025-12-25,PROD017,WH003,38,38,13849.56
ORD007178,2025-12-25,PROD018,WH003,29,29,36962.5
ORD007179,2025-12-25,PROD019,WH001,9,9,191327.17
ORD007180,2025-12-25,PROD020,WH001,13,13,99274.99
ORD007181,2025-12-26,PROD001,WH001,8,8,240014.85
ORD007182,2025-12-26,PROD002,WH001,8,8,410693.2
ORD007183,2025-12-26,PROD003,WH002,10,10,127032.85
ORD007184,2025-12-26,PROD004,WH002,18,18,58198.4
ORD007185,2025-12-26,PROD005,WH003,23,23,40223.41
ORD007186,2025-12-26,PROD006,WH003,7,7,163345.83
ORD007187,2025-12-26,PROD007,WH003,21,21,46922.72
ORD007188,2025-12-26,PROD008,WH003,26,26,25274.1
ORD007189,2025-12-26,PROD009,WH004,40,40,16490.49
ORD007190,2025-12-26,PROD010,WH001,29,29,11876.68
ORD007191,2025-12-26,PROD011,WH001,100,100,4915.41
ORD007192,2025-12-26,PROD012,WH001,28,28,29799.36
ORD007193,2025-12-26,PROD013,WH004,73,73,2471.69
ORD007194,2025-12-26,PROD014,WH004,57,57,3542.89
ORD007195,2025-12-26,PROD015,WH004,30,30,20697.86
ORD007196,2025-12-26,PROD016,WH004,17,17,34123.93
ORD007197,2025-12-26,PROD017,WH003,39,39,13464.17
ORD007198,2025-12-26,PROD018,WH003,36,36,38686.41
ORD007199,2025-12-26,PROD019,WH001,7,7,189180.25
ORD007200,2025-12-26,PROD020,WH001,12,12,102183.26
ORD007201,2025-12-27,PROD001,WH001,9,9,232802.1
ORD007202,2025-12-27,PROD002,WH001,5,5,412578.97
ORD007203,2025-12-27,PROD003,WH002,12,12,121323.55
ORD007204,2025-12-27,PROD004,WH002,22,22,58744.49
ORD007205,2025-12-27,PROD005,WH003,24,24,39363.81
ORD007206,2025-12-27,PROD006,WH003,13,13,163811.81
ORD007207,2025-12-27,PROD007,WH003,16,16,47655.66
ORD007208,2025-12-27,PROD008,WH003,19,19,25519.63
ORD007209,2025-12-27,PROD009,WH004,49,49,16594.13
ORD007210,2025-12-27,PROD010,WH001,19,19,12120.17
ORD007211,2025-12-27,PROD011,WH001,81,81,5144.38
ORD007212,2025-12-27,PROD012,WH001,25,25,29140.29
ORD007213,2025-12-27,PROD013,WH004,107,107,2569.88
ORD007214,2025-12-27,PROD014,WH004,77,77,3398.86
ORD007215,2025-12-27,PROD015,WH004,48,48,21429.85
ORD007216,2025-12-27,PROD016,WH004,15,15,34940.94
ORD007217,2025-12-27,PROD017,WH003,70,70,13899.35
ORD007218,2025-12-27,PROD018,WH003,44,44,37906.8
ORD007219,2025-12-27,PROD019,WH001,7,7,194183.32
ORD007220,2025-12-27,PROD020,WH001,10,10,97734.04
ORD007221,2025-12-28,PROD001,WH001,8,8,238925.53
ORD007222,2025-12-28,PROD002,WH001,2,2,405276.18
ORD007223,2025-12-28,PROD003,WH002,13,13,124213.83
ORD007224,2025-12-28,PROD004,WH002,19,19,58702.89
ORD007225,2025-12-28,PROD005,WH003,10,10,39009.95
ORD007226,2025-12-28,PROD006,WH003,14,14,169931.82
ORD007227,2025-12-28,PROD007,WH003,17,17,48388.99
ORD007228,2025-12-28,PROD008,WH003,41,41,25560.28
ORD007229,2025-12-28,PROD009,WH004,35,35,17336.29
ORD007230,2025-12-28,PROD010,WH001,44,44,12191.52
ORD007231,2025-12-28,PROD011,WH001,55,55,4861.77
ORD007232,2025-12-28,PROD012,WH001,20,20,30029.64
ORD007233,2025-12-28,PROD013,WH004,129,129,2474.22
ORD007234,2025-12-28,PROD014,WH004,89,89,3418.72
ORD007235,2025-12-28,PROD015,WH004,36,36,20802.17
ORD007236,2025-12-28,PROD016,WH004,15,15,34295.4
ORD007237,2025-12-28,PROD017,WH003,47,47,13281.81
ORD007238,2025-12-28,PROD018,WH003,38,38,37873.68
ORD007239,2025-12-28,PROD019,WH001,8,8,188911.23
ORD007240,2025-12-28,PROD020,WH001,24,24,97314.78
ORD007241,2025-12-29,PROD001,WH001,7,7,241844.39
ORD007242,2025-12-29,PROD002,WH001,7,7,412923.63
ORD007243,2025-12-29,PROD003,WH002,8,8,128498.11
ORD007244,2025-12-29,PROD004,WH002,8,8,57297.06
ORD007245,2025-12-29,PROD005,WH003,30,30,39805.48
ORD007246,2025-12-29,PROD006,WH003,12,12,164046.01
ORD007247,2025-12-29,PROD007,WH003,15,15,49208.86
ORD007248,2025-12-29,PROD008,WH003,31,31,24862.97
ORD007249,2025-12-29,PROD009,WH004,36,36,16941.62
ORD007250,2025-12-29,PROD010,WH001,55,55,11821.69
ORD007251,2025-12-29,PROD011,WH001,92,92,4850.35
ORD007252,2025-12-29,PROD012,WH001,23,23,29298.81
ORD007253,2025-12-29,PROD013,WH004,146,146,2530.58
ORD007254,2025-12-29,PROD014,WH004,72,72,3538.32
ORD007255,2025-12-29,PROD015,WH004,35,35,20776.39
ORD007256,2025-12-29,PROD016,WH004,14,14,33944.93
ORD007257,2025-12-29,PROD017,WH003,42,42,13335.88
ORD007258,2025-12-29,PROD018,WH003,8,8,38526.49
ORD007259,2025-12-29,PROD019,WH001,8,8,193904.49
ORD007260,2025-12-29,PROD020,WH001,16,16,102394.63
ORD007261,2025-12-30,PROD001,WH001,8,8,235303.75
ORD007262,2025-12-30,PROD002,WH001,7,7,414797.41
ORD007263,2025-12-30,PROD003,WH002,13,13,128472.54
ORD007264,2025-12-30,PROD004,WH002,16,16,58524.13
ORD007265,2025-12-30,PROD005,WH003,27,27,39642.34
ORD007266,2025-12-30,PROD006,WH003,11,11,166345.87
ORD007267,2025-12-30,PROD007,WH003,27,27,48542.67
ORD007268,2025-12-30,PROD008,WH003,31,31,24845.57
ORD007269,2025-12-30,PROD009,WH004,49,49,16596.07
ORD007270,2025-12-30,PROD010,WH001,42,42,12076.8
ORD007271,2025-12-30,PROD011,WH001,105,105,5090.64
ORD007272,2025-12-30,PROD012,WH001,19,19,30895.64
ORD007273,2025-12-30,PROD013,WH004,105,105,2458.46
ORD007274,2025-12-30,PROD014,WH004,96,96,3542.08
ORD007275,2025-12-30,PROD015,WH004,9,9,20405.33
ORD007276,2025-12-30,PROD016,WH004,14,14,34958.44
ORD007277,2025-12-30,PROD017,WH003,45,45,13105.18
ORD007278,2025-12-30,PROD018,WH003,35,35,37678.05
ORD007279,2025-12-30,PROD019,WH001,10,10,185170.99
ORD007280,2025-12-30,PROD020,WH001,9,9,100725.81
ORD007281,2025-12-31,PROD001,WH001,7,7,237688.8
ORD007282,2025-12-31,PROD002,WH001,109,63,415730.42
ORD007283,2025-12-31,PROD003,WH002,14,14,124897.84
ORD007284,2025-12-31,PROD004,WH002,26,26,57719.52
ORD007285,2025-12-31,PROD005,WH003,29,29,39636.44
ORD007286,2025-12-31,PROD006,WH003,8,8,160902.68
ORD007287,2025-12-31,PROD007,WH003,13,13,47149.9
ORD007288,2025-12-31,PROD008,WH003,178,102,25208.65
ORD007289,2025-12-31,PROD009,WH004,47,47,16996.69
ORD007290,2025-12-31,PROD010,WH001,39,39,11690.46
ORD007291,2025-12-31,PROD011,WH001,72,72,5013.19
ORD007292,2025-12-31,PROD012,WH001,43,43,29197.46
ORD007293,2025-12-31,PROD013,WH004,145,145,2501.76
ORD007294,2025-12-31,PROD014,WH004,77,77,3597.64
ORD007295,2025-12-31,PROD015,WH004,22,22,20757.25
ORD007296,2025-12-31,PROD016,WH004,8,8,34455.95
ORD007297,2025-12-31,PROD017,WH003,31,31,13698.9
ORD007298,2025-12-31,PROD018,WH003,58,58,37783.08
ORD007299,2025-12-31,PROD019,WH001,8,8,191063.53
ORD007300,2025-12-31,PROD020,WH001,10,10,99832.28
